rank	openalex_id	year	doi	title	venue	type	abstract
1	W2096449544	2005	https://doi.org/10.1145/1064978.1065036	DART	ACM SIGPLAN Notices	article	We present a new tool, named DART, for automatically testing software that combines three main techniques: (1) automated extraction of the interface of a program with its external environment using static source-code parsing; (2) automatic generation of a test driver for this interface that performs random testing to simulate the most general environment the program can operate in; and (3) dynamic analysis of how the program behaves under random testing and automatic generation of new test inputs to direct systematically the execution along alternative program paths. Together, these three techniques constitute Directed Automated Random Testing , or DART for short. The main strength of DART is thus that testing can be performed completely automatically on any program that compiles -- there is no need to write any test driver or harness code. During testing, DART detects standard errors such as program crashes, assertion violations, and non-termination. Preliminary experiments to unit test several examples of C programs are very encouraging.
2	W2009489720	2005	https://doi.org/10.1145/1081706.1081750	CUTE		conference-paper	In unit testing, a program is decomposed into units which are collections of functions. A part of unit can be tested by generating inputs for a single entry function. The entry function may contain pointer arguments, in which case the inputs to the unit are memory graphs. The paper addresses the problem of automating unit testing with memory graphs as inputs. The approach used builds on previous work combining symbolic and concrete execution, and more specifically, using such a combination to generate test inputs to explore all feasible execution paths. The current work develops a method to represent and track constraints that capture the behavior of a symbolic execution of a unit with memory graphs as inputs. Moreover, an efficient constraint solver is proposed to facilitate incremental generation of such test inputs. Finally, CUTE, a tool implementing the method is described together with the results of applying CUTE to real-world examples of C code.
3	W4237492309	2005	https://doi.org/10.1145/1065010.1065036	DART		conference-paper	We present a new tool, named DART, for automatically testing software that combines three main techniques: (1) automated extraction of the interface of a program with its external environment using static source-code parsing; (2) automatic generation of a test driver for this interface that performs random testing to simulate the most general environment the program can operate in; and (3) dynamic analysis of how the program behaves under random testing and automatic generation of new test inputs to direct systematically the execution along alternative program paths. Together, these three techniques constitute Directed Automated Random Testing, or DART for short. The main strength of DART is thus that testing can be performed completely automatically on any program that compiles -- there is no need to write any test driver or harness code. During testing, DART detects standard errors such as program crashes, assertion violations, and non-termination. Preliminary experiments to unit test several examples of C programs are very encouraging.
4	W2114275288	2011	https://doi.org/10.1145/2046707.2046779	Android permissions demystified		conference-paper	Android provides third-party applications with an extensive API that includes access to phone hardware, settings, and user data. Access to privacy- and security-relevant parts of the API is controlled with an install-time application permission system. We study Android applications to determine whether Android developers follow least privilege with their permission requests. We built Stowaway, a tool that detects overprivilege in compiled Android applications. Stowaway determines the set of API calls that an application uses and then maps those API calls to permissions. We used automated testing tools on the Android API in order to build the permission map that is necessary for detecting overprivilege. We apply Stowaway to a set of 940 applications and find that about one-third are overprivileged. We investigate the causes of overprivilege and find evidence that developers are trying to follow least privilege but sometimes fail due to insufficient API documentation.
5	W1577404745	2007	https://doi.org/10.1007/s10009-007-0044-z	The software model checker Blast	International Journal on Software Tools for Technology Transfer	article	
6	W1720848645	2003	https://doi.org/10.1007/3-540-36577-x_40	Generalized Symbolic Execution for Model Checking and Testing	Lecture notes in computer science	conference-paper	
7	W2171683519	2004	https://doi.org/10.1145/1007512.1007526	Test input generation with java PathFinder		conference-paper	We show how model checking and symbolic execution can be used to generate test inputs to achieve structural coverage of code that manipulates complex data structures. We focus on obtaining branch-coverage during unit testing of some of the core methods of the red-black tree implementation in the Java TreeMap library, using the Java PathFinder model checker. Three different test generation techniques will be introduced and compared, namely, straight model checking of the code, model checking used in a black-box fashion to generate all inputs up to a fixed size, and lastly, model checking used during white-box test input generation. The main contribution of this work is to show how efficient white-box test input generation can be done for code manipulating complex data, taking into account complex method preconditions.
8	W2065948900	2008	https://doi.org/10.1145/1375581.1375607	Grammar-based whitebox fuzzing		conference-paper	Whitebox fuzzing is a form of automatic dynamic test generation, based on symbolic execution and constraint solving, designed for security testing of large applications. Unfortunately, the current effectiveness of whitebox fuzzing is limited when testing applications with highly-structured inputs, such as compilers and interpreters. These applications process their inputs in stages, such as lexing, parsing and evaluation. Due to the enormous number of control paths in early processing stages, whitebox fuzzing rarely reaches parts of the application beyond those first stages.
9	W2172260321	2004	https://doi.org/10.1002/spe.602	JCrasher: an automatic robustness tester for Java	Software Practice and Experience	article	Abstract JCrasher is an automatic robustness testing tool for Java code. JCrasher examines the type information of a set of Java classes and constructs code fragments that will create instances of different types to test the behavior of public methods under random data. JCrasher attempts to detect bugs by causing the program under test to ‘crash’, that is, to throw an undeclared runtime exception. Although in general the random testing approach has many limitations, it also has the advantage of being completely automatic: o supervision is required except for off‐line inspection of the test ases that have caused a crash. Compared to other similar commercial and research tools, JCrasher offers several novelties: it transitively analyzes methods, determines the size of each tested method's parameter‐space and selects parameter combinations and therefore test cases at random, taking into account the time allocated for testing; it defines heuristics for determining whether a Java exception should be considered as a program bug or whether the JCrasher supplied inputs have violated the code's preconditions; it includes support for efficiently undoing all the state changes introduced by previous tests; it produces test files for JUnit, a popular Java testing tool; and it can be integrated in the Eclipse IDE. Copyright © 2004 John Wiley &amp; Sons, Ltd.
10	W2133612077	2007	https://doi.org/10.1145/1190215.1190226	Compositional dynamic test generation	ACM SIGPLAN Notices	article	Dynamic test generation is a form of dynamic program analysis that attempts to compute test inputs to drive a program along a specific program path. Directed Automated Random Testing, or DART for short, blends dynamic test generation with model checking techniques with the goal of systematically executing all feasible program paths of a program while detecting various types of errors using run-time checking tools (like Purify, for instance). Unfortunately, systematically executing all feasible program paths does not scale to large, realistic programs.This paper addresses this major limitation and proposes to perform dynamic test generation compositionally , by adapting known techniques for interprocedural static analysis. Specifically, we introduce a new algorithm, dubbed SMART for Systematic Modular Automated Random Testing , that extends DART by testing functions in isolation, encoding test results as function summaries expressed using input preconditions and output postconditions, and then re-using those summaries when testing higher-level functions. We show that, for a fixed reasoning capability, our compositional approach to dynamic test generation (SMART) is both sound and complete compared to monolithic dynamic test generation (DART). In other words, SMART can perform dynamic test generation compositionally without any reduction in program path coverage. We also show that, given a bound on the maximum number of feasible paths in individual program functions, the number of program executions explored by SMART is linear in that bound, while the number of program executions explored by DART can be exponential in that bound. We present examples of C programs and preliminary experimental results that illustrate and validate empirically these properties.
11	W2082274331	2004	https://doi.org/10.1145/1007512.1007528	Evolutionary testing of classes		conference-paper	Object oriented programming promotes reuse of classes in multiple contexts. Thus, a class is designed and implemented with several usage scenarios in mind, some of which possibly open and generic. Correspondingly, the unit testing of classes cannot make too strict assumptions on the actual method invocation sequences, since these vary from application to application.In this paper, a genetic algorithm is exploited to automatically produce test cases for the unit testing of classes in a generic usage scenario. Test cases are described by chromosomes, which include information on which objects to create, which methods to invoke and which values to use as inputs. The proposed algorithm mutates them with the aim of maximizing a given coverage measure. The implementation of the algorithm and its application to classes from the Java standard library are described.
12	W4246385123	2007	https://doi.org/10.1145/1190216.1190226	Compositional dynamic test generation		conference-paper	Dynamic test generation is a form of dynamic program analysis that attempts to compute test inputs to drive a program along a specific program path. Directed Automated Random Testing, or DART for short, blends dynamic test generation with model checking techniques with the goal of systematically executing all feasible program paths of a program while detecting various types of errors using run-time checking tools (like Purify, for instance). Unfortunately, systematically executing all feasible program paths does not scale to large, realistic programs.This paper addresses this major limitation and proposes to perform dynamic test generation compositionally, by adapting known techniques for interprocedural static analysis. Specifically, we introduce a new algorithm, dubbed SMART for Systematic Modular Automated Random Testing, that extends DART by testing functions in isolation, encoding test results as function summaries expressed using input preconditions and output postconditions, and then re-using those summaries when testing higher-level functions. We show that, for a fixed reasoning capability, our compositional approach to dynamic test generation (SMART) is both sound and complete compared to monolithic dynamic test generation (DART). In other words, SMART can perform dynamic test generation compositionally without any reduction in program path coverage. We also show that, given a bound on the maximum number of feasible paths in individual program functions, the number of program executions explored by SMART is linear in that bound, while the number of program executions explored by DART can be exponential in that bound. We present examples of C programs and preliminary experimental results that illustrate and validate empirically these properties.
13	W4234542549	2005	https://doi.org/10.1145/1095430.1081750	CUTE	ACM SIGSOFT Software Engineering Notes	article	In unit testing , a program is decomposed into units which are collections of functions. A part of unit can be tested by generating inputs for a single entry function. The entry function may contain pointer arguments, in which case the inputs to the unit are memory graphs . The paper addresses the problem of automating unit testing with memory graphs as inputs. The approach used builds on previous work combining symbolic and concrete execution , and more specifically, using such a combination to generate test inputs to explore all feasible execution paths. The current work develops a method to represent and track constraints that capture the behavior of a symbolic execution of a unit with memory graphs as inputs. Moreover, an efficient constraint solver is proposed to facilitate incremental generation of such test inputs. Finally, CUTE, a tool implementing the method is described together with the results of applying CUTE to real-world examples of C code.
14	W2137839528	2006	https://doi.org/10.1109/tse.2006.105	Statistical Debugging: A Hypothesis Testing-Based Approach	IEEE Transactions on Software Engineering	article	"Manual debugging is tedious, as well as costly. The high cost has motivated the development of fault localization techniques, which help developers search for fault locations. In this paper, we propose a new statistical method, called SOBER, which automatically localizes software faults without any prior knowledge of the program semantics. Unlike existing statistical approaches that select predicates correlated with program failures, SOBER models the predicate evaluation in both correct and incorrect executions and regards a predicate as fault-relevant if its evaluation pattern in incorrect executions significantly diverges from that in correct ones. Featuring a rationale similar to that of hypothesis testing, SOBER quantifies the fault relevance of each predicate in a principled way. We systematically evaluate SOBER under the same setting as previous studies. The result clearly demonstrates the effectiveness: SOBER could help developers locate 68 out of the 130 faults in the Siemens suite by examining no more than 10 percent of the code, whereas the cause transition approach proposed by Holger et al. [2005] and the statistical approach by Liblit et al. [2005] locate 34 and 52 faults, respectively. Moreover, the effectiveness of SOBER is also evaluated in an ""imperfect world"", where the test suite is either inadequate or only partially labeled. The experiments indicate that SOBER could achieve competitive quality under these harsh circumstances. Two case studies with grep 2.2 and bc 1.06 are reported, which shed light on the applicability of SOBER on reasonably large programs"
15	W1845288303	2005	https://doi.org/10.1007/978-3-540-31980-1_24	Symstra: A Framework for Generating Object-Oriented Unit Tests Using Symbolic Execution	Lecture notes in computer science	conference-paper	
16	W2117058582	2005	https://doi.org/10.1007/11537328_2	Execution Generated Test Cases: How to Make Systems Code Crash Itself	Lecture notes in computer science	conference-paper	
17	W2147002252	2014	https://doi.org/10.1145/2685612	A Large-Scale Evaluation of Automated Unit Test Generation Using EvoSuite	ACM Transactions on Software Engineering and Methodology	article	Research on software testing produces many innovative automated techniques, but because software testing is by necessity incomplete and approximate, any new technique faces the challenge of an empirical assessment. In the past, we have demonstrated scientific advance in automated unit test generation with the E VO S UITE tool by evaluating it on manually selected open-source projects or examples that represent a particular problem addressed by the underlying technique. However, demonstrating scientific advance is not necessarily the same as demonstrating practical value; even if VO S UITE worked well on the software projects we selected for evaluation, it might not scale up to the complexity of real systems. Ideally, one would use large “real-world” software systems to minimize the threats to external validity when evaluating research tools. However, neither choosing such software systems nor applying research prototypes to them are trivial tasks. In this article we present the results of a large experiment in unit test generation using the VO S UITE tool on 100 randomly chosen open-source projects, the 10 most popular open-source projects according to the SourceForge Web site, seven industrial projects, and 11 automatically generated software projects. The study confirms that VO S UITE can achieve good levels of branch coverage (on average, 71% per class) in practice. However, the study also exemplifies how the choice of software systems for an empirical study can influence the results of the experiments, which can serve to inform researchers to make more conscious choices in the selection of software system subjects. Furthermore, our experiments demonstrate how practical limitations interfere with scientific advances, branch coverage on an unbiased sample is affected by predominant environmental dependencies. The surprisingly large effect of such practical engineering problems in unit testing will hopefully lead to a larger appreciation of work in this area, thus supporting transfer of knowledge from software testing research to practice.
18	W2082172430	2009	https://doi.org/10.1007/s10009-009-0118-1	A survey of new trends in symbolic execution for software testing and analysis	International Journal on Software Tools for Technology Transfer	article	
19	W2159933174	2007	https://doi.org/10.1145/1287624.1287651	Automated testing of refactoring engines		conference-paper	Refactorings are behavior-preserving program transformations that improve the design of a program. Refactoring engines are tools that automate the application of refactorings: first the user chooses a refactoring to apply, then the engine checks if the transformation is safe, and if so, transforms the program. Refactoring engines are a key component of modern IDEs, and programmers rely on them to perform refactorings. A bug in the refactoring engine can have severe consequences as it can erroneously change large bodies of source code.
20	W2133900335	2005	https://doi.org/10.1145/1081706.1081749	Parameterized unit tests		conference-paper	Parameterized unit tests extend the current industry practice of using closed unit tests defined as parameterless methods. Parameterized unit tests separate two concerns: 1) They specify the external behavior of the involved methods for all test arguments. 2) Test cases can be re-obtained as traditional closed unit tests by instantiating the parameterized unit tests. Symbolic execution and constraint solving can be used to automatically choose a minimal set of inputs that exercise a parameterized unit test with respect to possible code paths of the implementation. In addition, parameterized unit tests can be used as symbolic summaries which allows symbolic execution to scale for arbitrary abstraction levels. We have developed a prototype tool which computes test cases from parameterized unit tests. We report on its first use testing parts of the .NET base class library.
21	W2147650421	2008	https://doi.org/10.1145/1375581.1375624	Full functional verification of linked data structures		conference-paper	We present the first verification of full functional correctness for a range of linked data structure implementations, including mutable lists, trees, graphs, and hash tables. Specifically, we present the use of the Jahob verification system to verify formal specifications, written in classical higher-order logic, that completely capture the desired behavior of the Java data structure implementations (with the exception of properties involving execution time and/or memory consumption). Given that the desired correctness properties include intractable constructs such as quantifiers, transitive closure, and lambda abstraction, it is a challenge to successfully prove the generated verification conditions.
22	W2157083801	2008	https://doi.org/10.1145/1368088.1368099	ARTOO		conference-paper	"Intuition is often not a good guide to know which testing strategies will work best. There is no substitute for experimental analysis based on objective criteria: how many faults a strategy finds, and how fast. ""Random"" testing is an example of an idea that intuitively seems simplistic or even dumb, but when assessed through such criteria can yield better results than seemingly smarter strategies. The efficiency of random testing is improved if the generated inputs are evenly spread across the input domain. This is the idea of Adaptive Random Testing (ART)."
23	W1500987966	2005	https://doi.org/10.1007/978-3-540-30579-8_14	Purity and Side Effect Analysis for Java Programs	Lecture notes in computer science	conference-paper	
24	W2152949134	2004	https://doi.org/10.1023/b:ause.0000038938.10589.b9	TestEra: Specification-Based Testing of Java Programs Using SAT	Automated Software Engineering	article	
25	W2095907349	2012	https://doi.org/10.1145/2187671.2187678	Behavioral interface specification languages	ACM Computing Surveys	article	Behavioral interface specification languages provide formal code-level annotations, such as preconditions, postconditions, invariants, and assertions that allow programmers to express the intended behavior of program modules. Such specifications are useful for precisely documenting program behavior, for guiding implementation, and for facilitating agreement between teams of programmers in modular development of software. When used in conjunction with automated analysis and program verification tools, such specifications can support detection of common code vulnerabilities, capture of light-weight application-specific semantic properties, generation of test cases and test oracles, and full formal program verification. This article surveys behavioral interface specification languages with a focus toward automatic program verification and with a view towards aiding the Verified Software Initiative—a fifteen-year, cooperative, international project directed at the scientific challenges of large-scale software verification.
26	W2012997183	2006	https://doi.org/10.1145/1146238.1146243	Test input generation for java containers using state matching		conference-paper	The popularity of object-oriented programming has led to the wide use of container libraries. It is important for the reliability of these containers that they are tested adequately. We describe techniques for automated test input generation of Java container classes. Test inputs are sequences of method calls from the container interface. The techniques rely on state matching to avoid generation of redundant tests. Exhaustive techniques use model checking with explicit or symbolic execution to explore all the possible test sequences up to predefined input sizes. Lossy techniques rely on abstraction mappings to compute and store abstract versions of the concrete states; they explore underapproximations of all the possible test sequences.We have implemented the techniques on top of the Java PathFinder model checker and we evaluate them using four Java container classes. We compare state matching based techniques and random selection for generating test inputs, in terms of testing coverage. We consider basic block coverage and a form of predicate coverage - that measures whether all combinations of a predetermined set of predicates are covered at each basic block. The exhaustive techniques can easily obtain basic block coverage, but cannot obtain good predicate coverage before running out of memory. On the other hand, abstract matching turns out to be a powerful approach for generating test inputs to obtain high predicate coverage. Random selection performed well except on the examples that contained complex input spaces, where the lossy abstraction techniques performed better.
27	W2123356060	2007	https://doi.org/10.1109/tse.2007.18	Improving Fault Detection Capability by Selectively Retaining Test Cases during Test Suite Reduction	IEEE Transactions on Software Engineering	article	Software testing is a critical part of software development. As new test cases are generated over time due to software modifications, test suite sizes may grow significantly. Because of time and resource constraints for testing, test suite minimization techniques are needed to remove those test cases from a suite that, due to code modifications over time, have become redundant with respect to the coverage of testing requirements for which they were generated. Prior work has shown that test suite minimization with respect to a given testing criterion can significantly diminish the fault detection effectiveness (FDE) of suites. We present a new approach for test suite reduction that attempts to use additional coverage information of test cases to selectively keep some additional test cases in the reduced suites that are redundant with respect to the testing criteria used for suite minimization, with the goal of improving the FDE retention of the reduced suites. We implemented our approach by modifying an existing heuristic for test suite minimization. Our experiments show that our approach can significantly improve the FDE of reduced test suites without severely affecting the extent of suite size reduction
28	W2118155805	2010	https://doi.org/10.1145/1806799.1806835	Test generation through programming in UDITA		conference-paper	We present an approach for describing tests using non-deterministic test generation programs. To write such programs, we introduce UDITA, a Java-based language with non-deterministic choice operators and an interface for generating linked structures. We also describe new algorithms that generate concrete tests by efficiently exploring the space of all executions of non-deterministic UDITA programs.
29	W2169063148	2010	https://doi.org/10.1145/1831708.1831732	Parallel symbolic execution for structural test generation		conference-paper	Symbolic execution is a popular technique for automatically generating test cases achieving high structural coverage. Symbolic execution suffers from scalability issues since the number of symbolic paths that need to be explored is very large (or even infinite) for most realistic programs. To address this problem, we propose a technique, Simple Static Partitioning, for parallelizing symbolic execution. The technique uses a set of pre-conditions to partition the symbolic execution tree, allowing us to effectively distribute symbolic execution and decrease the time needed to explore the symbolic execution tree. The proposed technique requires little communication between parallel instances and is designed to work with a variety of architectures, ranging from fast multi-core machines to cloud or grid computing environments. We implement our technique in the Java PathFinder verification tool-set and evaluate it on six case studies with respect to the performance improvement when exploring a finite symbolic execution tree and performing automatic test generation.
30	W2026947155	2011	https://doi.org/10.1145/1960275.1960284	Reducing combinatorics in testing product lines		conference-paper	A Software Product Line (SPL) is a family of programs where each program is defined by a unique combination of features. Testing or checking properties of an SPL is hard as it may require the examination of a combinatorial number of programs. In reality, however, features are often irrelevant for a given test - they augment, but do not change, existing behavior, making many feature combinations unnecessary as far as testing is concerned. In this paper we show how to reduce the amount of effort in testing an SPL. We represent an SPL in a form where conventional static program analysis techniques can be applied to find irrelevant features for a test. We use this information to reduce the combinatorial number of SPL programs to examine.
31	W2105983962	2013	https://doi.org/10.1145/2491411.2491438	KATCH: high-coverage testing of software patches		conference-paper	One of the distinguishing characteristics of software systems is that they evolve: new patches are committed to software repositories and new versions are released to users on a continuous basis. Unfortunately, many of these changes bring unexpected bugs that break the stability of the system or affect its security. In this paper, we address this problem using a technique for automatically testing code patches. Our technique combines symbolic execution with several novel heuristics based on static and dynamic program analysis which allow it to quickly reach the code of the patch. We have implemented our approach in a tool called KATCH, which we have applied to all the patches written in a combined period of approximately six years for nineteen mature programs from the popular GNU diffutils, GNU binutils and GNU findutils utility suites, which are shipped with virtually all UNIX-based distributions. Our results show that KATCH can automatically synthesise inputs that significantly increase the patch coverage achieved by the existing manual test suites, and find bugs at the moment they are introduced.
32	W4232884709	2008	https://doi.org/10.1145/1379022.1375607	Grammar-based whitebox fuzzing	ACM SIGPLAN Notices	article	Whitebox fuzzing is a form of automatic dynamic test generation, based on symbolic execution and constraint solving, designed for security testing of large applications. Unfortunately, the current effectiveness of whitebox fuzzing is limited when testing applications with highly-structured inputs, such as compilers and interpreters. These applications process their inputs in stages, such as lexing, parsing and evaluation. Due to the enormous number of control paths in early processing stages, whitebox fuzzing rarely reaches parts of the application beyond those first stages. In this paper, we study how to enhance whitebox fuzzing of complex structured-input applications with a grammar-based specification of their valid inputs. We present a novel dynamic test generation algorithm where symbolic execution directly generates grammar-based constraints whose satisfiability is checked using a custom grammar-based constraint solver. We have implemented this algorithm and evaluated it on a large security-critical application, the JavaScript interpreter of Internet Explorer 7 (IE7). Results of our experiments show that grammar-based whitebox fuzzing explores deeper program paths and avoids dead-ends due to non-parsable inputs. Compared to regular whitebox fuzzing, grammar-based whitebox fuzzing increased coverage of the code generation module of the IE7 JavaScript interpreter from 53% to 81% while using three times fewer tests.
33	W2024442685	2008	https://doi.org/10.1145/1348250.1348254	DSD-Crasher	ACM Transactions on Software Engineering and Methodology	article	DSD-Crasher is a bug finding tool that follows a three-step approach to program analysis: D. Capture the program's intended execution behavior with dynamic invariant detection. The derived invariants exclude many unwanted values from the program's input domain. S. Statically analyze the program within the restricted input domain to explore many paths. D. Automatically generate test cases that focus on reproducing the predictions of the static analysis. Thereby confirmed results are feasible. This three-step approach yields benefits compared to past two-step combinations in the literature. In our evaluation with third-party applications, we demonstrate higher precision over tools that lack a dynamic step and higher efficiency over tools that lack a static step.
34	W2157195454	2009	https://doi.org/10.1109/tse.2009.68	Generating Event Sequence-Based Test Cases Using GUI Runtime State Feedback	IEEE Transactions on Software Engineering	article	This paper presents a fully automatic model-driven technique to generate test cases for graphical user interfaces (GUIs)-based applications. The technique uses feedback from the execution of a ¿seed test suite,¿ which is generated automatically using an existing structural event interaction graph model of the GUI. During its execution, the runtime effect of each GUI event on all other events pinpoints event semantic interaction (ESI) relationships, which are used to automatically generate new test cases. Two studies on eight applications demonstrate that the feedback-based technique 1) is able to significantly improve existing techniques and helps identify serious problems in the software and 2) the ESI relationships captured via GUI state yield test suites that most often detect more faults than their code, event, and event-interaction-coverage equivalent counterparts.
35	W2105899810	2006	https://doi.org/10.1145/1146238.1146266	Inference and enforcement of data structure consistency specifications		conference-paper	"Corrupt data structures are an important cause of unacceptable program execution. Data structure repair (which eliminates inconsistencies by updating corrupt data structures to conform to consistency constraints) promises to enable many programs to continue to execute acceptably in the face of otherwise fatal data structure corruption errors. A key issue is obtaining an accurate and comprehensive data structure consistency specification. We present a new technique for obtaining data structure consistency specifications for data structure repair. Instead of requiring the developer to manually generate such specifications, our approach automatically generates candidate data structure consistency properties using the Daikon invariant detection tool. The developer then reviews these properties, potentially rejecting or generalizing overly specific properties to obtain a specification suitable for automatic enforcement via data structure repair. We have implemented this approach and applied it to three sizable benchmark programs: CTAS (an air-traffic control system), BIND (a widely-used Internet name server) and Freeciv (an interactive game). Our results indicate that (1) automatic constraint generation produces constraints that enable programs to execute successfully through data structure consistency errors, (2) compared to manual specification, automatic generation can produce more comprehensive sets of constraints that cover a larger range of data structure consistency properties, and (3) reviewing the properties is relatively straightforward and requires substantially less programmer effort than manual generation, primarily because it reduces the need to examine the program text to understand its operation and extract the relevant consistency constraints. Moreover, when evaluated by a hostile third party ""Red Team"" contracted to evaluate the effectiveness of the technique, our data structure inference and enforcement tools successfully prevented several otherwise fatal attacks."
36	W2155233265	2011	https://doi.org/10.1145/2001420.2001463	Combined static and dynamic automated test generation		conference-paper	In an object-oriented program, a unit test often consists of a sequence of method calls that create and mutate objects, then use them as arguments to a method under test. It is challenging to automatically generate sequences that are legal and behaviorally-diverse, that is, reaching as many different program states as possible.
37	W2091385303	2013	https://doi.org/10.1145/2509136.2509555	Synthesis modulo recursive functions		conference-paper	We describe techniques for synthesis and verification of recursive functional programs over unbounded domains. Our techniques build on top of an algorithm for satisfiability modulo recursive functions, a framework for deductive synthesis, and complete synthesis procedures for algebraic data types. We present new counterexample-guided algorithms for constructing verified programs. We have implemented these algorithms in an integrated environment for interactive verification and synthesis from relational specifications. Our system was able to synthesize a number of useful recursive functions that manipulate unbounded numbers and data structures.
38	W2162315884	2010	https://doi.org/10.1145/1706299.1706325	Decision procedures for algebraic data types with abstractions		conference-paper	We describe a family of decision procedures that extend the decision procedure for quantifier-free constraints on recursive algebraic data types (term algebras) to support recursive abstraction functions. Our abstraction functions are catamorphisms (term algebra homomorphisms) mapping algebraic data type values into values in other decidable theories (e.g. sets, multisets, lists, integers, booleans). Each instance of our decision procedure family is sound; we identify a widely applicable many-to-one condition on abstraction functions that implies the completeness. Complete instances of our decision procedure include the following correctness statements: 1) a functional data structure implementation satisfies a recursively specified invariant, 2) such data structure conforms to a contract given in terms of sets, multisets, lists, sizes, or heights, 3) a transformation of a formula (or lambda term) abstract syntax tree changes the set of free variables in the specified way.
39	W2112447468	2006	https://doi.org/10.1145/1146238.1146251	Modular verification of code with SAT		conference-paper	An approach is described for checking the methods of a class against a full specification. It shares with traditional model checking the idea of exhausting the entire space of executions within some finite bounds, and with traditional verification the idea of modular analysis, in which a method is analyzed, in isolation, for all possible calling contexts.The analysis involves an automatic two-phase reduction: first, to an intermediate form in relational logic (using a new encoding described here), and second, to a boolean formula (using existing techniques), which is then handed to an off the shelf SAT solver.A variety of implementations of the Java Collections Framework's List interface were checked against existing JML specifications. The analysis revealed bugs in the implementations, as well as errors in the specifications themselves.
40	W2004248182	2013	https://doi.org/10.1145/2491411.2491459	SPLat: lightweight dynamic analysis for reducing combinatorics in testing configurable systems		conference-paper	Many programs can be configured through dynamic and/or static selection of configuration variables. A software product line (SPL), for example, specifies a family of programs where each program is defined by a unique combination of features. Systematically testing SPL programs is expensive as it can require running each test against a combinatorial number of configurations. Fortunately, a test is often independent of many configuration variables and need not be run against every combination. Configurations that are not required for a test can be pruned from execution. This paper presents SPLat, a new way to dynamically prune irrelevant configurations: the configurations to run for a test can be determined during test execution by monitoring accesses to configuration variables. SPLat achieves an optimal reduction in the number of configurations and is lightweight compared to prior work that used static analysis and heavyweight dynamic execution. Experimental results on 10 SPLs written in Java show that SPLat substantially reduces the total test execution time in many cases. Moreover, we demonstrate the scalability of SPLat by applying it to a large industrial code base written in Ruby on Rails.
41	W1487851792	2009	https://doi.org/10.1007/978-3-642-02408-5_11	Automatic Model Generation Strategies for Model Transformation Testing	Lecture notes in computer science	conference-paper	
42	W1988537734	2010	https://doi.org/10.1145/1831708.1831712	Analysis of invariants for efficient bounded verification		conference-paper	SAT-based bounded verification of annotated code consists of translating the code together with the annotations to a propositional formula, and analyzing the formula for specification violations using a SAT-solver. If a violation is found, an execution trace exposing the error is exhibited. Code involving linked data structures with intricate invariants is particularly hard to analyze using these techniques.
43	W2530895108	2017	https://doi.org/10.1145/3062341.3062379	Skeletal program enumeration for rigorous compiler testing		conference-paper	A program can be viewed as a syntactic structure P (syntactic skeleton) parameterized by a collection of identifiers V (variable names). This paper introduces the skeletal program enumeration (SPE) problem: Given a syntactic skeleton P and a set of variables V , enumerate a set of programs P exhibiting all possible variable usage patterns within P. It proposes an effective realization of SPE for systematic, rigorous compiler testing by leveraging three important observations: (1) Programs with different variable usage patterns exhibit diverse control- and data-dependence, and help exploit different compiler optimizations; (2) most real compiler bugs were revealed by small tests (i.e., small-sized P) — this “small-scope” observation opens up SPE for practical compiler validation; and (3) SPE is exhaustive w.r.t. a given syntactic skeleton and variable set, offering a level of guarantee absent from all existing compiler testing techniques.
44	W2962200727	2019	https://doi.org/10.1145/3293882.3339002	JQF: coverage-guided property-based testing in Java		conference-paper	We present JQF, a platform for performing coverage-guided fuzz testing in Java. JQF is designed both for practitioners, who wish to find bugs in Java programs, as well as for researchers, who wish to implement new fuzzing algorithms.
45	W2106468386	2011	https://doi.org/10.1145/2048066.2048082	PREFAIL		conference-paper	"As hardware failures are no longer rare in the era of cloud computing, cloud software systems must ""prevail"" against multiple, diverse failures that are likely to occur. Testing software against multiple failures poses the problem of combinatorial explosion of multiple failures. To address this problem, we present PreFail, a programmable failure-injection tool that enables testers to write a wide range of policies to prune down the large space of multiple failures. We integrate PreFail to three cloud software systems (HDFS, Cassandra, and ZooKeeper), show a wide variety of useful pruning policies that we can write for them, and evaluate the speed-ups in testing time that we obtain by using the policies. In our experiments, our testing approach with appropriate policies found all the bugs that one can find using exhaustive testing while spending 10X--200X less time than exhaustive testing."
46	W2109998301	2011	https://doi.org/10.1145/2048066.2048083	Synthesizing method sequences for high-coverage testing		conference-paper	High-coverage testing is challenging. Modern object-oriented programs present additional challenges for testing. One key difficulty is the generation of proper method sequences to construct desired objects as method parameters. In this paper, we cast the problem as an instance of program synthesis that automatically generates candidate programs to satisfy a user-specified intent. In our setting, candidate programs are method sequences, and desired object states specify an intent. Automatic generation of desired method sequences is difficult due to its large search space---sequences often involve methods from multiple classes and require specific primitive values. This paper introduces a novel approach, called Seeker, to intelligently navigate the large search space. Seeker synergistically combines static and dynamic analyses: (1) dynamic analysis generates method sequences to cover branches; (2) static analysis uses dynamic analysis information for not-covered branches to generate candidate sequences; and (3) dynamic analysis explores and eliminates statically generated sequences. For evaluation, we have implemented Seeker and demonstrate its effectiveness on four subject applications totalling 28K LOC. We show that Seeker achieves higher branch coverage and def-use coverage than existing state-of-the-art approaches. We also show that Seeker detects 34 new defects missed by existing tools.
47	W2115261880	2012	https://doi.org/10.1145/2103621.2103675	Constraints as control	ACM SIGPLAN Notices	article	We present an extension of Scala that supports constraint programming over bounded and unbounded domains. The resulting language, Kaplan, provides the benefits of constraint programming while preserving the existing features of Scala. Kaplan integrates constraint and imperative programming by using constraints as an advanced control structure; the developers use the monadic 'for' construct to iterate over the solutions of constraints or branch on the existence of a solution. The constructs we introduce have simple semantics that can be understood as explicit enumeration of values, but are implemented more efficiently using symbolic reasoning. Kaplan programs can manipulate constraints at run-time, with the combined benefits of type-safe syntax trees and first-class functions. The language of constraints is a functional subset of Scala, supporting arbitrary recursive function definitions over algebraic data types, sets, maps, and integers. Our implementation runs on a platform combining a constraint solver with a standard virtual machine. For constraint solving we use an algorithm that handles recursive function definitions through fair function unrolling and builds upon the state-of-the art SMT solver Z3. We evaluate Kaplan on examples ranging from enumeration of data structures to execution of declarative specifications. We found Kaplan promising because it is expressive, supporting a range of problem domains, while enabling full-speed execution of programs that do not rely on constraint programming.
48	W3148956615	2012	https://doi.org/10.1109/icse.2012.6227157	Amplifying tests to validate exception handling code		conference-paper	Validating code handling exceptional behavior is difficult, particularly when dealing with external resources that may be noisy and unreliable, as it requires: 1) the systematic exploration of the space of exceptions that may be thrown by the external resources, and 2) the setup of the context to trigger specific patterns of exceptions. In this work we present an approach that addresses those difficulties by performing an exhaustive amplification of the space of exceptional behavior associated with an external resource that is exercised by a test suite. Each amplification attempts to expose a program exception handling construct to new behavior by mocking an external resource so that it returns normally or throws an exception following a predefined pattern. Our assessment of the approach indicates that it can be fully automated, is powerful enough to detect 65% of the faults reported in the bug reports of this kind, and is precise enough that 77% of the detected anomalies correspond to faults fixed by the developers.
49	W2082334237	2012	https://doi.org/10.1145/2103621.2103691	Run your research	ACM SIGPLAN Notices	article	Formal models serve in many roles in the programming language community. In its primary role, a model communicates the idea of a language design; the architecture of a language tool; or the essence of a program analysis. No matter which role it plays, however, a faulty model doesn't serve its purpose. One way to eliminate flaws from a model is to write it down in a mechanized formal language. It is then possible to state theorems about the model, to prove them, and to check the proofs. Over the past nine years, PLT has developed and explored a lightweight version of this approach, dubbed Redex. In a nutshell, Redex is a domain-specific language for semantic models that is embedded in the Racket programming language. The effort of creating a model in Redex is often no more burdensome than typesetting it with LaTeX; the difference is that Redex comes with tools for the semantics engineering life cycle.
50	W2735077751	2017	https://doi.org/10.1145/3092703.3092715	Combining symbolic execution and search-based testing for programs with complex heap inputs		conference-paper	Despite the recent improvements in automatic test case generation, handling complex data structures as test inputs is still an open problem. Search-based approaches can generate sequences of method calls that instantiate structured inputs to exercise a relevant portion of the code, but fall short in building inputs to execute program elements whose reachability is determined by the structural features of the input structures themselves. Symbolic execution techniques can effectively handle structured inputs, but do not identify the sequences of method calls that instantiate the input structures through legal interfaces. In this paper, we propose a new approach to automatically generate test cases for programs with complex data structures as inputs. We use symbolic execution to generate path conditions that characterise the dependencies between the program paths and the input structures, and convert the path conditions to optimisation problems that we solve with search-based techniques to produce sequences of method calls that instantiate those inputs. Our preliminary results show that the approach is indeed effective in generating test cases for programs with complex data structures as inputs, thus opening a promising research direction.
51	W2168617729	2011	https://doi.org/10.1145/1985793.1985863	Unifying execution of imperative and declarative code		conference-paper	We present a unified environment for running declarative specifications in the context of an imperative object-Oriented programming language. Specifications are Alloy-like, written in first-order relational logic with transitive closure, and the imperative language is Java. By being able to mix imperative code with executable declarative specifications, the user can easily express constraint problems in place, i.e., in terms of the existing data structures and objects on the heap. After a solution is found, the heap is updated to reflect the solution, so the user can continue to manipulate the program heap in the usual imperative way. We show that this approach is not only convenient, but, for certain problems can also outperform a standard imperative implementation. We also present an optimization technique that allowed us to run our tool on heaps with almost 2000 objects.
52	W4384345664	2023	https://doi.org/10.1109/icse48619.2023.00178	Learning Deep Semantics for Test Completion		conference-paper	Writing tests is a time-consuming yet essential task during software development. We propose to leverage recent advances in deep learning for text and code generation to assist developers in writing tests. We formalize the novel task of test completion to automatically complete the next statement in a test method based on the context of prior statements and the code under test. We develop TECo-a deep learning model using code semantics for test completion. The key insight underlying TECO is that predicting the next statement in a test method requires reasoning about code execution, which is hard to do with only syntax-level data that existing code completion models use. Teco extracts and uses six kinds of code semantics data, including the execution result of prior statements and the execution context of the test method. To provide a testbed for this new task, as well as to evaluate TECO, we collect a corpus of 130,934 test methods from 1,270 open-source Java projects. Our results show that Teco achieves an exact-match accuracy of 18, which is 29% higher than the best baseline using syntax-level data only. When measuring functional correctness of generated next statement, Teco can generate runnable code in 29% of the cases compared to 18% obtained by the best baseline. Moreover, Teco is sianificantly better than prior work on test oracle generation.
53	W4411450140	2025	https://doi.org/10.1145/3729398	CoverUp: Effective High Coverage Test Generation for Python	Proceedings of the ACM on software engineering.	article	Testing is an essential part of software development. Test generation tools attempt to automate the otherwise labor-intensive task of test creation, but generating high-coverage tests remains challenging. This paper proposes CoverUp, a novel approach to driving the generation of high-coverage Python regression tests. CoverUp combines coverage analysis, code context, and feedback in prompts that iteratively guide the LLM to generate tests that improve line and branch coverage. We evaluate our prototype CoverUp implementation across a benchmark of challenging code derived from open-source Python projects and show that CoverUp substantially improves on the state of the art. Compared to CodaMosa, a hybrid search/LLM-based test generator, CoverUp achieves a per-module median line+branch coverage of 80% (vs. 47%). Compared to MuTAP, a mutation- and LLM-based test generator, CoverUp achieves an overall line+branch coverage of 89% (vs. 77%). We also demonstrate that CoverUp’s performance stems not only from the LLM used but from the combined effectiveness of its components.
54	W2129304537	2003	https://doi.org/10.1007/978-3-540-45070-2_19	Discovering Algebraic Specifications from Java Classes	Lecture notes in computer science	conference-paper	
55	W4232276817	2004	https://doi.org/10.1145/1013886.1007526	Test input generation with java PathFinder	ACM SIGSOFT Software Engineering Notes	article	We show how model checking and symbolic execution can be used to generate test inputs to achieve structural coverage of code that manipulates complex data structures. We focus on obtaining branch-coverage during unit testing of some of the core methods of the red-black tree implementation in the Java TreeMap library, using the Java PathFinder model checker. Three different test generation techniques will be introduced and compared, namely, straight model checking of the code, model checking used in a black-box fashion to generate all inputs up to a fixed size, and lastly, model checking used during white-box test input generation. The main contribution of this work is to show how efficient white-box test input generation can be done for code manipulating complex data, taking into account complex method preconditions.
56	W2122987706	2006	https://doi.org/10.1007/11785477_23	Augmenting Automatically Generated Unit-Test Suites with Regression Oracle Checking	Lecture notes in computer science	conference-paper	
57	W2014560533	2008	https://doi.org/10.1016/j.ins.2007.11.024	Search based software testing of object-oriented containers	Information Sciences	article	
58	W2120713211	2005	https://doi.org/10.1007/11561163_1	A Theory of Predicate-Complete Test Coverage and Generation	Lecture notes in computer science	conference-paper	
59	W2103201337	2007	https://doi.org/10.1145/1321631.1321653	Directed test generation using symbolic grammars		conference-paper	"We present CESE, a tool that combines exhaustive enumeration of test inputs from a structured domain with symbolic execution driven test generation. We target programs whose valid inputs are determined by some context free grammar. We abstract the concrete input syntax with symbolic grammars, where some original tokens are replaced with symbolic constants. This reduces the set of input strings that must be enumerated exhaustively. For each enumerated input string, which may contain symbolic constants, symbolic execution based test generation instantiates the constants based on program execution paths. The ""template"" generated by enumerating valid strings reduces the burden on the symbolic execution to generate syntactically valid inputs and helps exercise interesting code paths. Together, symbolic grammars provide a link between exhaustive enumeration of valid inputs and execution-directed symbolic test generation"
60	W2126606154	2004	https://doi.org/10.1016/j.tcs.2004.11.007	Combining test case generation and runtime verification	Theoretical Computer Science	article	
61	W2053109026	2006	https://doi.org/10.1145/1181775.1181806	Carving differential unit test cases from system test cases		conference-paper	Unit test cases are focused and efficient. System tests are effective at exercising complex usage patterns. Differential unit tests (DUT) are a hybrid of unit and system tests. They are generated by carving the system components, while executing a system test case, that influence the behavior of the target unit, and then re-assembling those components so that the unit can be exercised as it was by the system test. We conjecture that DUTs retain some of the advantages of unit tests, can be automatically and inexpensively generated, and have the potential for revealing faults related to intricate system executions. In this paper we present a framework for automatically carving and replaying DUTs that accounts for a wide-variety of strategies, we implement an instance of the framework with several techniques to mitigate test cost and enhance flexibility, and we empirically assess the efficacy of carving and replaying DUTs.
62	W3006404764	2004	https://doi.org/10.1145/1013886.1007528	Evolutionary testing of classes	ACM SIGSOFT Software Engineering Notes	article	Object oriented programming promotes reuse of classes in multiple contexts. Thus, a class is designed and implemented with several usage scenarios in mind, some of which possibly open and generic. Correspondingly, the unit testing of classes cannot make too strict assumptions on the actual method invocation sequences, since these vary from application to application.In this paper, a genetic algorithm is exploited to automatically produce test cases for the unit testing of classes in a generic usage scenario. Test cases are described by chromosomes, which include information on which objects to create, which methods to invoke and which values to use as inputs. The proposed algorithm mutates them with the aim of maximizing a given coverage measure. The implementation of the algorithm and its application to classes from the Java standard library are described.
63	W1992570401	2009	https://doi.org/10.1145/1572272.1572295	Automatic system testing of programs without test oracles		conference-paper	Metamorphic testing has been shown to be a simple yet effective technique in addressing the quality assurance of applications that do not have test oracles, i.e., for which it is difficult or impossible to know what the correct output should be for arbitrary input. In metamorphic testing, existing test case input is modified to produce new test cases in such a manner that, when given the new input, the application should produce an output that can easily be computed based on the original output. That is, if input x produces output f(x), then we create input x' such that we can predict f(x') based on f(x); if the application does not produce the expected output, then a defect must exist, and either f(x), or f(x') (or both) is wrong.
64	W2170682382	2004	https://doi.org/10.1145/1007512.1007531	Software assurance by bounded exhaustive testing		conference-paper	The contribution of this paper is an experiment that shows the potential value of a combination of selective reverse engineering to formal specifications and bounded exhaustive testing to improve the assurance levels of complex software. A key problem is to scale up test input generation so that meaningful results can be obtained. We present an approach, using Alloy and TestEra for test input generation, which we evaluate by experimental application to the Galileo dynamic fault tree analysis tool.
65	W2125940008	2007	https://doi.org/10.1145/1273463.1273476	Experimental assessment of random testing for object-oriented software		conference-paper	Progress in testing requires that we evaluate the effectiveness of testing strategies on the basis of hard experimental evidence, not just intuition or a priori arguments. Random testing, the use of randomly generated test data, is an example of a strategy that the literature often deprecates because of such preconceptions. This view is worth revisiting since random testing otherwise offers several attractive properties: simplicity of implementation, speed of execution, absence of human bias.
66	W2134825350	2008	https://doi.org/10.1109/ase.2008.60	DiffGen: Automated Regression Unit-Test Generation		conference-paper	Software programs continue to evolve throughout their lifetime. Maintenance of such evolving programs, including regression testing, is one of the most expensive activities in software development. We present an approach and its implementation called DiffGen for automated regression unit-test generation and checking for Java programs. Given two versions of a Java class, our approach instruments the code by adding new branches such that if these branches can be covered by a test generation tool, behavioral differences between the two class versions are exposed. DiffGen then uses a coverage-based test generation tool to generate test inputs for covering the added branches to expose behavioral differences. We have evaluated DiffGen on finding behavioral differences between 21 classes and their versions. Experimental results show that our approach can effectively expose many behavioral differences that cannot be exposed by state-of-the-art techniques.
67	W1495557642	2007	https://doi.org/10.1007/978-3-540-69507-3_9	Automatic Testing of Object-Oriented Software	Lecture notes in computer science	conference-paper	
68	W2150684130	2006	https://doi.org/10.1145/1146238.1146267	DSD-Crasher		conference-paper	DSD-Crasher is a bug finding tool that follows a three-step approach to program analysis:
69	W2131507481	2006	https://doi.org/10.1007/s10851-006-8530-6	Tool-assisted unit-test generation and selection based on operational abstractions	Automated Software Engineering	article	
70	W2167723122	2010	https://doi.org/10.1145/1831708.1831729	OCAT		conference-paper	Testing object-oriented (OO) software is critical because OO languages are commonly used in developing modern software systems. In testing OO software, one important and yet challenging problem is to generate desirable object instances for receivers and arguments to achieve high code coverage, such as branch coverage, or find bugs. Our initial empirical findings show that coverage of nearly half of the difficult-to-cover branches that a state-of-the-art test-generation tool cannot cover requires desirable object instances that the tool fails to generate. Generating desirable object instances has been a significant challenge for automated test-generation tools, partly because the search space for such desirable object instances is huge, no matter whether these tools compose method sequences to produce object instances or directly construct object instances. To address this significant challenge, we propose a novel approach called Object Capture based Automated Testing (OCAT). OCAT captures object instances dynamically from program executions (e.g., ones from system testing or real use). These captured objects assist an existing automated test-generation tool, such as a random testing tool, to achieve higher code coverage. Afterwards, OCAT mutates collected instances, based on observed not-covered branches. We evaluated OCAT on three open source projects, and our empirical results show that OCAT helps a state-of-the-art random testing tool, Randoop, to achieve high branch coverage: on average 68.5%, with 25.5% improved from only 43.0% achieved by Randoop alone.
71	W2247455710	2015	https://doi.org/10.1109/ase.2015.49	GRT: Program-Analysis-Guided Random Testing (T)		conference-paper	We propose Guided Random Testing (GRT), which uses static and dynamic analysis to include information on program types, data, and dependencies in various stages of automated test generation. Static analysis extracts knowledge from the system under test. Test coverage is further improved through state fuzzing and continuous coverage analysis. We evaluated GRT on 32 real-world projects and found that GRT outperforms major peer techniques in terms of code coverage (by 13 %) and mutation score (by 9 %). On the four studied benchmarks of Defects4J, which contain 224 real faults, GRT also shows better fault detection capability than peer techniques, finding 147 faults (66 %). Furthermore, in an in-depth evaluation on the latest versions of ten popular real-world projects, GRT successfully detects over 20 unknown defects that were confirmed by developers.
72	W1523035663	2007	https://doi.org/10.1007/978-3-540-73770-4_10	Generating Unit Tests from Formal Proofs	Lecture notes in computer science	conference-paper	
73	W2023814507	2011	https://doi.org/10.1109/ase.2011.6100051	A model-driven framework for guided design space exploration		conference-paper	Design space exploration (DSE) aims at searching through various models representing different design candidates to support activities like configuration design of critical systems or automated maintenance of IT systems. In model-driven engineering, DSE is applied to find instance models that are (i) reachable from an initial model with a sequence of transformation rules and (ii) satisfy a set of structural and numerical constraints. Since exhaustive exploration of the design space is infeasible for large models, the traversal is often guided by hints, derived by system analysis, to prioritize the next states to traverse (selection criteria) and to avoid searching unpromising states (cut-off criteria). In this paper, we define an exploration approach where selection and cut-off criteria are defined using dependency analysis of transformation rules and an algebraic abstraction. The approach is evaluated against other exploration techniques and illustrated on a cloud infrastructure configuration problem.
74	W2155024733	2007	https://doi.org/10.1145/1287624.1287645	Parallel test generation and execution with Korat		conference-paper	We present novel algorithms for parallel testing of code that takes structurally complex test inputs. The algorithms build on the Korat algorithm for constraint-based generation of structurally complex test inputs. Given an imperative predicate that specifies the desired structural constraints and a finitization that bounds the desired input size, Korat performs a systematic search to generate all test inputs (within the bounds) that satisfy the constraints. We present how to generate test inputs with a parallel search in Korat and how to execute test inputs in parallel, both off-line (when the inputs are saved on disk) and on-line (when execution immediately follows generation).
75	W2155621670	2007	https://doi.org/10.1145/1287624.1287653	Finding bugs efficiently with a SAT solver		conference-paper	We present an approach for checking code against rich specifications, based on existing work that consists of encoding the program in a relational logic and using a constraint solver to find specification violations. We improve the efficiency of this approach with a new encoding of the program that effectively slices it at the logical level with respect to the specification. We also present new encodings for integer values and arrays, enabling the verification of realistic fragments of code that manipulate both. Our technique can handle integers of much larger ranges than previously possible, and permits large sparse arrays to be handled efficiently.
76	W1971719033	2007	https://doi.org/10.1145/1273463.1273464	Under-constrained execution		conference-paper	Article Share on Under-constrained execution: making automatic code destruction easy and scalable Authors: Dawson Engler Stanford University Stanford UniversityView Profile , Daniel Dunbar Stanford University Stanford UniversityView Profile Authors Info & Claims ISSTA '07: Proceedings of the 2007 international symposium on Software testing and analysisJuly 2007 Pages 1–4https://doi.org/10.1145/1273463.1273464Online:09 July 2007Publication History 43citation404DownloadsMetricsTotal Citations43Total Downloads404Last 12 Months27Last 6 weeks4 Get Citation AlertsNew Citation Alert added!This alert has been successfully added and will be sent to:You will be notified whenever a record that you have chosen has been cited.To manage your alert preferences, click on the button below.Manage my AlertsNew Citation Alert!Please log in to your account Save to BinderSave to BinderCreate a New BinderNameCancelCreateExport CitationPublisher SiteGet Access
77	W1533857697	2004	https://doi.org/10.1007/978-3-540-24617-6_5	Mutually Enhancing Test Generation and Specification Inference	Lecture notes in computer science	conference-paper	
78	W4234122891	2012	https://doi.org/10.1145/2103656.2103691	Run your research		conference-paper	Formal models serve in many roles in the programming language community. In its primary role, a model communicates the idea of a language design; the architecture of a language tool; or the essence of a program analysis. No matter which role it plays, however, a faulty model doesn't serve its purpose.
79	W2103778230	2008	https://doi.org/10.1145/1368088.1368128	Incremental state-space exploration for programs with dynamically allocated data		conference-paper	We present a novel technique that speeds up state-space exploration (SSE) for evolving programs with dynamically allocated data. SSE is the essence of explicit-state model checking and an increasingly popular method for automating test generation. Traditional, non-incremental SSE takes one version of a program and systematically explores the states reachable during the program's executions to find property violations. Incremental SSE considers several versions that arise during program evolution: reusing the results of SSE for one version can speed up SSE for the next version, since state spaces of consecutive program versions can have significant similarities. We have implemented our technique in two model checkers: Java PathFinder and the J-Sim state-space explorer. The experimental results on 24 program evolutions and exploration changes show that for non-initial runs our technique speeds up SSE in 22 cases from 6.43% to 68.62% (with median of 42.29%) and slows down SSE in only two cases for -4.71% and -4.81%.
80	W2141656264	2007	https://doi.org/10.1145/1321631.1321643	Assertion-based repair of complex data structures		conference-paper	Programmers have long used assertions to characterize properties of code. An assertion violation signals a corruption in the programstate. At such a state, it is standard to terminate the program, debug it if possible, and re-execute it. We propose a new view: instead of terminating the program, use the violated assertion as a basis of repairing the state of the program and let it continue.
81	W4250436085	2005	https://doi.org/10.1145/1095430.1081749	Parameterized unit tests	ACM SIGSOFT Software Engineering Notes	article	Parameterized unit tests extend the current industry practice of using closed unit tests defined as parameterless methods. Parameterized unit tests separate two concerns: 1) They specify the external behavior of the involved methods for all test arguments. 2) Test cases can be re-obtained as traditional closed unit tests by instantiating the parameterized unit tests. Symbolic execution and constraint solving can be used to automatically choose a minimal set of inputs that exercise a parameterized unit test with respect to possible code paths of the implementation. In addition, parameterized unit tests can be used as symbolic summaries which allows symbolic execution to scale for arbitrary abstraction levels. We have developed a prototype tool which computes test cases from parameterized unit tests. We report on its first use testing parts of the .NET base class library.
82	W1978679823	2013	https://doi.org/10.1109/tse.2013.15	TACO: Efficient SAT-Based Bounded Verification Using Symmetry Breaking and Tight Bounds	IEEE Transactions on Software Engineering	article	SAT-based bounded verification of annotated code consists of translating the code together with the annotations to a propositional formula, and analyzing the formula for specification violations using a SAT-solver. If a violation is found, an execution trace exposing the failure is exhibited. Code involving linked data structures with intricate invariants is particularly hard to analyze using these techniques. In this paper, we present Translation of Annotated COde (TACO), a prototype tool which implements a novel, general, and fully automated technique for the SAT-based analysis of JML-annotated Java sequential programs dealing with complex linked data structures. We instrument code analysis with a symmetry-breaking predicate which, on one hand, reduces the size of the search space by ignoring certain classes of isomorphic models and, on the other hand, allows for the parallel, automated computation of tight bounds for Java fields. Experiments show that the translations to propositional formulas require significantly less propositional variables, leading to an improvement of the efficiency of the analysis of orders of magnitude, compared to the noninstrumented SAT--based analysis. We show that in some cases our tool can uncover bugs that cannot be detected by state-of-the-art tools based on SAT-solving, model checking, or SMT-solving.
83	W2025267532	2008	https://doi.org/10.1016/j.jss.2007.12.809	Automatic, evolutionary test data generation for dynamic software testing	Journal of Systems and Software	article	
84	W2095850105	2007	https://doi.org/10.1109/icse.2007.48	Korat: A Tool for Generating Structurally Complex Test Inputs	Proceedings/Proceedings - International Conference on Software Engineering	conference-paper	This paper describes the Korat tool for constraint-based generation of structurally complex test inputs for Java programs. Korat takes: (1) an imperative predicate that specifies the desired structural integrity constraints and (2) a finitization that bounds the desired test input size. Korat generates all inputs (within the bounds) for which the predicate returns true. To do so, Korat performs a systematic search of the predicate's input space. The inputs that Korat generates enable bounded-exhaustive testing for programs ranging from library classes to stand-alone applications.
85	W2131102467	2008	https://doi.org/10.1109/icst.2008.20	On the Predictability of Random Tests for Object-Oriented Software		conference-paper	Intuition suggests that random testing of object-oriented programs should exhibit a significant difference in the number of faults detected by two different runs of equal duration. As a consequence, random testing would be rather unpredictable. We evaluate the variance of the number of faults detected by random testing over time. We present the results of an empirical study that is based on 1215 hours of randomly testing 27 Eiffel classes, each with 30 seeds of the random number generator. Analyzing over 6 million failures triggered during the experiments, the study provides evidence that the relative number of faults detected by random testing over time is predictable but that different runs of the random test case generator detect different faults. The study also shows that random testing quickly finds faults: the first failure is likely to be triggered within 30 seconds.
86	W2144667363	2006	https://doi.org/10.1145/1145735.1145741	Tool support for randomized unit testing		conference-paper	There are several problem areas that must be addressed when ap-plying randomization to unit testing. As yet no general, fully au-tomated solution that works for all units has been proposed. We therefore have developed RUTE-J, a Java package intended to help programmers do randomized unit testing in Java. In this paper, we describe RUTE-J and illustrate how it supports the development of per-unit solutions for the problems of randomized unit testing. We report on an experiment in which we applied RUTE-J to the standard Java TreeMap class, measuring the efficiency and effec-tiveness of the technique. We also illustrate the use of randomized testing in experimentation, by adapting RUTE-J so that it gener-ates randomized minimal covering test suites, and measuring the effectiveness of the test suites generated.
87	W2167187192	2007	https://doi.org/10.1109/tse.2007.70705	Discovering Documentation for Java Container Classes	IEEE Transactions on Software Engineering	article	Modern programs make extensive use of reusable software libraries. For example, we found that 17% to 30% of the classes in a number of large Java applications use the container classes from the java.util package. Given this extensive code reuse in Java programs, it is important for the reusable interfaces to have clear and unambiguous documentation. Unfortunately, most documentation is expressed in English, and therefore does not always satisfy these requirements. Worse yet, there is no way of checking that the documentation is consistent with the associated code. Formal specifications present an alternative which does not suffer from these problems; however, formal specifications are notoriously hard to write. To alleviate this difficulty, we have implemented a tool which automatically derives documentation in the form of formal specifications. Our tool probes Java classes by invoking them on dynamically generated tests and captures the information observed during their execution as algebraic axioms. While the tool is not complete or correct from a formal perspective we demonstrate that it discovers many useful axioms when applied to container classes. These axioms then form an initial formal documentation of the class they describe.
88	W2122796635	2007	https://doi.org/10.1109/fose.2007.6	Formal Software Analysis Emerging Trends in Software Model Checking		conference-paper	The study of methodologies and techniques to produce correct software has been active for four decades. During this period, researchers have developed and investigated a wide variety of approaches, but techniques based on mathematical modeling of program behavior have been a particular focus since they offer the promise of both finding errors and assuring important program properties. The past fifteen years have seen a marked and accelerating shift towards algorithmic formal reasoning about program behavior - we refer to these as formal software analysis. In this paper, we define formal software analyses as having several important properties that distinguish them from other forms of software analysis. We describe three foundational formal software analyses, but focus on the adaptation of model checking to reason about software. We review emerging trends in software model checking and identify future directions that promise to significantly improve its cost-effectiveness.
89	W2391251187	2016	https://doi.org/10.1145/2884781.2884794	Generating performance distributions via probabilistic symbolic execution		conference-paper	Analyzing performance and understanding the potential best-case, worst-case and distribution of program execution times are very important software engineering tasks. There have been model-based and program analysis-based approaches for performance analysis. Model-based approaches rely on analytical or design models derived from mathematical theories or software architecture abstraction, which are typically coarse-grained and could be imprecise. Program analysis-based approaches collect program profiles to identify performance bottlenecks, which often fail to capture the overall program performance. In this paper, we propose a performance analysis framework PerfPlotter. It takes the program source code and usage profile as inputs and generates a performance distribution that captures the input probability distribution over execution times for the program. It heuristically explores high-probability and low-probability paths through probabilistic symbolic execution. Once a path is explored, it generates and runs a set of test inputs to model the performance of the path. Finally, it constructs the performance distribution for the program. We have implemented PerfPlotter based on the Symbolic PathFinder infrastructure, and experimentally demonstrated that PerfPlotter could accurately capture the best-case, worst-case and distribution of program execution times. We also show that performance distributions can be applied to various important tasks such as performance understanding, bug validation, and algorithm selection.
90	W1984762903	2014	https://doi.org/10.1145/2642937.2642963	Language fuzzing using constraint logic programming		conference-paper	Fuzz testing builds confidence in compilers and interpreters. It is desirable for fuzzers to allow targeted generation of programs that showcase specific language features and behaviors. However, the predominant program generation technique used by most language fuzzers, stochastic context-free grammars, does not have this property. We propose the use of constraint logic programming (CLP) for program generation. Using CLP, testers can write declarative predicates specifying interesting programs, including syntactic features and semantic behaviors. CLP subsumes and generalizes the stochastic grammar approach.
91	W2134600833	2006	https://doi.org/10.1145/1131421.1131423	Integrating automated test generation into the WYSIWYT spreadsheet testing methodology	ACM Transactions on Software Engineering and Methodology	article	Spreadsheet languages, which include commercial spreadsheets and various research systems, have had a substantial impact on end-user computing. Research shows, however, that spreadsheets often contain faults. Thus, in previous work we presented a methodology that helps spreadsheet users test their spreadsheet formulas. Our empirical studies have shown that end users can use this methodology to test spreadsheets more adequately and efficiently; however, the process of generating test cases can still present a significant impediment. To address this problem, we have been investigating how to incorporate automated test case generation into our testing methodology in ways that support incremental testing and provide immediate visual feedback. We have used two techniques for generating test cases, one involving random selection and one involving a goal-oriented approach. We describe these techniques and their integration into our testing environment, and report results of an experiment examining their effectiveness and efficiency.
92	W1964566177	2008	https://doi.org/10.1145/1368088.1368222	Juzi		conference-paper	This paper describes Juzi, a tool for automatic repair of complex data structures. Juzi takes a Java class representing the data structure as well as a predicate method that specifies the structural integrity constraints as inputs. Juzi instruments its inputs and generates a new Java class which behaves similarly to the original class, yet automatically repairs itself when the structural integrity constraints are violated.
93	W2119342939	2007	https://doi.org/10.1145/1287624.1287708	Directed test generation using symbolic grammars		conference-paper	"We present CESI, an algorithm that combines exhaustive enumeration of test inputs from a structured domain with symbolic execution driven test generation. We target programs whose valid inputs are determined by some context free grammar. We introduce symbolic grammars, where the original tokens are replaced with symbolic constants, that link enumerative grammar-based input generation with symbolic directed testing. Symbolic grammars abstract the concrete input syntax, thus reducing the set of input strings that must be enumerated exhaustively. For each enumerated input string, which may contain symbolic constants, symbolic execution based test generation instantiates the constants based on program execution paths. The ""template"" generated by enumerating valid strings reduces the burden on the symbolic execution to generate syntactically valid inputs and hence exercise interesting code paths. Together, symbolic grammars provide a link between exhaustive enumeration of valid inputs and execution-directed symbolic test generation. In preliminary experiments, CESI is better than if both enumerative and symbolic techniques are used alone."
94	W2157264616	2009	https://doi.org/10.1109/iwast.2009.5069043	Automating structural testing of C programs: Experience with PathCrawler		conference-paper	Structural testing is widely used in industrial verification processes of critical software. This report presents PathCrawler, a structural test generation tool that may be used to automate this activity, and several evaluation criteria of automatic test generation tools for C programs. These criteria correspond to the issues identified during our ongoing experience in the development of PathCrawler and its application to industrial software. They include issues arising for some specific types of software. Some of them are still difficult open problems. Others are (partially) solved, and the solution adopted in PathCrawler is discussed. We believe that these criteria must be satisfied in order for the automation of structural testing to become an industrial reality.
95	W4243882797	2012	https://doi.org/10.1145/2103656.2103675	Constraints as control		conference-paper	We present an extension of Scala that supports constraint programming over bounded and unbounded domains. The resulting language, Kaplan, provides the benefits of constraint programming while preserving the existing features of Scala. Kaplan integrates constraint and imperative programming by using constraints as an advanced control structure; the developers use the monadic 'for' construct to iterate over the solutions of constraints or branch on the existence of a solution. The constructs we introduce have simple semantics that can be understood as explicit enumeration of values, but are implemented more efficiently using symbolic reasoning. Kaplan programs can manipulate constraints at run-time, with the combined benefits of type-safe syntax trees and first-class functions. The language of constraints is a functional subset of Scala, supporting arbitrary recursive function definitions over algebraic data types, sets, maps, and integers.
96	W2050886219	2012	https://doi.org/10.1145/2384616.2384654	Scaling symbolic execution using ranged analysis		conference-paper	This paper introduces a novel approach to scale symbolic execution --- a program analysis technique for systematic exploration of bounded execution paths---for test input generation. While the foundations of symbolic execution were developed over three decades ago, recent years have seen a real resurgence of the technique, specifically for systematic bug finding. However, scaling symbolic execution remains a primary technical challenge due to the inherent complexity of the path-based exploration that lies at core of the technique.
97	W2153559293	2010	https://doi.org/10.1145/1667048.1667049	JavaCOP	ACM Transactions on Programming Languages and Systems	article	Pluggable types enable users to enforce multiple type systems in one programming language. We have developed a suite of tools, called the JavaCOP framework, that allows developers to create pluggable type systems for Java. JavaCOP provides a simple declarative language in which program constraints are defined over a program's abstract syntax tree. The JavaCOP compiler automatically enforces these constraints on programs during compilation. The JavaCOP framework also includes a dataflow analysis API in order to support type systems which depend on flow-sensitive information. Finally, JavaCOP includes a novel test framework which helps users gain confidence in the correctness of their pluggable type systems. We demonstrate the framework by discussing a number of pluggable type systems which have been implemented in JavaCOP in order to detect errors and enforce strong invariants in programs. These type systems range from general-purpose checkers, such as a type system for nonnull references, to domain-specific ones, such as a checker for conformance to a library's usage rules.
98	W2159781868	2012	https://doi.org/10.1145/2351676.2351697	Puzzle-based automatic testing: bringing humans into the loop by solving puzzles		conference-paper	Recently, many automatic test generation techniques have been proposed, such as Randoop, Pex and jCUTE. However, usually test coverage of these techniques has been around 50-60% only, due to several challenges, such as 1) the object mutation problem, where test generators cannot create and/or modify test inputs to desired object states; and 2) the constraint solving problem, where test generators fail to solve path conditions to cover certain branches. By analyzing branches not covered by state-of-the-art techniques, we noticed that these challenges might not be so difficult for humans.
99	W2048901322	2014	https://doi.org/10.1145/2652483	Amplifying Tests to Validate Exception Handling Code	ACM Transactions on Software Engineering and Methodology	article	Validating code handling exceptional behavior is difficult, particularly when dealing with external resources that may be noisy and unreliable, as it requires (1) systematic exploration of the space of exceptions that may be thrown by the external resources, and (2) setup of the context to trigger specific patterns of exceptions. In this work, we first present a study quantifying the magnitude of the problem by inspecting the bug repositories of a set of popular applications in the increasingly relevant domain of Android mobile applications. The study revealed that 22% of the confirmed and fixed bugs have to do with poor exceptional handling code, and half of those correspond to interactions with external resources. We then present an approach that addresses this challenge by performing an systematic amplification of the program space explored by a test by manipulating the behavior of external resources. Each amplification attempts to expose a program's exception handling constructs to new behavior by mocking an external resource so that it returns normally or throws an exception following a predefined set of patterns. Our assessment of the approach indicates that it can be fully automated, is powerful enough to detect 67% of the faults reported in the bug reports of this kind, and is precise enough that 78% of the detected anomalies are fixed, and it has a great potential to assist developers.
100	W2008421610	2009	https://doi.org/10.1016/j.infsof.2009.11.009	Iterative execution-feedback model-directed GUI testing	Information and Software Technology	article	
101	W2165782110	2006	https://doi.org/10.1002/stvr.348	Integrating techniques and tools for testing automation	Software Testing Verification and Reliability	article	Abstract This article presents two tools to generate test cases, one for Java programs and one for .NET programs, as well as a structured testing process whereby such tools can be used in order to help in process automation. The main innovation in this work is the joint use of diverse techniques and technologies, which have been separately applied to test automation: reflection to extract the class structure; regular expressions to describe test templates and test cases; JUnit and NUnit as test case execution frameworks; mutation and MuJava as test case quality measurers; serialization to deal with the parameters of complex data types; and once more, reflection, to facilitate the test engineer in the task of writing the oracle. Finally, the article presents an experiment carried out to validate the work. Copyright © 2006 John Wiley &amp; Sons, Ltd.
102	W3171669654	2014	https://doi.org/10.1007/s10515-014-0163-1	A model-driven framework for guided design space exploration	Automated Software Engineering	article	
103	W3028248065	2008	https://doi.org/10.1145/1379022.1375624	Full functional verification of linked data structures	ACM SIGPLAN Notices	article	We present the first verification of full functional correctness for a range of linked data structure implementations, including mutable lists, trees, graphs, and hash tables. Specifically, we present the use of the Jahob verification system to verify formal specifications, written in classical higher-order logic, that completely capture the desired behavior of the Java data structure implementations (with the exception of properties involving execution time and/or memory consumption). Given that the desired correctness properties include intractable constructs such as quantifiers, transitive closure, and lambda abstraction, it is a challenge to successfully prove the generated verification conditions. Our Jahob verification system uses integrated reasoning to split each verification condition into a conjunction of simpler subformulas, then apply a diverse collection of specialized decision procedures, first-order theorem provers, and, in the worst case, interactive theorem provers to prove each subformula. Techniques such as replacing complex subformulas with stronger but simpler alternatives, exploiting structure inherently present in the verification conditions, and, when necessary, inserting verified lemmas and proof hints into the imperative source code make it possible to seamlessly integrate all of the specialized decision procedures and theorem provers into a single powerful integrated reasoning system. By appropriately applying multiple proof techniques to discharge different subformulas, this reasoning system can effectively prove the complex and challenging verification conditions that arise in this context.
104	W2103072691	2009	https://doi.org/10.1007/978-3-642-00593-0_12	Reducing the Costs of Bounded-Exhaustive Testing	Lecture notes in computer science	conference-paper	
105	W2417132441	2016	https://doi.org/10.1145/2908080.2908122	Fast synthesis of fast collections		conference-paper	Many applications require specialized data structures not found in the standard libraries, but implementing new data structures by hand is tedious and error-prone. This paper presents a novel approach for synthesizing efficient implementations of complex collection data structures from high-level specifications that describe the desired retrieval operations. Our approach handles a wider range of data structures than previous work, including structures that maintain an order among their elements or have complex retrieval methods. We have prototyped our approach in a data structure synthesizer called Cozy. Four large, real-world case studies compare structures generated by Cozy against handwritten implementations in terms of correctness and performance. Structures synthesized by Cozy match the performance of handwritten data structures while avoiding human error.
106	W3023259152	2020	https://doi.org/10.1145/3381032	Practical Constraint Solving for Generating System Test Data	ACM Transactions on Software Engineering and Methodology	article	The ability to generate test data is often a necessary prerequisite for automated software testing. For the generated data to be fit for their intended purpose, the data usually have to satisfy various logical constraints. When testing is performed at a system level, these constraints tend to be complex and are typically captured in expressive formalisms based on first-order logic. Motivated by improving the feasibility and scalability of data generation for system testing, we present a novel approach, whereby we employ a combination of metaheuristic search and Satisfiability Modulo Theories (SMT) for constraint solving. Our approach delegates constraint solving tasks to metaheuristic search and SMT in such a way as to take advantage of the complementary strengths of the two techniques. We ground our work on test data models specified in UML, with OCL used as the constraint language. We present tool support and an evaluation of our approach over three industrial case studies. The results indicate that, for complex system test data generation problems, our approach presents substantial benefits over the state-of-the-art in terms of applicability and scalability.
107	W2115273016	2015	https://doi.org/10.1145/2786805.2786842	Symbolic execution of programs with heap inputs		conference-paper	Symbolic analysis is a core component of many automatic test generation and program verication approaches. To verify complex software systems, test and analysis techniques shall deal with the many aspects of the target systems at different granularity levels. In particular, testing software programs that make extensive use of heap data structures at unit and integration levels requires generating suitable input data structures in the heap. This is a main challenge for symbolic testing and analysis techniques that work well when dealing with numeric inputs, but do not satisfactorily cope with heap data structures yet. In this paper we propose a language HEX to specify invariants of partially initialized data structures, and a decision procedure that supports the incremental evaluation of structural properties in HEX. Used in combination with the symbolic execution of heap manipulating programs, HEX prevents the exploration of invalid states, thus improving the eefficiency of program testing and analysis, and avoiding false alarms that negatively impact on verication activities. The experimental data conrm that HEX is an effective and efficient solution to the problem of testing and analyzing heap manipulating programs, and outperforms the alternative approaches that have been proposed so far.
108	W2787691610	2018	https://doi.org/10.1007/978-3-319-75396-6_16	Towards the Automated Generation of Consistent, Diverse, Scalable and Realistic Graph Models	Lecture notes in computer science	conference-paper	
109	W48413232	2012	https://doi.org/10.1007/978-3-642-30476-7_3	Specification-Driven Test Generation for Model Transformations	Lecture notes in computer science	conference-paper	
110	W2056872793	2012	https://doi.org/10.1145/2351676.2351683	Improving the effectiveness of spectra-based fault localization using specifications		conference-paper	Fault localization i.e., locating faulty lines of code, is a key step in removing bugs and often requires substantial manual effort. Recent years have seen many automated localization techniques, specifically using the program’s passing and failing test runs, i.e., test spectra. However, the effectiveness of these approaches is sensitive to factors such as the type and number of faults, and the quality of the test-suite. This paper presents a novel technique that applies spectra-based localization in synergy with specification-based analysis to more accurately locate faults. Our insight is that unsatisfiability analysis of violated specifications, enabled by SAT technology, could be used to (1) compute unsatisfiable cores that contain likely faulty statements and (2) generate tests that help spectra-based localization. Our technique is iterative and driven by a feedback loop that enables more precise fault localization. SAT-TAR is a framework that embodies our technique for Java programs, including those with multiple faults. An experimental evaluation using a suite of widely-studied data structure programs, including the ANTLR and JTopas parser applications, shows that our technique localizes faults more accurately than state-of-the-art approaches.
111	W2139478536	2005	https://doi.org/10.1145/1108768.1108817	Generalizing symbolic execution to library classes	ACM SIGSOFT Software Engineering Notes	article	Forward symbolic execution is a program analysis technique that allows using symbolic inputs to explore program executions. The traditional applications of this technique have focused on programs that manipulate primitive data types, such as integer or boolean. Recent extensions have shown how to handle reference types at their representation level. The extensions have favorably been backed by advances in constraint solving technology, and together they have made symbolic execution applicable, at least in theory, to a large class of programs. In practice, however, the increased potential for applications has created significant issues with scalability of symbolic execution to programs of non-trivial size---the ensuing path conditions rapidly become unfeasibly complex.We present Dianju, a new technique that aims to address the scalability of symbolic execution. The fundamental idea in Dianju is to perform symbolic execution of commonly used library classes (such as strings, sets and maps) at the abstract level rather than the representation level. Dianju defines semantics of operations on symbolic objects of these classes, which allows Dianju to abstract away from the complexity that is normally inherent in library implementations, thus promising scalable analyses based on symbolic execution.
112	W3090526726	2020	https://doi.org/10.1145/3377811.3380399	Quickly generating diverse valid test inputs with reinforcement learning		conference-paper	Property-based testing is a popular approach for validating the logic of a program. An effective property-based test quickly generates many diverse valid test inputs and runs them through a parameterized test driver. However, when the test driver requires strict validity constraints on the inputs, completely random input generation fails to generate enough valid inputs. Existing approaches to solving this problem rely on whitebox or greybox information collected by instrumenting the input generator and/or test driver. However, collecting such information reduces the speed at which tests can be executed. In this paper, we propose and study a black-box approach for generating valid test inputs. We first formalize the problem of guiding random input generators towards producing a diverse set of valid inputs. This formalization highlights the role of a guide which governs the space of choices within a random input generator. We then propose a solution based on reinforcement learning (RL), using a tabular, on-policy RL approach to guide the generator. We evaluate this approach, RLCheck, against pure random input generation as well as a state-of-the-art greybox evolutionary algorithm, on four real-world benchmarks. We find that in the same time budget, RLCheck generates an order of magnitude more diverse valid inputs than the baselines.
113	W1989218486	2013	https://doi.org/10.1145/2491411.2491433	Enhancing symbolic execution with built-in term rewriting and constrained lazy initialization		conference-paper	Symbolic execution suffers from problems when analyzing programs that handle complex data structures as their inputs and take decisions over non-linear expressions. For these programs, symbolic execution may incur invalid inputs or unidentified infeasible traces, and may raise large amounts of false alarms. Some symbolic executors tackle these problems by introducing executable preconditions to exclude invalid inputs, and some solvers exploit rewrite rules to address non linear problems. In this paper, we discuss the core limitations of executable preconditions, and address these limitations by proposing invariants specifically designed to harmonize with the lazy initialization algorithm. We exploit rewrite rules applied within the symbolic executor, to address simplifications of inverse relationships fostered from either program-specific calculations or the logic of the verification tasks. We present a symbolic executor that integrates the two techniques, and validate our approach against the verification of a relevant set of properties of the Tactical Separation Assisted Flight Environment. The empirical data show that the integrated approach can improve the effectiveness of symbolic execution.
114	W2025704776	2015	https://doi.org/10.1145/2786805.2786832	Iterative distribution-aware sampling for probabilistic symbolic execution		conference-paper	Probabilistic symbolic execution aims at quantifying the probability of reaching program events of interest assuming that program inputs follow given probabilistic distributions. The technique collects constraints on the inputs that lead to the target events and analyzes them to quantify how likely it is for an input to satisfy the constraints. Current techniques either handle only linear constraints or only support continuous distributions using a “discretization” of the input domain, leading to imprecise and costly results. We propose an iterative distribution-aware sampling approach to support probabilistic symbolic execution for arbitrarily complex mathematical constraints and continuous input distributions. We follow a compositional approach, where the symbolic constraints are decomposed into sub-problems whose solution can be solved independently. At each iteration the convergence rate of the com- putation is increased by automatically refocusing the analysis on estimating the sub-problems that mostly affect the accuracy of the results, as guided by three different ranking strategies. Experiments on publicly available benchmarks show that the proposed technique improves on previous approaches in terms of scalability and accuracy of the results.
115	W2035945354	2009	https://doi.org/10.1145/1542431.1542449	Dynamic shape analysis via degree metrics		conference-paper	Applications continue to increase in size and complexity which makes debugging and program understanding more challenging. Programs written in managed languages, such as Java, C#, and Ruby, further exacerbate this challenge because they tend to encode much of their state in the heap. This paper introduces dynamic shape analysis, which seeks to characterize data structures in the heap by dynamically summarizing the object pointer relationships and detecting dynamic degree metrics based on class. The analysis identifies recursive data structures, automatically discovers dynamic degree metrics, and reports errors when degree metrics are violated. Uses of dynamic shape analysis include helping programmers find data structure errors during development, generating assertions for verification with static or dynamic analysis, and detecting subtle errors in deployment. We implement dynamic shape analysis in a Java Virtual Machine (JVM). Using SpecJVM and DaCapo benchmarks, we show that most objects in the heap are part of recursive data structures that maintain strong dynamic degree metrics. We show that once dynamic shape analysis establishes degree metrics from correct executions, it can find automatically inserted errors on subsequent executions in microbenchmarks. These suggests it can be used in deployment for improving software reliability.
116	W1990069336	2015	https://doi.org/10.1145/2814270.2814323	Programming with enumerable sets of structures		conference-paper	We present an efficient, modular, and feature-rich framework for automated generation and validation of complex structures, suitable for tasks that explore a large space of structured values. Our framework is capable of exhaustive, incremental, parallel, and memoized enumeration from not only finite but also infinite domains, while providing fine-grained control over the process. Furthermore, the framework efficiently supports the inverse of enumeration (checking whether a structure can be generated and fast-forwarding to this structure to continue the enumeration) and lazy enumeration (achieving exhaustive testing without generating all structures). The foundation of efficient enumeration lies in both direct access to encoded structures, achieved with well-known and new pairing functions, and dependent enumeration, which embeds constraints into the enumeration to avoid backtracking. Our framework defines an algebra of enumerators, with combinators for their composition that preserve exhaustiveness and efficiency. We have implemented our framework as a domain-specific language in Scala. Our experiments demonstrate better performance and shorter specifications by up to a few orders of magnitude compared to existing approaches.
117	W2795354477	2018	https://doi.org/10.1145/3180155.3180226	RFC-directed differential testing of certificate validation in SSL/TLS implementations		conference-paper	Certificate validation in Secure Socket Layer or Transport Layer Security protocol (SSL/TLS) is critical to Internet security. Thus, it is significant to check whether certificate validation in SSL/TLS is correctly implemented. With this motivation, we propose a novel differential testing approach which is directed by the standard Request For Comments (RFC). First, rules of certificates are extracted automatically from RFCs. Second, low-level test cases are generated through dynamic symbolic execution. Third, high-level test cases, i.e. certificates, are assembled automatically. Finally, with the assembled certificates being test cases, certificate validations in SSL/TLS implementations are tested to reveal latent vulnerabilities or bugs. Our approach named RFCcert has the following advantages: (1) certificates of RFCcert are discrepancy-targeted since they are assembled according to standards instead of genetics; (2) with the obtained certificates, RFCcert not only reveals the invalidity of traditional differential testing but also is able to conduct testing that traditional differential testing cannot do; and (3) the supporting tool of RFCcert has been implemented and extensive experiments show that the approach is effective in finding bugs of SSL/TLS implementations.
118	W2899983867	2019	https://doi.org/10.1145/3290379	JaVerT 2.0: compositional symbolic execution for JavaScript	Proceedings of the ACM on Programming Languages	article	We propose a novel, unified approach to the development of compositional symbolic execution tools, bridging the gap between classical symbolic execution and compositional program reasoning based on separation logic. Using this approach, we build JaVerT 2.0, a symbolic analysis tool for JavaScript that follows the language semantics without simplifications. JaVerT 2.0 supports whole-program symbolic testing, verification, and, for the first time, automatic compositional testing based on bi-abduction. The meta-theory underpinning JaVerT 2.0 is developed modularly, streamlining the proofs and informing the implementation. Our explicit treatment of symbolic execution errors allows us to give meaningful feedback to the developer during whole-program symbolic testing and guides the inference of resource of the bi-abductive execution. We evaluate the performance of JaVerT 2.0 on a number of JavaScript data-structure libraries, demonstrating: the scalability of our whole-program symbolic testing; an improvement over the state-of-the-art in JavaScript verification; and the feasibility of automatic compositional testing for JavaScript.
119	W2089805963	2015	https://doi.org/10.1145/2784731.2784766	Learning refinement types		conference-paper	We propose the integration of a random test generation system (capable of discovering program bugs) and a refinement type system (capable of expressing and verifying program invariants), for higher-order functional programs, using a novel lightweight learning algorithm as an effective intermediary between the two. Our approach is based on the well-understood intuition that useful, but difficult to infer, program properties can often be observed from concrete program states generated by tests; these properties act as likely invariants, which if used to refine simple types, can have their validity checked by a refinement type checker. We describe an implementation of our technique for a variety of benchmarks written in ML, and demonstrate its effectiveness in inferring and proving useful invariants for programs that express complex higher-order control and dataflow.
120	W2295387843	2009	https://doi.org/10.1145/1639950.1640070	Agile specifications		conference-paper	Traditional formal methods and modern agile methods are separated more by limitations of current technology than by fundamental intellectual differences. A mixed interpreter that executes mixed programs, comprising both declarative specification statements and regular imperative statements, might bridge the gap. This paper explores how such an interpreter might be used, showing by example how it might support a variety of development activities.
121	W2953254264	2013	https://doi.org/10.1109/icse.2013.6606572	What good are strong specifications?		conference-paper	Experience with lightweight formal methods suggests that programmers are willing to write specification if it brings tangible benefits to their usual development activities. This paper considers stronger specifications and studies whether they can be deployed as an incremental practice that brings additional benefits without being unacceptably expensive. We introduce a methodology that extends Design by Contract to write strong specifications of functional properties in the form of preconditions, postconditions, and invariants. The methodology aims at being palatable to developers who are not fluent in formal techniques but are comfortable with writing simple specifications. We evaluate the cost and the benefits of using strong specifications by applying the methodology to testing data structure implementations written in Eiffel and C#. In our extensive experiments, testing against strong specifications detects twice as many bugs as standard contracts, with a reasonable overhead in terms of annotation burden and run-time performance while testing. In the wide spectrum of formal techniques for software quality, testing against strong specifications lies in a “sweet spot” with a favorable benefit to effort ratio.
122	W2876843022	2018	https://doi.org/10.1145/3213846.3213863	Tests from traces: automated unit test extraction for R		conference-paper	Unit tests are labor-intensive to write and maintain. This paper looks into how well unit tests for a target software package can be extracted from the execution traces of client code. Our objective is to reduce the effort involved in creating test suites while minimizing the number and size of individual tests, and maximizing coverage. To evaluate the viability of our approach, we select a challenging target for automated test extraction, namely R, a programming language that is popular for data science applications. The challenges presented by R are its extreme dynamism, coerciveness, and lack of types. This combination decrease the efficacy of traditional test extraction techniques. We present Genthat, a tool developed over the last couple of years to non-invasively record execution traces of R programs and extract unit tests from those traces. We have carried out an evaluation on 1,545 packages comprising 1.7M lines of R code. The tests extracted by Genthat improved code coverage from the original rather low value of 267,496 lines to 700,918 lines. The running time of the generated tests is 1.9 times faster than the code they came from
123	W2054018676	2014	https://doi.org/10.1145/2642937.2642940	Taming test inputs for separation assurance		conference-paper	The Next Generation Air Transportation System (NextGen) advocates the use of innovative algorithms and software to address the increasing load on air-traffic control. AutoResolver [12] is a large, complex NextGen component that provides separation assurance between multiple airplanes up to 20 minutes ahead of time. Our work targets the development of a light-weight, automated testing environment for AutoResolver. The input space of AutoResolver consists of airplane trajectories, each trajectory being a sequence of hundreds of points in the three-dimensional space. Generating meaningful test cases for AutoResolver that cover its behavioral space to a satisfactory degree is a major challenge. We discuss how we tamed this input space to make it amenable to test case generation techniques, as well as how we developed and validated an extensible testing environment around AutoResolver.
124	W2736139474	2017	https://doi.org/10.1145/3092282.3092285	EdSketch: execution-driven sketching for Java		conference-paper	Sketching is a relatively recent approach to program synthesis, which has shown much promise. The key idea in sketching is to allow users to write partial programs that have ''holes'' and provide test harnesses or reference implementations, and let synthesis tools create program fragments that fill the holes such that the resulting complete program has the desired functionality. Traditional solutions to the sketching problem perform a translation to SAT and employ CEGIS. While effective for a range of programs, when applied to real applications, such translation-based approaches have a key limitation: they require either translating all relevant libraries that are invoked directly or indirectly by the given sketch -- which can lead to impractical SAT problems -- or creating models of those libraries -- which can require much manual effort.
125	W2005957051	2014	https://doi.org/10.1145/2637647.2637655	SciFe		conference-paper	We introduce SciFe, a tool for automated generation of complex structures, suitable for tasks such as automated testing and synthesis. SciFe is capable of exhaustive, memoized enumeration of values from finite or infinite domains. SciFe is based on the concept of an enumerator, defined as an efficiently computable bijection between natural numbers and values from a given set. SciFe introduces higher-order enumerators which define enumerators that depend on additional parameters. SciFe also includes combinators that can construct more complex enumerators from existing ones while preserving exhaustiveness and efficiency. SciFe is a Scala library that implements a domain-specific language. This tool demo presents an overview of SciFe as well as its use to generate complex structures such as search trees and models of class hierarchies. Our experiments demonstrate better performance and shorter specifications when compared to existing approaches.
126	W1522369122	2003	https://doi.org/10.1007/978-3-540-39724-3_11	Coverage Metrics for Formal Verification	Lecture notes in computer science	conference-paper	
127	W2118111397	2007	https://doi.org/10.1145/1287624.1287685	Contract driven development = test driven development - writing test cases		conference-paper	Although unit tests are recognized as an important tool in software development, programmers prefer to write code, rather than unit tests. Despite the emergence of tools like JUnit which automate part of the process, unit testing remains a time-consuming, resource-intensive, and not particularly appealing activity.This paper introduces a new development method, called Contract Driven Development. This development method is based on a novel mechanism that extracts test cases from failure-producing runs that the programmers trigger. It exploits actions that developers perform anyway as part of their normal process of writing code. Thus, it takes the task of writing unit tests off the developers' shoulders, while still taking advantage of their knowledge of the intended semantics and structure of the code. The approach is based on the presence of contracts in code, which act as the oracle of the test cases. The test cases are extracted completely automatically, are run in the background, and can easily be maintained over versions. The tool implementing this methodology is called Cdd and is available both in binary and in source form.
128	W2122475137	2008	https://doi.org/10.1109/tse.2008.103	Carving and Replaying Differential Unit Test Cases from System Test Cases	IEEE Transactions on Software Engineering	article	Unit test cases are focused and efficient. System tests are effective at exercising complex usage patterns. Differential unit tests (DUT) are a hybrid of unit and system tests that exploits their strengths. They are generated by carving the system components, while executing a system test case, that influence the behavior of the target unit, and then re-assembling those components so that the unit can be exercised as it was by the system test. In this paper we show that DUTs retain some of the advantages of unit tests, can be automatically generated, and have the potential for revealing faults related to intricate system executions. We present a framework for carving and replaying DUTs that accounts for a wide variety of strategies and tradeoffs, we implement an automated instance of the framework with several techniques to mitigate test cost and enhance flexibility and robustness, and we empirically assess the efficacy of carving and replaying DUTs on three software artifacts.
129	W2613165855	2003	https://doi.org/10.1007/978-3-540-39656-7_11	How the Design of JML Accommodates Both Runtime Assertion Checking and Formal Verification	Lecture notes in computer science	conference-paper	
130	W2278624804	2015	https://doi.org/10.1017/s0956796815000143	Generating constrained random data with uniform distribution	Journal of Functional Programming	article	Abstract We present a technique for automatically deriving test data generators from a given executable predicate representing the set of values we are interested in generating. The distribution of these generators is uniform over values of a given size. To make the generation efficient, we rely on laziness of the predicate, allowing us to prune the space of values quickly. In contrast, implementing test data generators by hand is labour intensive and error prone. Moreover, handwritten generators often have an unpredictable distribution of values, risking that some values are arbitrarily underrepresented. We also present a variation of the technique that has better performance, but where the distribution is skewed in a limited, albeit predictable way. Experimental evaluation of the techniques shows that the automatically derived generators are much easier to define than handwritten ones, and their performance, while lower, is adequate for some realistic applications.
131	W1502752511	2005	https://doi.org/10.1007/11537328_12	Repairing Structurally Complex Data	Lecture notes in computer science	conference-paper	
132	W2127973326	2007	https://doi.org/10.1109/taic.part.2007.32	Kiasan/KUnit: Automatic Test Case Generation and Analysis Feedback for Open Object-oriented Systems		conference-paper	We demonstrate how a static analysis feedback and unit test case generation framework, KUnit, built on the Bogor/ Kiasan symbolic execution engine provides an effective unit test case generation for sequential heap-intensive Java programs (whose computation structures are incomplete - open systems). KUnit leverages method contract information to better deal with open object-oriented systems and to support automatic mock object creation. To facilitate application to realistic software, KUnit allows the scope/cost of the analysis and test case generation to be controlled via notions of heap configuration coverage. In a broad experimental study on 23 Java data structure modules, we show that it is able to: (a) achieve 100% feasible branch coverage on almost all methods by using only small heap configurations, (b) improve on competing tools for coverage achieved, size of test suites, and time to generate test suites.
133	W1623496080	2010	https://doi.org/10.1007/978-3-642-13953-6_9	Contract-Driven Testing of JavaScript Code	Lecture notes in computer science	conference-paper	
134	W1571270892	2008	https://doi.org/10.1007/978-3-540-69149-5_18	Automated Test Generation and Verified Software	Lecture notes in computer science	conference-paper	
135	W1989167654	2003	https://doi.org/10.1023/b:pacs.0000004131.54590.fb	The UniTesK Approach to Designing Test Suites	Programming and Computer Software	article	
136	W2898182742	2018	https://doi.org/10.1145/3276531	Test generation for higher-order functions in dynamic languages	Proceedings of the ACM on Programming Languages	article	Test generation has proven to provide an effective way of identifying programming errors. Unfortunately, current test generation techniques are challenged by higher-order functions in dynamic languages, such as JavaScript functions that receive callbacks. In particular, existing test generators suffer from the unavailability of statically known type signatures, do not provide functions or provide only trivial functions as inputs, and ignore callbacks triggered by the code under test. This paper presents LambdaTester, a novel test generator that addresses the specific problems posed by higher-order functions in dynamic languages. The approach automatically infers at what argument position a method under test expects a callback, generates and iteratively improves callback functions given as input to this method, and uses novel test oracles that check whether and how callback functions are invoked. We apply LambdaTester to test 43 higher-order functions taken from 13 popular JavaScript libraries. The approach detects unexpected behavior in 12 of the 13 libraries, many of which are missed by a state-of-the-art test generator.
137	W2146079248	2008	https://doi.org/10.1145/1449764.1449803	Efficient software model checking of soundness of type systems		conference-paper	This paper presents novel techniques for checking the soundness of a type system automatically using a software model checker. Our idea is to systematically generate every type correct intermediate program state (within some finite bounds), execute the program one step forward if possible using its small step operational semantics, and then check that the resulting intermediate program state is also type correct--but do so efficiently by detecting similarities in this search space and pruning away large portions of the search space. Thus, given only a specification of type correctness and the small step operational semantics for a language, our system automatically checks type soundness by checking that the progress and preservation theorems hold for the language (albeit for program states of at most some finite size). Our preliminary experimental results on several languages--including a language of integer and boolean expressions, a simple imperative programming language, an object-oriented language which is a subset of Java, and a language with ownership types--indicate that our approach is feasible and that our search space pruning techniques do indeed significantly reduce what is otherwise an extremely large search space. Our paper thus makes contributions both in the area of checking soundness of type systems, and in the area of reducing the state space of a software model checker.
138	W2033890056	2011	https://doi.org/10.1007/s10515-011-0089-9	Efficient and formal generalized symbolic execution	Automated Software Engineering	article	
139	W2145212015	2007	https://doi.org/10.1145/1273463.1273472	Delta execution for efficient state-space exploration of object-oriented programs		conference-paper	"State-space exploration is the essence of model checking and an increasingly popular approach for automating test generation. A key issue in exploration of object-oriented programs is handling the program state, in particular the heap. Previous research has focused on standard program execution that operates on one state/heap. We present Delta Execution, a technique that simultaneously operates on several states/heaps. It exploits the fact that many execution paths in state-space exploration partially overlap and speeds up the exploration by sharing the common parts across the executions and separately executing only the ""deltas"" where the executions differ."
140	W2357666213	2016	https://doi.org/10.1145/2884781.2884876	Coverage-driven test code generation for concurrent classes		conference-paper	Previous techniques on concurrency testing have mainly focused on exploring the interleaving space of manually written test code to expose faulty interleavings of shared memory accesses. These techniques assume the availability of failure-inducing tests. In this paper, we present AutoConTest, a coverage-driven approach to generate effective concurrent test code that achieve high interleaving coverage. AutoConTest consists of three components. First, it computes the coverage requirements dynamically and iteratively during sequential test code generation, using a coverage metric that captures the execution context of shared memory accesses. Second, it smartly selects these sequential codes based on the computed result and assembles them for concurrent tests, achieving increased context-sensitive interleaving coverage. Third, it explores the newly covered interleavings. We have implemented AutoConTest as an automated tool and evaluated it using 6 real-world concurrent Java subjects. The results show that AutoConTest is able to generate effective concurrent tests that achieve high interleaving coverage and expose concurrency faults quickly. AutoConTest took less than 65 seconds (including program analysis, test generation and execution) to expose the faults in the program subjects.
141	W4250863065	2010	https://doi.org/10.1007/978-3-642-14107-2_27	Contract-Based Data Structure Repair Using Alloy	Lecture notes in computer science	conference-paper	
142	W2108020872	2007	https://doi.org/10.1007/978-3-540-73770-4_7	Using Contracts and Boolean Queries to Improve the Quality of Automatic Test Generation	Lecture notes in computer science	conference-paper	
143	W2546666763	2016	https://doi.org/10.1145/2950290.2950336	Field-exhaustive testing		conference-paper	We present a testing approach for object oriented programs, which encompasses a testing criterion and an automated test generation technique. The criterion, that we call field-exhaustive testing, requires a user-provided limit n on the size of data domains, and is based on the idea of considering enough inputs so as to exhaustively cover the extension of class fields, within the limit n. Intuitively, the extension of a field f is the binary relation established between objects and their corresponding values for field f, in valid instances. Thus, a suite S is field-exhaustive if whenever a field f relates an object o with a value v (i.e., o.f = v) within a valid instance I of size bounded by n, then S contains at least one input I' covering such relationship, i.e., o must also be part of I', and o.f = v must hold in I'. Our test generation technique uses incremental SAT solving to produce small field-exhaustive suites: field-exhaustiveness can be achieved with a suite containing at most # F x n2 inputs, where # F is the number of fields in the class under test.
144	W4238491079	2011	https://doi.org/10.1145/2076021.2048083	Synthesizing method sequences for high-coverage testing	ACM SIGPLAN Notices	article	High-coverage testing is challenging. Modern object-oriented programs present additional challenges for testing. One key difficulty is the generation of proper method sequences to construct desired objects as method parameters. In this paper, we cast the problem as an instance of program synthesis that automatically generates candidate programs to satisfy a user-specified intent. In our setting, candidate programs are method sequences, and desired object states specify an intent. Automatic generation of desired method sequences is difficult due to its large search space---sequences often involve methods from multiple classes and require specific primitive values. This paper introduces a novel approach, called Seeker, to intelligently navigate the large search space. Seeker synergistically combines static and dynamic analyses: (1) dynamic analysis generates method sequences to cover branches; (2) static analysis uses dynamic analysis information for not-covered branches to generate candidate sequences; and (3) dynamic analysis explores and eliminates statically generated sequences. For evaluation, we have implemented Seeker and demonstrate its effectiveness on four subject applications totalling 28K LOC. We show that Seeker achieves higher branch coverage and def-use coverage than existing state-of-the-art approaches. We also show that Seeker detects 34 new defects missed by existing tools.
145	W2022873981	2014	https://doi.org/10.1145/2635868.2635923	On the efficiency of automated testing		conference-paper	"The aim of automated program testing is to gain confidence about a program's correctness by sampling its input space. The sampling process can be either systematic or random. For every systematic testing technique the sampling is informed by the analysis of some program artefacts, like the specification, the source code (e.g., to achieve coverage), or even faulty versions of the program (e.g., mutation testing). This analysis incurs some cost. In contrast, random testing is unsystematic and does not sustain any analysis cost. In this paper, we investigate the theoretical efficiency of systematic versus random testing. First, we mathematically model the most effective systematic testing technique S_0 in which every sampled test input strictly increases the ""degree of confidence"" and is subject to the analysis cost c. Note that the efficiency of S_0 depends on c. Specifically, if we increase c, we also increase the time it takes S_0 to establish the same degree of confidence. So, there exists a maximum analysis cost beyond which R is generally more efficient than S_0. Given that we require the confidence that the program works correctly for x% of its input, we prove an upper bound on c of S_0, beyond which R is more efficient on the average. We also show that this bound depends asymptotically only on x. For instance, let R take 10ms time to sample one test input; to establish that the program works correctly for 90% of its input, S_0 must take less than 41ms to sample one test input. Otherwise, R is expected to establish the 90%-degree of confidence earlier. We prove similar bounds on the cost if the software tester is interested in revealing as many errors as possible in a given time span."
146	W4248280766	2005	https://doi.org/10.1145/1108792.1108817	Generalizing symbolic execution to library classes		conference-paper	Forward symbolic execution is a program analysis technique that allows using symbolic inputs to explore program executions. The traditional applications of this technique have focused on programs that manipulate primitive data types, such as integer or boolean. Recent extensions have shown how to handle reference types at their representation level. The extensions have favorably been backed by advances in constraint solving technology, and together they have made symbolic execution applicable, at least in theory, to a large class of programs. In practice, however, the increased potential for applications has created significant issues with scalability of symbolic execution to programs of non-trivial size---the ensuing path conditions rapidly become unfeasibly complex.We present Dianju, a new technique that aims to address the scalability of symbolic execution. The fundamental idea in Dianju is to perform symbolic execution of commonly used library classes (such as strings, sets and maps) at the abstract level rather than the representation level. Dianju defines semantics of operations on symbolic objects of these classes, which allows Dianju to abstract away from the complexity that is normally inherent in library implementations, thus promising scalable analyses based on symbolic execution.
147	W2124658927	2007	https://doi.org/10.1145/1297027.1297056	Starc		conference-paper	Data structure corruptions are insidious bugs that reduce the reliability of software systems. Constraint-based datastructure repair promises to help programs recover from potentially crippling corruption errors. Prior work repairs a variety of relatively small data structures, usually with hundreds of nodes.
148	W2885626945	2018	https://doi.org/10.1145/3236950.3236956	Symbolic Execution for JavaScript		conference-paper	We present a framework for trustworthy symbolic execution of JavaScripts programs, whose aim is to assist developers in the testing of their code: the developer writes symbolic tests for which the framework provides concrete counter-models. We create the framework following a new, general methodology for designing compositional program analyses for dynamic languages. We prove that the underlying symbolic execution is sound and does not generate false positives. We establish additional trust by using the theory to precisely guide the implementation and by thorough testing. We apply our framework to whole-program symbolic testing of real-world JavaScript libraries and compositional debugging of separation logic specifications of JavaScript programs.
149	W2952139678	2017	https://doi.org/10.1145/3140587.3062379	Skeletal program enumeration for rigorous compiler testing	ACM SIGPLAN Notices	article	A program can be viewed as a syntactic structure P (syntactic skeleton) parameterized by a collection of identifiers V (variable names). This paper introduces the skeletal program enumeration (SPE) problem: Given a syntactic skeleton P and a set of variables V , enumerate a set of programs P exhibiting all possible variable usage patterns within P. It proposes an effective realization of SPE for systematic, rigorous compiler testing by leveraging three important observations: (1) Programs with different variable usage patterns exhibit diverse control- and data-dependence, and help exploit different compiler optimizations; (2) most real compiler bugs were revealed by small tests (i.e., small-sized P) — this “small-scope” observation opens up SPE for practical compiler validation; and (3) SPE is exhaustive w.r.t. a given syntactic skeleton and variable set, offering a level of guarantee absent from all existing compiler testing techniques. The key challenge of SPE is how to eliminate the enormous amount of equivalent programs w.r.t. α-conversion. Our main technical contribution is a novel algorithm for computing the canonical (and smallest) set of all non-α-equivalent programs. To demonstrate its practical utility, we have applied the SPE technique to test C/C++ compilers using syntactic skeletons derived from their own regression test-suites. Our evaluation results are extremely encouraging. In less than six months, our approach has led to 217 confirmed GCC/Clang bug reports, 119 of which have already been fixed, and the majority are long latent despite extensive prior testing efforts. Our SPE algorithm also provides six orders of magnitude reduction. Moreover, in three weeks, our technique has found 29 CompCert crashing bugs and 42 bugs in two Scala optimizing compilers. These results demonstrate our SPE technique’s generality and further illustrate its effectiveness.
150	W3013861782	2013	https://doi.org/10.1145/2544173.2509555	Synthesis modulo recursive functions	ACM SIGPLAN Notices	article	We describe techniques for synthesis and verification of recursive functional programs over unbounded domains. Our techniques build on top of an algorithm for satisfiability modulo recursive functions, a framework for deductive synthesis, and complete synthesis procedures for algebraic data types. We present new counterexample-guided algorithms for constructing verified programs. We have implemented these algorithms in an integrated environment for interactive verification and synthesis from relational specifications. Our system was able to synthesize a number of useful recursive functions that manipulate unbounded numbers and data structures.
151	W4252162128	2011	https://doi.org/10.1145/2076021.2048082	PREFAIL	ACM SIGPLAN Notices	article	"As hardware failures are no longer rare in the era of cloud computing, cloud software systems must ""prevail"" against multiple, diverse failures that are likely to occur. Testing software against multiple failures poses the problem of combinatorial explosion of multiple failures. To address this problem, we present PreFail, a programmable failure-injection tool that enables testers to write a wide range of policies to prune down the large space of multiple failures. We integrate PreFail to three cloud software systems (HDFS, Cassandra, and ZooKeeper), show a wide variety of useful pruning policies that we can write for them, and evaluate the speed-ups in testing time that we obtain by using the policies. In our experiments, our testing approach with appropriate policies found all the bugs that one can find using exhaustive testing while spending 10X--200X less time than exhaustive testing."
152	W2112721145	2006	https://doi.org/10.1145/1146238.1146262	Application of automated environment generation to commercial software		conference-paper	Model checking can be an effective technique for detecting concurrency-related errors in software systems. However, due to scalability issues, to handle industrial-strength software, model checking needs to be combined with powerful reduction techniques. In this work, we applied modular model checking to detect errors in Interstage Business Process Management (I-BPM) software, a Java client-server application spanning more than 500,000 lines of code. To model check a separate module, one needs to represent its context of execution, i.e., its environment. Environment generation is a significant challenge, since the environment is to be general enough to uncover the module's errors, yet restrictive enough to allow tractable model checking.In this paper, we present an experimental study that demonstrates the effectiveness of environment generation as a reduction technique in general and the effectiveness of automated environment generation in particular. Since model checking of the original application was intractable, we compared performance of automatically generated environments to environments written previously by hand. Automatic environments were obtained using Bandera Environment Generator (BEG). We present results of modular verification for both manual and automatic environments. The results show that automatically generated environments produce systems with a smaller state space, yet, for faulty modules, uncover the errors and, for error-free modules, produce coverage similar to manual environments.
153	W1571510408	2006	https://doi.org/10.1007/11759744_7	Interactive Testing with HOL-TestGen	Lecture notes in computer science	conference-paper	
154	W2058224907	2008	https://doi.org/10.1145/1390630.1390637	Efficient solving of structural constraints		conference-paper	Structural constraint solving is being increasingly used for software reliability tasks such as systematic testing or error recovery. For example, the Korat algorithm provides constraint-based test generation: given a Java predicate that describes desired input constraints and a bound on the input size, Korat systematically searches the bounded input space of the predicate to generate all inputs that satisfy the constraints. As another example, the STARC tool uses a constraint-based search to repair broken data structures. A key issue for these approaches is the efficiency of search. This paper presents a novel approach that significantly improves the efficiency of structural constraint solvers. Specifically, most existing approaches use backtracking through code re-execution to explore their search space. In contrast, our approach performs checkpoint-based backtracking by storing partial program states and performing abstract undo operations. The heart of our approach is a light-weight search that is performed purely through code instrumentation. The experimental results on Korat and STARC for generating and repairing a set of complex data structures show an order to two orders of magnitude speed-up over the traditionally used searches.
155	W1753711502	2014	https://doi.org/10.1002/stvr.1527	Automatic test case evolution	Software Testing Verification and Reliability	article	SUMMARY Software systems evolve incrementally both during and after development, and many test cases become obsolete while software evolves. Updating test suites in the context of software evolution is a complex and time consuming activity. This article focuses on the problem of updating test suites automatically, and identifies eight scenarios that allow either to repair test cases or to use test cases to generate new ones, and proposes eight test evolution algorithms that automatically repair and generate test cases by adapting existing ones. This article presents a framework, TestCareAssistant ( TCA ), that implements the algorithms to support the evolution of test suites written in Java. The framework has been extensively evaluated on five different open source projects where it has been applied to repair 138 broken test cases, and to generate the test cases for 727 new classes and 2462 new methods. The results obtained with TCA indicate that the approach can successfully repair 90% of the broken test cases, create test cases that cover a large amount of code and complement the test cases that can be generated by state of the art techniques. Copyright © 2014 John Wiley &amp; Sons, Ltd.
156	W1976484136	2014	https://doi.org/10.1145/2660193.2660232	Bounded exhaustive test input generation from hybrid invariants		conference-paper	We present a novel technique for producing bounded exhaustive test suites from hybrid invariants, i.e., invariants that are expressed imperatively, declaratively, or as a combination of declarative and imperative predicates. Hybrid specifications are processed using known mechanisms for the imperative and declarative parts, but combined in a way that enables us to exploit information from the declarative side, such as tight bounds computed from the declarative specification, to improve the search both on the imperative and declarative sides. Moreover, our technique automatically evaluates different possible ways of processing the imperative side, and the alternative settings (imperative or declarative) for parts of the invariant available both declaratively and imperatively, to decide the most convenient invariant configuration with respect to efficiency in test generation. This is achieved by transcoping, i.e., by assessing the efficiency of the different alternatives on small scopes (where generation times are negligible), and then extrapolating the results to larger scopes.
157	W2028541840	2013	https://doi.org/10.1109/csmr.2013.26	A Study on the Relation between Antipatterns and the Cost of Class Unit Testing		conference-paper	Antipatterns are known as recurring, poor design choices, recent and past studies indicated that they negatively affect software systems in terms of understand ability and maintainability, also increasing change-and defect-proneness. For this reason, refactoring actions are often suggested. In this paper, we investigate a different side-effect of antipatterns, which is their effect on testability and on testing cost in particular. We consider as (upper bound) indicator of testing cost the number of test cases that satisfy the minimal data member usage matrix (MaDUM) criterion proposed by Bashir and Goel. A study-carried out on four Java programs, Ant 1.8.3, ArgoUML 0.20, Check Style 4.0, and JFreeChart 1.0.13-supports the evidence that, on the one hand, antipatterns unit testing requires, on average, a number of test cases substantially higher than unit testing for non-antipattern classes. On the other hand, antipattern classes must be carefully tested because they are more defect-prone than other classes. Finally, we illustrate how specific refactoring actions-applied to classes participating in antipatterns-could reduce testing cost.
158	W1507360212	2009	https://doi.org/10.1007/978-3-642-05089-3_48	An Incremental Approach to Scope-Bounded Checking Using a Lightweight Formal Method	Lecture notes in computer science	conference-paper	
159	W1516468169	2012	https://doi.org/10.1002/stvr.1477	Tool support for the Test Template Framework	Software Testing Verification and Reliability	article	This paper describes tool support that has been implemented for the Test Template Framework (TTF). The TTF is a model-based testing (MBT) method that is especially well suited for unit testing from Z specifications. Although the TTF is a sound MBT method and it has been widely referenced since its first publication, attention in recent years has decayed. In fact, some have argued that generating abstract test cases following the TTF is a manual task requiring its users to perform complex predicate manipulations. This paper shows that these observations are dubious by describing Fastest, a tool that implements solutions for all these issues and, according to many experiments, produces abstract test cases for more than 80% of the satisfiable test specifications. Furthermore, it is claimed that Fastest fulfils the needs of the Z user community regarding MBT tools, which is supported with a range of case studies. Copyright © 2012 John Wiley & Sons, Ltd.
160	W2025273237	2012	https://doi.org/10.1109/icst.2012.90	Bounded Program Verification Using an SMT Solver: A Case Study		conference-paper	We present a novel approach to bounded program verification that exploits recent advances of SMT solvers in modular checking of object-oriented code against its full specification. Bounded program verification techniques exhaustively check the specifications of a bounded program with respect to a bounded domain. To our knowledge, however, those techniques that target data-structure-rich programs reduce the problem to propositional logic directly, and use a SAT solver as the backend engine. Scalability, therefore, becomes a major issue due to bit blasting problems. In this paper, we present a novel approach that translates bounded Java programs and their JML specifications to quantified bit-vector formulas (QBVF) with arrays, and solves them using an SMT solver. QBVF allows logical constraints that are structurally closer to the original program and specification, and can be significantly simplified via high-level reasonings before being flattened in a basic logic. We also present a case study on a large-scale implementation of Dijkstra's shortest path algorithm. The results indicate that our approach provides significant speedups over a SAT-based approach.
161	W2792047288	2018	https://doi.org/10.1007/978-3-319-77935-5_28	Using Test Ranges to Improve Symbolic Execution	Lecture notes in computer science	conference-paper	
162	W2052190470	2012	https://doi.org/10.1145/2393596.2393635	Test input generation using dynamic programming		conference-paper	Constraint-based input generation is an effective technique for testing programs, such as compilers and web browsers, which have complex inputs. However, efficient generation of such inputs remains a challenging problem. We present a novel input generation technique that takes constraints written as recursive predicates in the underlying programming language and uses dynamic programming to solve the constraints efficiently. Our key insight is to leverage the recursive structure of desired inputs and partition the problem of generating an input into several sub-problems of generating smaller inputs that exhibit the same structure, and then to use dynamic programming -- a well-known problem solving methodology designed to exploit common sub-problems -- to combine them. A lazy initialization strategy and symbolic execution optimize our basic technique. Our technique provides not only bounded exhaustive input generation but also enables random input generation. We show the correctness of our technique. Furthermore, we present an experimental evaluation, which shows that our technique can provide over an order of magnitude performance improvement for input generation compared to Korat (an efficient solver for structural constraints) and Pex (a state-of-the-art tool for symbolic execution). Finally, we use our technique to effectively find bugs in production versions of Google Chrome and Apple Safari web browsers.
163	W1977585546	2012	https://doi.org/10.1145/2384616.2384623	Predicate abstraction of Java programs with collections		conference-paper	Our goal is to develop precise and scalable verification techniques for Java programs that use collections and properties that depend on their content. We apply the popular approach of predicate abstraction to Java programs and collections. The main challenge in this context is precise and compact modeling of collections that enables practical verification. We define a predicate language for modeling the observable state of Java collections at the interface level. Changes of the state by API methods are captured by weakest preconditions. We adapt existing techniques for construction of abstract programs. Most notably, we designed optimizations based on specific features of the predicate language. We evaluated our approach on Java programs that use collections in advanced ways. Our results show that interesting properties, such as consistency between multiple collections, can be verified using our approach. The properties are specified using logic formulas that involve predicates introduced by our language.
164	W3122914370	2020		Practical Constraint Solving for Generating System Test Data	Open Repository and Bibliography (University of Luxembourg)	article	The ability to generate test data is often a necessary prerequisite for automated software testing. For the generated data to be fit for their intended purpose, the data usually have to satisfy various logical constraints. When testing is performed at a system level, these constraints tend to be complex and are typically captured in expressive formalisms based on first-order logic. Motivated by improving the feasibility and scalability of data generation for system testing, we present a novel approach, whereby we employ a combination of metaheuristic search and Satisfiability Modulo Theories (SMT) for constraint solving. Our approach delegates constraint solving tasks to metaheuristic search and SMT in such a way as to take advantage of the complementary strengths of the two techniques. We ground our work on test data models specified in UML, with OCL used as the constraint language. We present tool support and an evaluation of our approach over three industrial case studies. The results indicate that, for complex system test data generation problems, our approach presents substantial benefits over the state-of-the-art in terms of applicability and scalability.
165	W4253311446	2015	https://doi.org/10.1145/2858949.2784766	Learning refinement types	ACM SIGPLAN Notices	article	We propose the integration of a random test generation system (capable of discovering program bugs) and a refinement type system (capable of expressing and verifying program invariants), for higher-order functional programs, using a novel lightweight learning algorithm as an effective intermediary between the two. Our approach is based on the well-understood intuition that useful, but difficult to infer, program properties can often be observed from concrete program states generated by tests; these properties act as likely invariants, which if used to refine simple types, can have their validity checked by a refinement type checker. We describe an implementation of our technique for a variety of benchmarks written in ML, and demonstrate its effectiveness in inferring and proving useful invariants for programs that express complex higher-order control and dataflow.
166	W19698396	2011	https://doi.org/10.1007/978-3-642-24690-6_11	A Dataflow Analysis to Improve SAT-Based Bounded Program Verification	Lecture notes in computer science	conference-paper	
167	W2522140787	2016	https://doi.org/10.1007/978-3-319-46520-3_29	A Sketching-Based Approach for Debugging Using Test Cases	Lecture notes in computer science	conference-paper	
168	W2921535292	2019	https://doi.org/10.1007/s10009-019-00512-8	EdSketch: execution-driven sketching for Java	International Journal on Software Tools for Technology Transfer	article	
169	W3032918068	2020	https://doi.org/10.1145/3385412.3386015	A study of the learnability of relational properties: model counting meets machine learning (MCML)		conference-paper	This paper introduces the MCML approach for empirically studying the learnability of relational properties that can be expressed in the well-known software design language Alloy. A key novelty of MCML is quantification of the performance of and semantic differences among trained machine learning (ML) models, specifically decision trees, with respect to entire (bounded) input spaces, and not just for given training and test datasets (as is the common practice). MCML reduces the quantification problems to the classic complexity theory problem of model counting, and employs state-of-the-art model counters. The results show that relatively simple ML models can achieve surprisingly high performance (accuracy and F1-score) when evaluated in the common setting of using training and test datasets -- even when the training dataset is much smaller than the test dataset -- indicating the seeming simplicity of learning relational properties. However, MCML metrics based on model counting show that the performance can degrade substantially when tested against the entire (bounded) input space, indicating the high complexity of precisely learning these properties, and the usefulness of model counting in quantifying the true performance.
170	W4313191183	2022	https://doi.org/10.1109/issre55969.2022.00054	Learning to Prune Infeasible Paths in Generalized Symbolic Execution		conference-paper	Symbolic execution allows one to systematically explore program paths by executing programs on symbolic inputs, and constructing path conditions that can be analyzed using constraint solving. When programs handle heap-allocated structures, and executions are assumed to begin in states satisfying a property like a precondition or invariant, symbolic execution not only needs to maintain path conditions, but also partially concrete heaps. Partially concrete heaps are increasingly concretized as symbolic execution progresses, and their feasibility (i.e., deciding whether they can be extended to fully concrete structures that satisfy the precondition) needs to be determined, to deem a path realizable and continue execution. This latter task generally requires the manual provision of routines to check the feasibility of partially concrete structures, which are often imprecise (e.g., do not detect all infeasible structures), and increase the cost of symbolic execution. In this paper, we improve the above situation by proposing an automated machine learning technique for determining whether a partially symbolic structure can be extended into a concrete structure satisfying a given invariant. Our approach does not require additional, manually provided routines for checking structure feasibility. It is based on recognizing feasible/infeasible partially symbolic structures by using a neural network, which is trained with automatically generated partially symbolic structures. These structures can be obtained by either symbolically executing the assumed invariant, or by generating and mutating structures using assumed-correct building routines. Our experiments, based on a benchmark of heap-allocated data structures of varying complexities, show that by incorporating our learned symbolic invariants as a pruning mechanism within Symbolic PathFinder, path infeasibility detection is greatly improved, as well as symbolic execution running times.
171	W4404299213	2024	https://doi.org/10.1145/3702971	An Empirical Study on the Suitability of Test-based Patch Acceptance Criteria	ACM Transactions on Software Engineering and Methodology	article	In this article, we empirically study the suitability of tests as acceptance criteria for automated program fixes, by checking patches produced by automated repair tools using a bug-finding tool, as opposed to previous works that used tests or manual inspections. We develop a number of experiments in which faulty programs from IntroClass , a known benchmark for program repair techniques, are fed to the program repair tools GenProg, Angelix, AutoFix, and Nopol, using test suites of varying quality, including those accompanying the benchmark. We then check the produced patches against formal specifications using a bug-finding tool. Our results show that, in the studied scenarios, automated program repair tools are significantly more likely to accept a spurious program fix than producing an actual one. Using bounded-exhaustive suites larger than the originally given ones (with about 100 and 1,000 tests) we verify that overfitting is reduced but (a) few new correct repairs are generated and (b) some tools see their performance reduced by the larger suites and fewer correct repairs are produced. Finally, by comparing with previous work, we show that overfitting is underestimated in semantics-based tools and that patches not discarded using held-out tests may be discarded using a bug-finding tool.
172	W2148966220	2006	https://doi.org/10.1007/s10009-004-0175-4	Coverage metrics for formal verification	International Journal on Software Tools for Technology Transfer	article	
173	W1491859150	2004	https://doi.org/10.1007/978-3-540-30482-1_27	Automatic Extraction of Object-Oriented Observer Abstractions from Unit-Test Executions	Lecture notes in computer science	conference-paper	
174	W1990543981	2007	https://doi.org/10.1007/s10515-007-0015-3	JWalk: a tool for lazy, systematic testing of java classes by design introspection and user interaction	Automated Software Engineering	article	
175	W2100509764	2005	https://doi.org/10.1145/1081706.1081745	Parameterized unit tests with unit meister		conference-paper	Parameterized unit tests extend the current industry practice of using closed unit tests defined as parameterless methods. Traditional closed unit tests are re-obtained by instantiating the parameterized unit tests. We have developed the prototype tool Unit Meister, which uses symbolic execution and constraint solving to automatically compute a minimal set of inputs that exercise a parameterized unit test given certain coverage criteria. In addition, the parameterized unit tests can be used as symbolic summaries during symbolic execution, which allows our approach to scale for arbitrary abstraction levels. Unit Meister has a command-line interface, and is also integrated into Visual Studio 2005 Team System.
176	W2097223288	2006	https://doi.org/10.1109/sew.2005.33	On the Use of Specification-Based Assertions as Test Oracles		conference-paper	"The ""oracle problem"" is a well-known challenge for software testing. Without some means of automatically computing the correct answer for test cases, testers must instead compute the results by hand, or use a previous version of the software. In this paper, we investigate the feasibility of revealing software faults by augmenting the code with complete, specification-based assertions. Our evaluation method is to (1) develop a formal specification, (2) translate this specification into assertions, (3) inject or identify existing faults, and (4) for each version of the assertion-enhanced system containing a fault, execute it using a set of test inputs and check for assertion violations. Our goal is to determine whether specification-based assertions are a viable method of revealing faults, and to begin to assess the extent to which their cost-effectiveness can be improved. Our evaluation is based on two case studies involving real-world software systems. Our results indicate that specification-based assertions can effectively reveal faults, as long as they adversely affect the program state. We describe techniques that we used for translating high-level specifications into code-level assertions. We also discuss the costs associated with the approach, and potential techniques for reducing these costs."
177	W4205898598	2005	https://doi.org/10.1109/icse.2005.1553585	Check 'n' crash: combining static checking and testing		conference-paper	We present an automatic error-detection approach that combines static checking and concrete test-case generation. Our approach consists of taking the abstract error conditions inferred using theorem proving techniques by a static checker (ESC/Java), deriving specific error conditions using a constraint solver, and producing concrete test cases (with the JCrasher tool) that are executed to determine whether an error truly exists. The combined technique has advantages over both static checking and automatic testing individually. Compared to ESC/Java, we eliminate spurious warnings and improve the ease-of-comprehension of error reports through the production of Java counterexamples. Compared to JCrasher, we eliminate the blind search of the input space, thus reducing the testing time and increasing the test quality.
178	W2070840290	2006	https://doi.org/10.1145/1134285.1134427	Automatic extraction of abstract-object-state machines from unit-test executions		conference-paper	An automatic test-generation tool can produce a large number of test inputs to exercise the class under test. However, without specifications, developers cannot inspect the execution of each automatically generated test input practically. To address the problem, we have developed an automatic test abstraction tool, called Abstra, to extract high level object-state-transition information from unit-test executions, without requiring a priori specifications. Given a class and a set of its generated test inputs, our tool extracts object state machines (OSM): a state in an OSM represents an object state of the class and a transition in an OSM represents method calls of the class. When an object state in an OSM is concrete (being represented by the values of all fields reachable from the object), the size of the OSM could be too large to be useful for inspection. To address this issue, we have developed techniques in the tool to abstract object states based on returns of observer methods, branch coverage of methods, and individual object fields, respectively. The tool provides useful object-state-transition information for programmers to inspect unit-test executions effectively. In particular, the tool helps facilitate correctness inspection, program understanding, fault isolation, and test characterization.
179	W2085025498	2005	https://doi.org/10.1145/1081706.1081740	Relational analysis of algebraic datatypes		conference-paper	We present a technique that enables the use of finite model finding to check the satisfiability of certain formulas whose intended models are infinite. Such formulas arise when using the language of sets and relations to reason about structured values such as algebraic datatypes. The key idea of our technique is to identify a natural syntactic class of formulas in relational logic for which reasoning about infinite structures can be reduced to reasoning about finite structures. As a result, when a formula belongs to this class, we can use existing finite model finding tools to check whether the formula holds in the desired infinite model.
180	W2401817103	2015	https://doi.org/10.1016/bs.adcom.2015.04.002	Recent Advances in Automatic Black-Box Testing	Advances in computers	book-chapter	
181	W3012238446	2010	https://doi.org/10.1145/1707801.1706325	Decision procedures for algebraic data types with abstractions	ACM SIGPLAN Notices	article	We describe a family of decision procedures that extend the decision procedure for quantifier-free constraints on recursive algebraic data types (term algebras) to support recursive abstraction functions. Our abstraction functions are catamorphisms (term algebra homomorphisms) mapping algebraic data type values into values in other decidable theories (e.g. sets, multisets, lists, integers, booleans). Each instance of our decision procedure family is sound; we identify a widely applicable many-to-one condition on abstraction functions that implies the completeness. Complete instances of our decision procedure include the following correctness statements: 1) a functional data structure implementation satisfies a recursively specified invariant, 2) such data structure conforms to a contract given in terms of sets, multisets, lists, sizes, or heights, 3) a transformation of a formula (or lambda term) abstract syntax tree changes the set of free variables in the specified way.
182	W1556995871	2007	https://doi.org/10.1007/978-3-540-73770-4_12	White-Box Testing by Combining Deduction-Based Specification Extraction and Black-Box Testing	Lecture notes in computer science	conference-paper	
183	W2162488023	2008	https://doi.org/10.1109/taic-part.2008.10	Alternating GUI Test Generation and Execution		conference-paper	"Users of today's software perform tasks by interacting with a graphical user interface (GUI) front-end via sequences of input events. Due to the flexibility offered by most GUIs, the number of event sequences grows exponentially with length. One ubiquitous challenge of GUI testing is to selectively generate those sequences that lead to potentially problematic states. This paper presents ALT, a new technique that generates GUI test cases in batches, by leveraging GUI run-time information from a previously run batch to obtain the next batch. Each successive batch consists of ""longer"" test cases that expand the state space to be explored, yet prune the ""unimportant"" states. The ""alternating"" nature of ALT allows it to enhance the next batch by leveraging certain relationships between GUI events (e.g., one enables the other, one alters the other's execution) that are revealed only at run-time and non-trivial to infer statically. An empirical study on four fielded GUI-based applications demonstrates that ALT is successful at identifying complex failure-causing interactions between GUI events."
184	W2001698600	2012	https://doi.org/10.1145/2245276.2231988	Staged symbolic execution		conference-paper	Recent advances in constraint solving technology and raw computation power have led to a substantial increase in the effectiveness of techniques based on symbolic execution for systematic bug finding. However, scaling symbolic execution remains a challenging problem.
185	W2073143859	2013	https://doi.org/10.1109/ase.2013.6693075	Ranger: Parallel analysis of alloy models by range partitioning		conference-paper	We present a novel approach for parallel analysis of models written in Alloy, a declarative extension of first-order logic based on relations. The Alloy language is supported by the fully automatic Alloy Analyzer, which translates models into propositional formulas and uses off-the-shelf SAT technology to solve them. Our key insight is that the underlying constraint satisfaction problem can be split into subproblems of lesser complexity by using ranges of candidate solutions, which partition the space of all candidate solutions. Conceptually, we define a total ordering among the candidate solutions, split this space of candidates into ranges, and let independent SAT searches take place within these ranges' endpoints. Our tool, Ranger, embodies our insight. Experimental evaluation shows that Ranger provides substantial speedups (in several cases, superlinear ones) for a variety of hard-to-solve Alloy models, and that adding more hardware reduces analysis costs almost linearly.
186	W2106960036	2011	https://doi.org/10.1145/1985793.1986036	Palus		conference-paper	In object-oriented programs, a unit test often consists of a sequence of method calls that create and mutate objects. It is challenging to automatically generate sequences that are legal and behaviorally-diverse, that is, reaching as many different program states as possible.
187	W2112986562	2010	https://doi.org/10.1145/1810295.1810333	Dynamic symbolic data structure repair		conference-paper	"Generic repair of complex data structures is a new and exciting area of research. Existing approaches can integrate with good software engineering practices such as program assertions. But in practice there is a wide variety of assertions and not all of them satisfy the style rules imposed by existing repair techniques. I.e., a ""badly"" written assertion may render generic repair inefficient or ineffective. In this paper we build on the state of the art in generic repair and discuss how generic repair can work effectively with a wider range of correctness conditions."
188	W2548921736	2016	https://doi.org/10.1145/2950290.2983959	Combinatorial generation of structurally complex test inputs for commercial software applications		conference-paper	Despite recent progress in automated test generation research, significant challenges remain for applying these techniques on large-scale software systems. These systems under test often require structurally complex test inputs within a large input domain. It is challenging to automatically generate a reasonable number of tests that are both legal and behaviorally-diverse to exercise these systems. Constraint-based test generation is an effective approach for generating structurally complex inputs for systematic testing. While this approach can typically generate large numbers of tests, it has limited scalability – tests generated are usually only up to a small bound on input size. Combinatorial test generation, e.g., pair-wise testing, is a more scalable approach but is challenging to apply on commercial software systems that require complex input structures that cannot be formed by using arbitrary combinations. This paper introduces comKorat, which unifies constraint-based generation of structurally complex tests with combinatorial testing. Specifically, comKorat integrates Korat and ACTS test generators to generate test suites for large scale software systems with structurally complex test inputs. We have successfully applied comKorat on four software applications developed at eBay and Yahoo!. The experimental results show that comKorat outperforms existing solutions in execution time and test coverage. Furthermore, comKorat found a total of 59 previously unknown bugs in the four applications.
189	W2982655353	2019	https://doi.org/10.1007/978-3-030-32409-4_21	Solution Enumeration Abstraction: A Modeling Idiom to Enhance a Lightweight Formal Method	Lecture notes in computer science	conference-paper	
190	W2763999340	2017	https://doi.org/10.1145/3133918	Bounded exhaustive test-input generation on GPUs	Proceedings of the ACM on Programming Languages	article	Bounded exhaustive testing is an effective methodology for detecting bugs in a wide range of applications. A well-known approach for bounded exhaustive testing is Korat. It generates all test inputs, up to a given small size, based on a formal specification that is written as an executable predicate and characterizes properties of desired inputs. Korat uses the predicate's executions on candidate inputs to implement a backtracking search based on pruning to systematically explore the space of all possible inputs and generate only those that satisfy the specification. This paper presents a novel approach for speeding up test generation for bounded exhaustive testing using Korat. The novelty of our approach is two-fold. One, we introduce a new technique for writing the specification predicate based on an abstract representation of candidate inputs, so that the predicate executes directly on these abstract structures and each execution has a lower cost. Two, we use the abstract representation as the basis to define the first technique for utilizing GPUs for systematic test generation using executable predicates. Moreover, we present a suite of optimizations that enable effective utilization of the computational resources offered by modern GPUs. We use our prototype tool KoratG to experimentally evaluate our approach using a suite of 7 data structures that were used in prior studies on bounded exhaustive testing. Our results show that our abstract representation can speed up test generation by 5.68 times on a standard CPU, while execution on a GPU speeds up the execution, on average, by 17.46 times.
191	W2937521294	2019	https://doi.org/10.1007/s11334-019-00331-9	A synergistic approach to improving symbolic execution using test ranges	Innovations in Systems and Software Engineering	article	
192	W2762387874	2017	https://doi.org/10.1145/3133915	A solver-aided language for test input generation	Proceedings of the ACM on Programming Languages	article	Developing a small but useful set of inputs for tests is challenging. We show that a domain-specific language backed by a constraint solver can help the programmer with this process. The solver can generate a set of test inputs and guarantee that each input is different from other inputs in a way that is useful for testing. This paper presents Iorek: a tool that empowers the programmer with the ability to express to any SMT solver what it means for inputs to be different. The core of Iorek is a rich language for constraining the set of inputs, which includes a novel bounded enumeration mechanism that makes it easy to define and encode a flexible notion of difference over a recursive structure. We demonstrate the flexibility of this mechanism for generating strings. We use Iorek to test real services and find that it is effective at finding bugs. We also build Iorek into a random testing tool and show that it increases coverage.
193	W2963228000	2019	https://doi.org/10.1007/978-3-030-30942-8_27	Concolic Testing Heap-Manipulating Programs	Lecture notes in computer science	conference-paper	
194	W17191477	2012	https://doi.org/10.1016/b978-0-12-396535-6.00001-6	Model-Based Testing: Achievements and Future Challenges	Advances in computers	book-chapter	
195	W2087686900	2010	https://doi.org/10.1007/s11334-010-0124-1	Randomized constraint solvers: a comparative study	Innovations in Systems and Software Engineering	article	
196	W2063975733	2008	https://doi.org/10.1145/1368088.1368223	Deryaft		conference-paper	Deryaft is a tool for generating likely representation invariants of structurally complex data. Given a small set of concrete structures, Deryaft analyzes their key characteristics to formulate local and global properties that the structures exhibit. For effective formulation of structural invariants, Deryaft focuses on graph properties, including reachability, and views the program heap as an edge-labeled graph. Deryaft outputs a Java predicate that represents the invariants; the predicate takes an input structure and returns true if and only if it satisfies the invariants.
197	W2110988764	2013	https://doi.org/10.1145/2483760.2483770	Parallel bounded analysis in code with rich invariants by refinement of field bounds		conference-paper	In this article we present a novel technique for automated parallel bug-finding based on the sequential analysis tool TACO. TACO is a tool based on SAT-solving for efficient bug-finding in Java code with rich class invariants. It prunes the SAT-solver's search space by introducing precise symmetry-breaking predicates and bounding the relational semantics of Java class fields. The bounds computed by TACO generally include a substantial amount of nondeterminism; its reduction allows us to split the original analysis into disjoint subproblems. We discuss the soundness and completeness of the decomposition. Furthermore, we present experimental results showing that MUCHO-TACO, our tool which implements this technique, yields significant speed-ups over TACO on commodity cluster hardware.
198	W2613553457	2017	https://doi.org/10.1145/3053430	Augmenting Field Data for Testing Systems Subject to Incremental Requirements Changes	ACM Transactions on Software Engineering and Methodology	article	When testing data processing systems, software engineers often use real-world data to perform system-level testing. However, in the presence of new data requirements, software engineers may no longer benefit from having real-world data with which to perform testing. Typically, new test inputs complying with the new requirements have to be manually written. We propose an automated model-based approach that combines data modelling and constraint solving to modify existing field data to generate test inputs for testing new data requirements. The approach scales in the presence of complex and structured data, thanks to both the reuse of existing field data and the adoption of an innovative input generation algorithm based on slicing the model into parts. We validated the scalability and effectiveness of the proposed approach using an industrial case study. The empirical study shows that the approach scales in the presence of large amounts of structured and complex data. The approach can produce, within a reasonable time, test input data that is over ten times larger in size than the data generated with constraint solving only. We also demonstrate that the generated test inputs achieve more code coverage than the test cases implemented by experienced software engineers.
199	W1983969199	2014	https://doi.org/10.1007/s11219-014-9237-3	PBCOV: a property-based coverage criterion	Software Quality Journal	article	
200	W2278602989	2015	https://doi.org/10.1145/2830719.2830729	Distributed Assertion Checking Using Symbolic Execution	ACM SIGSOFT Software Engineering Notes	article	Annotating functional correctness properties of code using assertions, in principle, enables systematic checking of code against behavioral properties. In practice however, checking assertions can be costly, especially for complex code annotated with rich behavioral properties. This paper introduces a novel approach for distributing the problem of checking assertions for better scalability. Leveraging that assertions should be side effect free, our approach distributes assertion checking into simpler sub-problems---each focusing on checking one single assertion, so that different assertions are checked in parallel among multiple workers. Furthermore, the sub-problem analysis performed by each worker is guided by the checked assertion to avoid irrelevant path exploration and is prioritized based on the distance towards the checked assertion to provide earlier feedback. A case study shows that our approach can provide a reduction in analysis time required for symbolic execution of Java programs compared to non-distributed approach using the Symbolic PathFinder tool.
201	W2735862176	2017	https://doi.org/10.1145/3092282.3092293	Optimizing parallel Korat using invalid ranges		conference-paper	Constraint-based input generation enables systematic testing for effective bug finding, but requires exploration of very large spaces of candidate inputs. This paper introduces a novel approach to optimize input generation using Korat – a solver for constraints written as imperative predicates in Java – when Korat is executed more than once for the same constraint solving problem. Our key insight is that in certain application scenarios the Korat search over the same state space and constraint is repeated across separate runs of Korat, and an earlier run can be summarized to optimize a later run. We introduce invalid ranges to represent parts of the exploration space that do not contain any valid inputs but must be explicitly explored by Korat. Our approach directly prunes these parts in a future run of Korat over the same search problem. We develop our approach for two settings: a sequential setting where the Korat search is run using one worker (i.e., processing unit), and a parallel setting where the search is distributed to several workers. In the parallel setting, we build on a previous technique for parallel Korat, namely SEQ-ON, and integrate invalid ranges with it. Experimental evaluation using 6 subjects show that our approach achieves: in the sequential setting, a speedup of up to 2.82X over sequential Korat (in comparison, SEQ-ON does not provide any speedup in the sequential setting); and in the distributed setting, using up to 32 workers, a speedup of up to 38.84X over sequential Korat (using 1 worker), and up to 3.04X over SEQ-ON in terms of total execution time across the workers.
202	W3110562743	2020	https://doi.org/10.1145/3428285	Unifying execution of imperative generators and declarative specifications	Proceedings of the ACM on Programming Languages	article	We present Deuterium---a framework for implementing Java methods as executable contracts. Deuterium introduces a novel, type-safe way to write method contracts entirely in Java, as a combination of imperative generators and declarative specifications (written in a first-order relational logic with transitive closure). Existing approaches are typically based on encoding both the specification and the program heap into a constraint language, and then using an off-the-shelf constraint solver---without any additional guidance---to search for a new program heap that satisfies the specification. Deuterium takes advantage of user-provided generators to prune the search space and reduce incurred overhead of constraint solving. Deuterium supports two ways of solving declarative constraints: SAT-based and search-based with in-memory state exploration. We evaluate our approach on a suite of data structures, established as a standard benchmark by prior work. Furthermore, we use random and sequence-based test generation to create a new benchmark designed to mimic realistic execution scenarios. Our results show that generators improve the performance of executable contracts and that in-memory state exploration is the algorithm of choice when heap sizes are small.
203	W4230462374	2008	https://doi.org/10.1145/1449955.1449803	Efficient software model checking of soundness of type systems	ACM SIGPLAN Notices	article	This paper presents novel techniques for checking the soundness of a type system automatically using a software model checker. Our idea is to systematically generate every type correct intermediate program state (within some finite bounds), execute the program one step forward if possible using its small step operational semantics, and then check that the resulting intermediate program state is also type correct--but do so efficiently by detecting similarities in this search space and pruning away large portions of the search space. Thus, given only a specification of type correctness and the small step operational semantics for a language, our system automatically checks type soundness by checking that the progress and preservation theorems hold for the language (albeit for program states of at most some finite size). Our preliminary experimental results on several languages--including a language of integer and boolean expressions, a simple imperative programming language, an object-oriented language which is a subset of Java, and a language with ownership types--indicate that our approach is feasible and that our search space pruning techniques do indeed significantly reduce what is otherwise an extremely large search space. Our paper thus makes contributions both in the area of checking soundness of type systems, and in the area of reducing the state space of a software model checker.
204	W2071533661	2015	https://doi.org/10.1145/2804295.2804298	Linking unit tests and properties		conference-paper	QuickCheck allows us to verify software against particular properties. A property can be regarded as an abstraction over many unit tests. QuickCheck uses generated random input data to test such properties. If a counterexample is found, it becomes immediately clear what we have tested. This is not the case when all tests pass, since we do not (and shall not) see the actual generated test cases. How can we be sure about what is tested? QuickCheck has the ability to gather statistics about the test cases, which is insightful. But still it does not tell us whether the particular unit test scenarios we have in mind are included. For this reason, we have developed a tool that can answer this question. It checks if a given unit test can be generated by a property, making it easier to judge the property's quality. We have applied our tool to an industrial use case of testing the AUTOSAR basic software modules and shows that it can handle complex models and large unit tests.
205	W2124315146	2015	https://doi.org/10.1145/2771783.2771804	Test-case generation for runtime analysis and vice versa: verification of aircraft separation assurance		conference-paper	This paper addresses the problem of specifying properties of aircraft separation assurance software, and verifying these properties at runtime. In particular, we target AutoResolver, a large, complex air-traffic control system that predicts and resolves aircraft loss of separation. In previous work, we developed a light-weight testing environment for AutoResolver. Our work contributed a wrapper around AutoResolver, which enabled the automated generation and fast execution of hundreds of thousands of tests. The focus of the work presented here is in specifying requirements for AutoResolver, in ensuring the generation of test cases that cover these requirements, and in developing a runtime infrastructure for automatically checking the requirements. Such infrastructure must be completely transparent to the AutoResolver code base. Our work combines test-case generation and runtime verification in innovative ways in order to address these challenges. The paper includes a detailed evaluation and discussion of our verification effort.
206	W3206776868	2021	https://doi.org/10.1145/3485543	Programming and execution models for parallel bounded exhaustive testing	Proceedings of the ACM on Programming Languages	article	Bounded-exhaustive testing (BET), which exercises a program under test for all inputs up to some bounds, is an effective method for detecting software bugs. Systematic property-based testing is a BET approach where developers write test generation programs that describe properties of test inputs. Hybrid test generation programs offer the most expressive way to write desired properties by freely combining declarative filters and imperative generators. However, exploring hybrid test generation programs, to obtain test inputs, is both computationally demanding and challenging to parallelize. We present the first programming and execution models, dubbed Tempo, for parallel exploration of hybrid test generation programs. We describe two different strategies for mapping the computation to parallel hardware and implement them both for GPUs and CPUs. We evaluated Tempo by generating instances of various data structures commonly used for benchmarking in the BET domain. Additionally, we generated CUDA programs to stress test CUDA compilers, finding four bugs confirmed by the developers.
207	W4313547540	2022	https://doi.org/10.1145/3551349.3556965	LISSA: Lazy Initialization with Specialized Solver Aid		conference-paper	Programs that deal with heap-allocated inputs are difficult to analyze with symbolic execution (SE). Lazy Initialization (LI) is an approach to SE that deals with heap-allocated inputs by starting SE over a fully symbolic heap, and initializing the inputs’ fields on demand, as the program under analysis accesses them. However, when the program’s assumed precondition has structural constraints over the inputs, operationally captured via repOK routines, LI may produce spurious symbolic structures, making SE traverse infeasible paths and undermining SE’s performance. repOK can only decide the feasibility of fully concrete structures, and thus previous work relied on manually crafted specifications designed to decide the (in)validity of partially symbolic inputs, to avoid producing spurious symbolic structures. However, these additional specifications require significant further effort from the developers.
208	W4389544366	2023	https://doi.org/10.1109/icsme58846.2023.00066	Specification-based Test Case Generation for C++ Engineering Software		conference-paper	The evolution and re-engineering of software is strongly supported by comprehensive test suites for checking the correctness and robustness of software systems. However, this requires comprehensive test suites to be in place or developed prior to re-engineering of systems. Many techniques and strategies have been proposed to automate the creation of test suites. Specification-based testing aims to use all available behavioral specifications of software to drive black-box testing of software. In this paper, we present an approach, which applies specification-based testing to component software in the engineering domain, supporting an ongoing re-engineering process aiming to transform monolithic C++ engineering software into reusable fine-grained computational services. The developed test generator (TxTea) uses source code annotations added to component interface definitions and drives test data generation by a randomized testing approach, which integrates a satisfiability modulo theories (SMT) solver to check satisfiability and generate test data for comprehensive preconditions. As we show, TxTea can be successfully applied to a given component technology, and as we discuss in this paper, the customized specification language and generic implementation make reuse in more general use cases feasible.
209	W4388212737	2023	https://doi.org/10.1109/issre59848.2023.00080	Precise Lazy Initialization for Programs with Complex Heap Inputs		conference-paper	"Lazy initialization enables symbolic execution for programs with heap-allocated inputs. It starts the program execution with a symbolic heap and concretizes it on demand as the program accesses it. However, the main challenge of lazy initialization is efficiently determining whether the current symbolic heap becomes infeasible with respect to the program’s precondition. Pruning infeasible heaps is crucial to avoid significant runtime overhead and false alarms.In this paper, we propose PLI (Precise Lazy Initialization), an approach that precisely decides whether there exists a concretization of the current symbolic heap that satisfies the program’s precondition. Unlike previous approaches, PLI also takes into account the constraints in the path condition to determine the feasibility of the current symbolic heap. Furthermore, PLI allows preconditions to be specified as standard operational predicates for concrete structures, eliminating the need for additional specifications tailored to symbolic heaps.In our empirical evaluation, PLI demonstrated comparable performance to existing lazy approaches while reducing the number of explored paths by 43% (all infeasible) and eliminating all false alarms in the analysis. Moreover, PLI exhibited faster execution and better scalability compared to ""eager"" (enumeration-based) approaches, achieving a 67% reduction in explored paths."
210	W4413214807	2025	https://doi.org/10.1145/3712255.3726698	Search-based Inference of Class Invariants	Proceedings of the Genetic and Evolutionary Computation Conference Companion	conference-paper	Many techniques in formal verification and software testing rely on repOk routines to verify the consistency and validity of software components with complex data representations. A repOk function encodes the state properties necessary for an instance to be a valid object of the class under analysis, enabling early error detection and simplifying debugging. However, writing a correct and complete repOk can be challenging. This paper introduces Express, the first search-based algorithm designed to automatically generate a correct repOk for a given class. Express leverages simulated annealing, using the source code and test suite of the class under analysis to iteratively construct a repOk. We demonstrate how Express works on the LinkedList class of the Java standard library, and show that it produces a correct and complete repOK.
211	W7125897915	2025	https://doi.org/10.1109/ase63991.2025.00222	State Field Coverage: A Metric for Oracle Quality		conference-paper	The effectiveness of testing in uncovering software defects depends not only on the characteristics of the test inputs and how thoroughly they exercise the software, but also on the quality of the oracles used to determine whether the software behaves as expected. Therefore, assessing the quality of oracles is crucial to improve the overall effectiveness of the testing process. Existing metrics have been used for this purpose, but they either fail to provide a comprehensive basis for guiding oracle improvement, or they are tailored to specific types of oracles, thus limiting their generality.In this paper, we introduce state field coverage, a novel metric for assessing oracle quality. This metric measures the proportion of an object’s state, as statically defined by its class fields, that an oracle may access during test execution. The main intuition of our metric is that oracles with a higher state field coverage are more likely to detect faults in the software under analysis, as they inspect a larger portion of the object states to determine whether tests pass or not.We implement a mechanism to statically compute the state field coverage metric. Being statically computed, the metric is efficient and provides direct guidance for improving test oracles by identifying state fields that remain unexamined. We evaluate state field coverage through experiments involving 273 representation invariants and 249,027 test assertions. The results show that state field coverage is a well-suited metric for assessing oracle quality, as it strongly correlates with the oracles’ fault-detection ability, measured by mutation score.
212	W2096824803	2006	https://doi.org/10.1145/1167473.1167504	Efficient software model checking of data structure properties		conference-paper	This paper presents novel language and analysis techniques that significantly speed up software model checking of data structure properties. Consider checking a red-black tree implementation. Traditional software model checkers systematically generate all red-black tree states (within some given bounds) and check every red-black tree operation (such as insert, delete, or lookup) on every red-black tree state. Our key idea is as follows. As our checker checks a red-black tree operation o on a red-black tree state s, it uses program analysis techniques to identify other red-black tree states s'1, s'2, ..., s'k on which the operation o behaves similarly. Our analyses guarantee that if o executes correctly on s, then o will execute correctly on every s'i. Our checker therefore does not need to check o on any s'i once it checks o on s. It thus safely prunes those state transitions from its search space, while still achieving complete test coverage within the bounded domain. Our preliminary results show orders of magnitude improvement over previous approaches. We believe our techniques can make model checking significantly faster, and thus enable checking of much larger programs and complex program properties than currently possible.
213	W2161836710	2005	https://doi.org/10.1145/1082983.1083284	Environment behavior models for scenario generation and testing automation	ACM SIGSOFT Software Engineering Notes	article	This paper suggests an approach to automatic scenario generation from environment models for testing of real-time reactive systems. The behavior of the system is defined as a set of events (event trace) with two basic relations: precedence and inclusion. The attributed event grammar (AEG) specifies possible event traces and provides a uniform approach for automatically generating, executing, and analyzing test cases. The environment model includes a description of hazardous states in which the system may arrive and makes it possible to gather statistics for system safety assessment. The approach is supported by a generator that creates test cases from the AEG models. We demonstrate the approach with case studies of prototypes for the safety-critical computer-assisted resuscitation algorithm (CARA) software for a casualty intravenous fluid infusion pump and the Paderborn Shuttle System.
214	W2043375653	2005	https://doi.org/10.1145/1101908.1101983	Test input generation for red-black trees using abstraction		conference-paper	We consider the problem of test input generation for code that manipulates complex data structures. Test inputs are sequences of method calls from the data structure interface. We describe test input generation techniques that rely on state matching to avoid generation of redundant tests. Exhaustive techniques use explicit state model checking to explore all the possible test sequences up to predefined input sizes. Lossy techniques rely on abstraction mappings to compute and store abstract versions of the concrete states; they explore under-approximations of all the possible test sequences. We have implemented the techniques on top of the Java PathFinder model checker and we evaluate them using a Java implementation of red-black trees.
215	W1542690313	2006	https://doi.org/10.1007/11813040_29	Automated Boundary Test Generation from JML Specifications	Lecture notes in computer science	conference-paper	
216	W2142756246	2007	https://doi.org/10.1007/978-3-540-71209-1_5	Generating Representation Invariants of Structurally Complex Data	Lecture notes in computer science	conference-paper	
217	W2162805102	2007	https://doi.org/10.1109/taic.part.2007.11	On Test Data Generation of Object-Oriented Software		conference-paper	Nowadays, object-oriented (OO) languages are widely used in the development of many different kinds of applications. However, testing those applications is still very expensive and time-consuming for the software community. The automation of this task would therefore be highly desirable. Although automatic testing of procedural software has been studied in depth for many years, comparatively little work has been done about OO software. Different techniques exist. However, the most promising one is probably to model the task as a search problem. This paper explains why automatic testing of OO software is more difficult than procedural software. These difficulties provide strong challenges to the natural computation and software engineering communities. A brief review of the literature of the subject follows. The issues of the current state-of-art of the field are then outlined. Finally, some open research problems are discussed.
218	W1975474596	2014	https://doi.org/10.1145/2544135	Generating Test Cases for Programs that Are Coded against Interfaces and Annotations	ACM Transactions on Software Engineering and Methodology	article	Automatic test case generation for software programs is very powerful but suffers from a key limitation. That is, most current test case generation techniques fail to cover testee code when covering that code requires additional pieces of code not yet part of the program under test. To address some of these cases, the Pex state-of-the-art test case generator can generate basic mock code. However, current test case generators cannot handle cases in which the code under test uses multiple interfaces, annotations, or reflection. To cover such code in an object-oriented setting, we describe a novel technique for generating test cases and mock classes. The technique consists of collecting constraints on interfaces, annotations, and reflection, combining them with program constraints collected during dynamic symbolic execution, encoding them in a constraint system, solving them with an off-the-shelf constraint solver, and mapping constraint solutions to test cases and custom mock classes. We demonstrate the value of this technique on open-source applications. Our approach covered such third-party code with generated mock classes, while competing approaches failed to cover the code and sometimes produced unintended side-effects such as filling the screen with dialog boxes and writing into the file system.
219	W2046969592	2008	https://doi.org/10.1134/s0361768808060066	Automation of broad sanity test generation	Programming and Computer Software	article	The technology for the broad generation of sanity tests for complex software developed in the Institute for System Programming (Russian Academy of Sciences) is presented. This technology is called Azov; it is based on using a database containing structured information about the interface operations of the system under test and on a procedure for enriching this information by refining constraints imposed on parameter types and results of operations. Results of a practical application of this technology prove its high efficiency in generating sanity tests for systems with a large number of functions.
220	W2097245782	2010	https://doi.org/10.1109/tse.2010.27	Bristlecone: Language Support for Robust Software Applications	IEEE Transactions on Software Engineering	article	We present Bristlecone, a programming language for robust software systems. Bristlecone applications have two components: a high-level organization specification that describes how the application's conceptual operations interact and a low-level operational specification that describes the sequence of instructions that comprise an individual conceptual operation. Bristlecone uses the high-level organization specification to recover the software system from an error to a consistent state and to reason how to safely continue the software system's execution after the error. We have implemented a compiler and runtime for Bristlecone. We have evaluated this implementation on three benchmark applications: a Web crawler, a Web server, and a multiroom chat server. We developed both a Bristlecone version and a Java version of each benchmark application. We used injected failures to evaluate the robustness of each version of the application. We found that the Bristlecone versions of the benchmark applications more successfully survived the injected failures. The Bristlecone compiler contains a static analysis that operates on the organization specification to generate a set of diagrams that graphically present the task interactions in the application. We have used the analysis to help understand the high-level structure of three Bristlecone applications: a game server, a Web server, and a chat server.
221	W2118595631	2010	https://doi.org/10.1145/1882291.1882332	Representation dependence testing using program inversion		conference-paper	The definition of a data structure may permit many different concrete representations of the same logical content. A (client) program that accepts such a data structure as input is said to have a representation dependence if its behavior differs for logically equivalent input values. In this paper, we present a methodology and tool for automated testing of clients of a data structure for representation dependence. In the proposed methodology, the developer expresses the logical equivalence by writing a normalization program f that maps each concrete representation to a canonical one. Our solution relies on automatically synthesizing the one-to-many inverse function of f: given an input value x, we can generate multiple test inputs logically equivalent to x by executing the inverse with the canonical value f(x) as input repeatedly. We present an inversion algorithm for restricted classes of normalization programs including programs mapping arrays to arrays in a typical iterative manner. We present a prototype implementation of the algorithm, and demonstrate how our methodology reveals bugs due to representation dependence in open source software such as Open Office and Picasa using the widely used image format TIFF. TIFF is a challenging case study for our approach.
222	W2810814546	2018	https://doi.org/10.1145/3167132.3167339	Korat-API		conference-paper	Logical constraints play an important role in software testing and reliability. For example, constraints written by users allow automating test case generation and systematic bug finding, and constraints computed using data-flow of a program allow studying its reliability. The key to practical usefulness of constraints is the effectiveness and efficiency of constraint solvers that determine constraint feasibility and produce solutions.
223	W1980629081	2010	https://doi.org/10.1145/1869459.1869461	Efficient modular glass box software model checking		conference-paper	Glass box software model checking incorporates novel techniques to identify similarities in the state space of a model checker and safely prune large numbers of redundant states without explicitly checking them. It is significantly more efficient than other software model checking approaches for checking certain kinds of programs and program properties.
224	W2150889121	2010	https://doi.org/10.1145/1858996.1859021	Eliminating products to test in a software product line		conference-paper	A Software Product Line (SPL) is a family of programs where each program is defined by a unique combination of features. Developing a set of programs with commonalities and variabilities in this way can significantly reduce both the time and cost of software development. However, as the number of programs may be exponential in the number of features, testing an SPL, the phase to which the majority of software development is dedicated, becomes especially challenging [12].
225	W2903631479	2018	https://doi.org/10.1007/s10009-018-00506-y	A greedy particle swarm optimization (GPSO) algorithm for testing real-world smart card applications	International Journal on Software Tools for Technology Transfer	article	
226	W2152417349	2008	https://doi.org/10.1109/sefm.2008.13	Behaviour Directed Testing of Auto-code Generators		conference-paper	This paper addresses the problem of testing auto-code generators. Auto-code generators take as input a model in certain modeling language, and produce as output a program that captures the execution semantics of the input-model. We focus on the problem of test specification for the purpose of automatically generating a test-suite. We propose a novel technique for test specification based on the execution behavior of models. We also propose an algorithm that uses such a behavioral test specification for directing test-case generation towards very specific behavioral patterns that we would like to exercise. We have implemented this technique, and have applied it for generating test-cases for a Stateflow auto-code generator.
227	W2550970678	2016	https://doi.org/10.1007/978-3-319-49815-7_9	An Evolutionary Approach to Translate Operational Specifications into Declarative Specifications	Lecture notes in computer science	conference-paper	
228	W3003265943	2004	https://doi.org/10.1145/1013886.1007531	Software assurance by bounded exhaustive testing	ACM SIGSOFT Software Engineering Notes	article	The contribution of this paper is an experiment that shows the potential value of a combination of selective reverse engineering to formal specifications and bounded exhaustive testing to improve the assurance levels of complex software. A key problem is to scale up test input generation so that meaningful results can be obtained. We present an approach, using Alloy and TestEra for test input generation, which we evaluate by experimental application to the Galileo dynamic fault tree analysis tool.
229	W4233823248	2012	https://doi.org/10.1145/2398857.2384654	Scaling symbolic execution using ranged analysis	ACM SIGPLAN Notices	article	This paper introduces a novel approach to scale symbolic execution --- a program analysis technique for systematic exploration of bounded execution paths---for test input generation. While the foundations of symbolic execution were developed over three decades ago, recent years have seen a real resurgence of the technique, specifically for systematic bug finding. However, scaling symbolic execution remains a primary technical challenge due to the inherent complexity of the path-based exploration that lies at core of the technique. Our key insight is that the state of the analysis can be represented highly compactly: a test input is all that is needed to effectively encode the state of a symbolic execution run. We present ranged symbolic execution, which embodies this insight and uses two test inputs to define a range, i.e., the beginning and end, for a symbolic execution run. As an application of our approach, we show how it enables scalability by distributing the path exploration---both in a sequential setting with a single worker node and in a parallel setting with multiple workers. As an enabling technology, we leverage the open-source, state-of-the-art symbolic execution tool KLEE. Experimental results using 71 programs chosen from the widely deployed GNU Coreutils set of Unix utilities show that our approach provides a significant speedup over KLEE. For example, using 10 worker cores, we achieve an average speed-up of 6.6X for the 71 programs.
230	W4252879394	2005	https://doi.org/10.1145/1095430.1081745	Parameterized unit tests with unit meister	ACM SIGSOFT Software Engineering Notes	article	Parameterized unit tests extend the current industry practice of using closed unit tests defined as parameterless methods. Traditional closed unit tests are re-obtained by instantiating the parameterized unit tests. We have developed the prototype tool Unit Meister , which uses symbolic execution and constraint solving to automatically compute a minimal set of inputs that exercise a parameterized unit test given certain coverage criteria. In addition, the parameterized unit tests can be used as symbolic summaries during symbolic execution, which allows our approach to scale for arbitrary abstraction levels. Unit Meister has a command-line interface, and is also integrated into Visual Studio 2005 Team System.
231	W192372167	2011	https://doi.org/10.1007/978-3-642-24580-0_6	Praspel: A Specification Language for Contract-Based Testing in PHP	Lecture notes in computer science	conference-paper	
232	W1996842457	2012	https://doi.org/10.1145/2237796.2237812	SMT-based enumeration of object graphs from UML class diagrams	ACM SIGSOFT Software Engineering Notes	article	This paper presents an encoding of the UML class diagram with OCL invariants in an SMT solver for enumerating all the object graphs from the class diagram. Enumeration of all the object graphs was necessary for our verification of operating systems by model checking, i.e., exhaustively enumerate all the structural variations of the environments to be checked against an operating system. We present our encoding in the SMT solver Yices with the technique of optimization and isomorphism elimination.
233	W2000716504	2015	https://doi.org/10.1145/2791060.2791093	Faster bug detection for software product lines with incomplete feature models		conference-paper	A software product line (SPL) is a family of programs that are differentiated by features --- increments in functionality. Systematically testing an SPL is challenging because it requires running each test of a test suite against a combinatorial number of programs. Feature models capture dependencies among features and can (1) reduce the space of programs to test and (2) enable accurate categorization of failing tests as failures of programs or the tests themselves, not as failures due to illegal combinations of features. In practice, sadly, feature models are not always available.
234	W2056707614	2012	https://doi.org/10.5381/jot.2012.11.1.a6	JSConTest: Contract-Driven Testing and Path Effect Inference for JavaScript.	The Journal of Object Technology	article	Program understanding is a major obstacle during program maintenance. In an object-oriented language, understanding an operation requires understanding its type and its effect on the object network. The effect is particularly important for scripting languages where there is neither class structure that restricts the shape of an object nor any other kind of access control.
235	W2129583786	2006	https://doi.org/10.1109/compsac.2006.28	Architecting a Testing Framework for Publish/Subscribe Applications		conference-paper	The publish/subscribe style is an emerging paradigm for the construction of loosely coupled systems. Yet, the verification of such systems remains difficult. We have constructed a framework called RAY for testing publish/subscribe applications. This framework is implemented as an Eclipse plug-in. In this paper, we present the detailed architecture of RAY, as well as the interaction with its supporting components. In addition to the presented architecture for a testing framework for publish/subscribe applications, the contribution of this paper includes the experience gained during the development of this framework
236	W2810024285	2018	https://doi.org/10.1145/3194718.3194724	On the effect of object redundancy elimination in randomly testing collection classes		conference-paper	In this paper, we analyze the effect of reducing object redundancy in random testing, by comparing the Randoop random testing tool with a version of the tool that disregards tests that only produce objects that have been previously generated by other tests. As a side effect, this variant also identifies methods in the software under test that never participate in state changes, and uses these more heavily when building assertions.
237	W1551597509	2008	https://doi.org/10.1007/978-3-540-89982-2_71	A Constraint Logic Programming Approach to Automated Testing	Lecture notes in computer science	conference-paper	
238	W2088791908	2008	https://doi.org/10.1134/s0361768808060054	Using abstract models for the generation of test data with a complex structure	Programming and Computer Software	article	An approach to the automatic generation of test data having a complex structure (such as XML documents, programs in various programming languages, and the like) is presented. It is based on abstract models that represent various views of the structure of the desired data. The approach enables one to generate small sets of test data for testing the functionality of the target system. The use of abstract models makes configuration of the generation procedure easy and clear; it also facilitates the maintenance and reuse of existing configurations of the test data generator. The approach was implemented in the test data generator called Pinery, which was successfully used in a number of projects including testing commercial C/C++ compilers.
239	W2473303063	2016	https://doi.org/10.1007/978-3-319-40648-0_9	The comKorat Tool: Unified Combinatorial and Constraint-Based Generation of Structurally Complex Tests	Lecture notes in computer science	conference-paper	
240	W2790082131	2018	https://doi.org/10.1145/3159450.3159575	Specification-Based Testing in Software Engineering Courses		conference-paper	"In 2016 we introduced a tool called ""Spest// for the automated generation of software tests from formal specifications. That introductory presentation of Spest described its basic functionality and our initial results of using Spest in software engineering courses. Here we describe further experience of using Spest in classes, including qualitative and quantitative analyses of its effectiveness. The analysis consists of a qualitative survey of students/ experience, a quantitative study of the readability of Spest-generated tests, and a quantitative analysis that compares the coverage quality of hand-written student tests with Spest-generated tests. The results of the analyses are mixed. The experience survey finds that a majority of students did not enjoy using Spest nor fully understand how to use it effectively. The results of the readability study show that Spest-generated tests are not as readable for students as tests written by human experts, however the differences in readability are not extreme. Finally, the results of the coverage comparison are good, showing that Spest-generated tests achieve better code coverage than students/ hand-written tests. Given the mixed results, we discuss how we are moving forward to make Spest a more usable and effective tool."
241	W4241810885	2014	https://doi.org/10.1145/2714064.2660232	Bounded exhaustive test input generation from hybrid invariants	ACM SIGPLAN Notices	article	We present a novel technique for producing bounded exhaustive test suites from hybrid invariants, i.e., invariants that are expressed imperatively, declaratively, or as a combination of declarative and imperative predicates. Hybrid specifications are processed using known mechanisms for the imperative and declarative parts, but combined in a way that enables us to exploit information from the declarative side, such as tight bounds computed from the declarative specification, to improve the search both on the imperative and declarative sides. Moreover, our technique automatically evaluates different possible ways of processing the imperative side, and the alternative settings (imperative or declarative) for parts of the invariant available both declaratively and imperatively, to decide the most convenient invariant configuration with respect to efficiency in test generation. This is achieved by transcoping, i.e., by assessing the efficiency of the different alternatives on small scopes (where generation times are negligible), and then extrapolating the results to larger scopes. We also show experiments involving collection classes that support the effectiveness of our technique, by demonstrating that (i) bounded exhaustive suites can be computed from hybrid invariants significantly more efficiently than doing so using state-of-the-art purely imperative and purely declarative approaches, and (ii) our technique is able to automatically determine efficient hybrid invariants, in the sense that they lead to an efficient computation of bounded exhaustive suites, using transcoping.
242	W4244168173	2016	https://doi.org/10.1145/2980983.2908122	Fast synthesis of fast collections	ACM SIGPLAN Notices	article	Many applications require specialized data structures not found in the standard libraries, but implementing new data structures by hand is tedious and error-prone. This paper presents a novel approach for synthesizing efficient implementations of complex collection data structures from high-level specifications that describe the desired retrieval operations. Our approach handles a wider range of data structures than previous work, including structures that maintain an order among their elements or have complex retrieval methods. We have prototyped our approach in a data structure synthesizer called Cozy. Four large, real-world case studies compare structures generated by Cozy against handwritten implementations in terms of correctness and performance. Structures synthesized by Cozy match the performance of handwritten data structures while avoiding human error.
243	W4237511296	2007	https://doi.org/10.1145/1297105.1297056	Starc	ACM SIGPLAN Notices	article	Data structure corruptions are insidious bugs that reduce the reliability of software systems. Constraint-based datastructure repair promises to help programs recover from potentially crippling corruption errors. Prior work repairs a variety of relatively small data structures, usually with hundreds of nodes. We present STARC which uses static analysis to repair data structures with tens of thousands of nodes. Given a Java predicate method that describes the integrity constraints of a structure, STARC statically analyzes the method to identify: (1) the recurrent fields, i.e., fields that the predicate method uses to traverse the structure; and (2) local field constraints, i.e., how the value of an object field is related to the value of a neighboring object field. STARC executes the predicate method on the structure and monitors its execution to identify corrupt object fields, which STARC then repairs using a systematic search of a neighborhood of the given structure. Each repair action is guided by the result of the static analysis, which enables more efficient and effective repair compared to prior work. Experimental results showthat STARC can repair structures with tens of thousands of nodes, up to 100 times larger than prior work. STARC efficiency is probably not practical for very large data structures in deployed systems, but opens a promising direction for future work.
244	W4393978593	2024	https://doi.org/10.1007/978-3-031-57259-3_7	Comprehending Object State via Dynamic Class Invariant Learning	Lecture notes in computer science	conference-paper	Abstract Maintaining software is cumbersome when method argument constraints are undocumented. To reveal them, previous work learned preconditions from exemplary valid and invalid method arguments. In practice, it would be highly beneficial to know class invariants, too, because functionality added during software maintenance must not break them. Even more so than method preconditions, class invariants are rarely documented and often cannot completely be inferred automatically, especially for objects exhibiting complex state such as dynamic data structures. This paper presents a novel dynamic approach to learning class invariants, thereby complementing related work on learning method preconditions. We automatically synthesize assertions from an adjustable assertion grammar to distinguish valid and invalid objects. While random walks generate valid objects, a combination of bounded-exhaustive testing techniques and behavioral oracles yield invalid objects. The utility of our approach for code comprehension and software maintenance is demonstrated by comparing our learned invariants to documented invariant validation methods found in real-world Java classes and to the invariants detected by the Daikon tool.
245	W2751480973	2017	https://doi.org/10.1145/3122831.3122836	Property-based testing of SPARQL queries		conference-paper	In this paper we describe a property-based testing tool for SPARQL. Given a SPARQL query, the tool randomly generates test cases which consist on instances of an ontology. The tool checks the well typed-ness of the SPARQL query as well as the consistency of the test cases with the ontology axioms. With this aim, a type system has been defined for SPARQL. Test cases are later used to execute the SPARQL query. The output of the SPARQL query is tested with a Boolean property which is defined in terms of membership of ontology individuals to ontology classes. The testing tool reports counterexamples when the Boolean property is not satisfied.
246	W4411552395	2025	https://doi.org/10.1109/icse55347.2025.00172	Invivo Fuzzing by Amplifying Actual Executions		conference-paper	A major bottleneck that remains when fuzzing software libraries is the need for fuzz drivers, i.e., the glue code between the fuzzer and the library. Despite years of fuzzing, critical security flaws are still found, e.g., by manual auditing, because the fuzz drivers do not cover the complex interactions between the library and the host programs using it. In this work we propose an alternative approach to library fuzzing, which leverages a valid execution context that is set up by a given program using the library (the host), and amplify its execution. More specifically, we execute the host until a designated function from a list of target functions has been reached, and then perform coverage-guided function-level fuzzing on it. Once the fuzzing quota is exhausted, we move on to fuzzing the next target from the list. In this way we not only reduce the amount of manual work needed by a developer to incorporate fuzzing into their workflow, but we also allow the fuzzer to explore parts of the library as they are used in real-world programs that may otherwise not have been tested due to the simplicity of most fuzz drivers.
247	W1983705987	2009	https://doi.org/10.1016/j.entcs.2009.09.037	Tickling Java with a Feather	Electronic Notes in Theoretical Computer Science	article	Fragments of mainstream programming languages are formalised in order to show desirable properties of their static semantics. We ask if said formalisms could also be used to define a test suite for the mainstream programming language in question, and what the utility of such a suite would be. In this work, we present our findings from testing Java with Featherweight Java (FJ). We take the syntax and binding structure of FJ to define an instance space of non-isomorphic test programs and implementations of FJ type checkers to provide oracles for our tests, to ensure the mainstream implementation conforms with the expectations of FJ. Using these, we evaluate (using code coverage techniques) how much of the Sun OpenJDK javac can be tested by FJ.
248	W2413785658	2016	https://doi.org/10.1007/978-3-319-31220-0_5	Automatic Generation of Specification-Based Test Cases by Applying Genetic Algorithms in Reinforcement Learning	Lecture notes in computer science	conference-paper	
249	W2108435978	2015	https://doi.org/10.1007/978-3-319-17404-4_2	Applying GA with Tabu list for Automatically Generating Test Cases Based on Formal Specification	Lecture notes in computer science	conference-paper	
250	W4376854045	2023	https://doi.org/10.1007/978-3-031-31476-6_10	SMT-Based Test-Case Generation and Validation for Programs with Complex Specifications	Lecture notes in computer science	conference-paper	
251	W4313563577	2022	https://doi.org/10.1145/3551349.3556951	Efficient Synthesis of Method Call Sequences for Test Generation and Bounded Verification		conference-paper	Modern programs are usually heap-based, where the programs manipulate heap-based data structures to perform computations. In software engineering tasks such as test generation and bounded verification, we need to determine the existence of a reachable heap state that satisfies a given specification, or construct the heap state by a sequence of calls to the public methods. Given the huge space combined from the methods and their arguments, the existing approaches typically adopt static analysis or heuristic search to explore only a small part of search space in the hope of finding the target state and target call sequence early on. However, these approaches do not have satisfactory performance on many real-world complex methods and specifications. In this paper, we propose an efficient synthesis algorithm for method call sequences, including an offline procedure for exploring all reachable heap states within a scope, and an online procedure for generating a method call sequence from the explored heap states to satisfy the given specification. To improve the efficiency of state exploration, we introduce a notion of abstract heap state for compactly representing heap states of the same structure and propose a strategy of merging structurally-isomorphic states. The experimental results demonstrate that our approach substantially outperforms the baselines in both test generation and bounded verification.
252	W4213240734	2022	https://doi.org/10.2197/ipsjjip.30.155	Automatic Optimize-time Validation for Binary Optimizers	Journal of Information Processing	article	We propose an approach called automatic optimize-time validation for binary optimizers. Our approach does not involve executing the whole program for validation but selecting a small part of code (1 to 100 instructions) for the target test code. It executes the target code and its optimized code with several input data during binary optimization. One benefit is that we can test a small part of an actual customer's code during binary optimization. Our approach can be used to test several input data not included in the target code, which is the most beneficial aspect of the approach. If the results are the same after execution, we will use the optimized code for the final output code. If the results differ, we can consider a couple of option, e.g., while developing a binary optimizer, we can abort the compilation with an error message to easily detect a bug. After a binary optimizer becomes generally available, we can use the input code for the final output code to maintain compatibility. Our goal is for the output binary code to be compatible, fast, and small. We focused on how to improve compatibility in this study. We implemented our approach in our binary optimizer and successfully detected one new bug. We used a very small binary program to observe the worst case of increased compilation time and output binary file size. Our implementation showed that our approach increases optimization time by only 0.02% and output binary file size by 8%.
253	W2162801047	2004	https://doi.org/10.1145/1022494.1022545	Experiences evaluating the effectiveness of JML-JUnit testing	ACM SIGSOFT Software Engineering Notes	article	This paper reports on the issues the authors encountered while evaluating the JML-JUnit unit testing strategy. Given a predefined set of parameter values, JML-JUnit can automatically provide unit tests for Java programs that have specifications. We present a mutation testing experiment that evaluates the effectiveness of this testing strategy, and the lessons learned from doing this experiment. We conclude that a benchmark will enable the testing research community to meaningfully assess testing approaches.
254	W1508998747	2005	https://doi.org/10.1109/apsec.2004.63	JAOUT: Automated Generation of Aspect-Oriented Unit Test		conference-paper	Unit testing is a methodology for testing small parts of an application independently of whatever application uses them. It is time consuming and tedious to write unit tests, and it is especially difficult to write unit tests that model the pattern of usage of the application. Aspect-oriented programming (AOP) addresses the problem of separation of concerns in programs which is well suited to unit test problems. What's more, unit tests should be made from different concerns in the application instead of just from functional assertions of correctness or error. In this paper, we firstly present a new concept, application-specific Aspects, which mean top-level aspects picked up from generic low-level aspects in AOP for specific use. It can be viewed as the separation of concerns on applications of generic low-level aspects. Second, this paper describes an aspect-oriented test description language (AOTDL) and techniques to build top-level aspects for testing on generic aspects. Third, we generate JUnit unit testing framework and test oracles from AspectJ programs by integrating our tool with AspectJ and JUnit. We use runtime exceptions thrown by testing aspects to decide whether methods work well. Finally, we present a double-phase testing way to filter out meaningless test cases in our framework.
255	W1526342200	2006	https://doi.org/10.1007/11940197_15	Safety Property Driven Test Generation from JML Specifications	Lecture notes in computer science	conference-paper	
256	W2158352680	2008	https://doi.org/10.1109/csmr.2008.4493303	Test Blueprints¿ Exposing Side Effects in Execution Traces to Support Writing Unit Tests	Proceedings of the ... European Conference on Software Maintenance and Reengineering/Proceedings of the European Conference on Software Maintenance and Reengineering	conference-paper	Writing unit tests for legacy systems is a key maintenance task. When writing tests for object-oriented programs, objects need to be set up and the expected effects of executing the unit under test need to be verified. If developers lack internal knowledge of a system, the task of writing tests is non-trivial. To address this problem, we propose an approach that exposes side effects detected in example runs of the system and uses these side effects to guide the developer when writing tests. We introduce a visualization called Test Blueprint, through which we identify what the required fixture is and what assertions are needed to verify the correct behavior of a unit under test. The dynamic analysis technique that underlies our approach is based on both tracing method executions and on tracking the flow of objects at runtime. To demonstrate the usefulness of our approach we present results from two case studies.
257	W2158686759	2008	https://doi.org/10.1109/icsm.2008.4658075	Using random test selection to gain confidence in modified software		conference-paper	This paper presents a method that addresses two practical issues concerning the use of random test selection for regression testing: the number of random samples needed from the test suite to provide reliable results, and the confidence levels of the predictions made by the random samples. The method applies the Chernoff bound, which has been applied in various randomized algorithms, to compute the error bound for random test selection. The paper presents three example applications, based on the method, for regression testing. The main benefits of the method are that it requires no distribution information about the test suite from which the samples are taken, and the computation of the confidence level is independent of the size of the test suite. The paper also presents the results of an empirical evaluation of the technique on a set of C programs, which have been used in many testing experiments, along with three of the GCC compilers. The results demonstrate the effectiveness of the method and show its potential for regression testing on real-world, large-scale applications.
258	W4248922040	2007	https://doi.org/10.1145/1295014.1295039	Directed test generation using symbolic grammars		conference-paper	"We present CESI, an algorithm that combines exhaustive enumeration of test inputs from a structured domain with symbolic execution driven test generation. CESI is a hybrid of two predominant techniques: specification-based enumerative test generation (which exhaustively generates all possible inputs satisfying some constraint) and symbolic directed test generation (which explores program paths based on symbolic path constraint solving). We target programs whose valid inputs are determined by some context free grammar. We introduce symbolic grammars, where the original tokens are replaced with symbolic constants, that link enumerative grammar-based input generation with symbolic directed testing. Symbolic grammars abstract the concrete input syntax, thus reducing the set of input strings that must be enumerated exhaustively. For each enumerated input string, which may contain symbolic constants, symbolic execution based test generation instantiates the constants based on program execution paths. The ""template"" generated by enumerating valid strings reduces the burden on the symbolic execution to generate syntactically valid inputs and hence exercise interesting code paths. Together, symbolic grammars provide a link between exhaustive enumeration of valid inputs and execution-directed symbolic test generation. In preliminary experiments, CESI is better than if both enumerative and symbolic techniques are used alone."
259	W1529348175	2006	https://doi.org/10.1007/11955757_10	Instantiation of Parameterized Data Structures for Model-Based Testing	Lecture notes in computer science	conference-paper	
260	W2097417323	2008	https://doi.org/10.1007/978-3-540-79124-9_13	Integrating Verification and Testing of Object-Oriented Software	Lecture notes in computer science	conference-paper	
261	W1770529858	2005	https://doi.org/10.1007/11526841_2	Formal Methods and Testing: Hypotheses, and Correctness Approximations	Lecture notes in computer science	conference-paper	
262	W2165514688	2013	https://doi.org/10.1007/978-3-642-40787-1_14	Repair Abstractions for More Efficient Data Structure Repair	Lecture notes in computer science	conference-paper	
263	W4237942937	2007	https://doi.org/10.1007/978-3-540-73589-2_13	Efficiently Generating Structurally Complex Inputs with Thousands of Objects	Lecture notes in computer science	conference-paper	
264	W2072366534	2013	https://doi.org/10.1007/s11334-013-0196-9	Scaling symbolic execution using staged analysis	Innovations in Systems and Software Engineering	article	
265	W4393978580	2024	https://doi.org/10.1007/978-3-031-57259-3	Fundamental Approaches to Software Engineering	Lecture notes in computer science	conference-paper	Welcome to the 27th ETAPS! ETAPS 2024 took place in Luxembourg City, the beautiful capital of Luxembourg.
266	W2128547613	2011	https://doi.org/10.1145/1985793.1985956	Dynamic shape analysis of program heap using graph spectra (NIER track)		conference-paper	Programs written in languages such as Java and C# maintain most of their state on the heap. The size and complexity of these programs pose a challenge in understanding and maintaining them; Heap analysis by summarizing the state of heap graphs assists programmers in these tasks. In this paper we present a novel dynamic heap analysis technique that uses spectra of the heap graphs to summarize them. These summaries capture the shape of recursive data structures as dynamic invariants or likely properties of these structures that must be preserved after any destructive update. Initial experiments show that this approach can generate meaningful summaries for a range of subject structures.
267	W2988695202	2006	https://doi.org/10.1145/1167515.1167504	Efficient software model checking of data structure properties	ACM SIGPLAN Notices	article	This paper presents novel language and analysis techniques that significantly speed up software model checking of data structure properties. Consider checking a red-black tree implementation. Traditional software model checkers systematically generate all red-black tree states (within some given bounds) and check every red-black tree operation (such as insert, delete, or lookup) on every red-black tree state. Our key idea is as follows. As our checker checks a red-black tree operation o on a red-black tree state s , it uses program analysis techniques to identify other red-black tree states s' 1 , s' 2 , ..., s' k on which the operation o behaves similarly. Our analyses guarantee that if o executes correctly on s , then o will execute correctly on every s' i . Our checker therefore does not need to check o on any s' i once it checks o on s . It thus safely prunes those state transitions from its search space, while still achieving complete test coverage within the bounded domain. Our preliminary results show orders of magnitude improvement over previous approaches. We believe our techniques can make model checking significantly faster, and thus enable checking of much larger programs and complex program properties than currently possible.
268	W191501051	2012	https://doi.org/10.1007/978-3-642-30473-6_4	Using Coverage Criteria on RepOK to Reduce Bounded-Exhaustive Test Suites	Lecture notes in computer science	conference-paper	
269	W2146194600	2011	https://doi.org/10.1145/2001420.2001465	High coverage testing of Haskell programs		conference-paper	This paper presents a new lightweight technique for auto-matically generating high coverage test suites for Haskell library code. Our approach combines four main features to increase test coverage: (1) automatically inferring the constructors and functions needed to generate test data; (2) using needed narrowing to take advantage of Haskell’s lazy evaluation semantics; (3) inspecting elements inside re-turned data structures through the use of case statements, and (4) efficiently handling polymorphism by lazily instan-tiating all possible instances. We have implemented this technique in Irulan, a fully au-tomatic tool for systematic black-box unit testing of Haskell library code. We have designed Irulan to generate high cov-erage test suites and detect common programming errors in the process. We have applied Irulan to over 50 programs from the spectral and real suites of the nofib benchmark and show that it can effectively generate high-coverage test suites—exhibiting 70.83 % coverage for spectral and 59.78% coverage for real—and find errors in these programs. Our techniques are general enough to be useful for several other types of testing, and we also discuss our experience of using Irulan for property and regression testing.
270	W2163989649	2007	https://doi.org/10.1002/stvr.367	Practical ultra‐reliability for abstract data types	Software Testing Verification and Reliability	article	Abstract The Term Redundancy Method (TRM) is a novel approach for obtaining ultra‐reliable programs through specification‐based testing. Current specification‐based testing schemes need a prohibitively large number of test cases for estimating ultra‐reliability. They assume the availability of an accurate program‐usage distribution prior to testing, and they assume the availability of a test oracle. This paper shows how to obtain ultra‐reliable abstract data types specified with equational specifications, with a practical number of test cases, without an accurate usage distribution, and without the usual test oracle. The effectiveness of the TRM in failure detection and recovery is demonstrated on the aircraft collision avoidance system TCAS. Copyright © 2007 John Wiley &amp; Sons, Ltd.
271	W4211098350	2005	https://doi.org/10.1145/1095430.1081740	Relational analysis of algebraic datatypes	ACM SIGSOFT Software Engineering Notes	article	We present a technique that enables the use of finite model finding to check the satisfiability of certain formulas whose intended models are infinite. Such formulas arise when using the language of sets and relations to reason about structured values such as algebraic datatypes. The key idea of our technique is to identify a natural syntactic class of formulas in relational logic for which reasoning about infinite structures can be reduced to reasoning about finite structures. As a result, when a formula belongs to this class, we can use existing finite model finding tools to check whether the formula holds in the desired infinite model.
272	W4237989195	2012	https://doi.org/10.1145/2398857.2384623	Predicate abstraction of Java programs with collections	ACM SIGPLAN Notices	article	Our goal is to develop precise and scalable verification techniques for Java programs that use collections and properties that depend on their content. We apply the popular approach of predicate abstraction to Java programs and collections. The main challenge in this context is precise and compact modeling of collections that enables practical verification. We define a predicate language for modeling the observable state of Java collections at the interface level. Changes of the state by API methods are captured by weakest preconditions. We adapt existing techniques for construction of abstract programs. Most notably, we designed optimizations based on specific features of the predicate language. We evaluated our approach on Java programs that use collections in advanced ways. Our results show that interesting properties, such as consistency between multiple collections, can be verified using our approach. The properties are specified using logic formulas that involve predicates introduced by our language.
273	W2491178487	2011	https://doi.org/10.1201/b10928-9	Automatic Inference and Effective Application of Temporal Specifications	Chapman & Hall/CRC data mining and knowledge discovery series	book-chapter	As computers penetrate every aspect of our daily life, reliability of software systems is becoming increasingly important. Software reliability is the probability of failure-free software operation for a specified period of time in a specified environment [46]. A software system interacts with its environment (memory, graphics card, network, operating system, other software, etc.) through Application Program Interfaces (APIs1). Using these APIs correctly often needs to follow certain programming rules, i.e., API specifications. API specifications specify the required checks (on API input parameters and return values) and other APIs to be invoked before (preconditions) and after (postconditions) an API call.
274	W2879731808	2018	https://doi.org/10.1145/3213846.3234687	Test input generation with Java PathFinder: then and now (invited talk abstract)		conference-paper	The paper Test Input Generation With Java PathFinder was published in the International Symposium on Software Testing and Analysis (ISSTA) 2004 Proceedings, and has now been selected to receive the ISSTA 2018 Retrospective Impact Paper Award. The paper described black-box and white-box techniques for the automated testing of software systems. These techniques were based on model checking and symbolic execution and incorporated in the Java PathFinder analysis tool. The main contribution of the paper was to describe how to perform efficient test input generation for code manipulating complex data that takes into account complex method preconditions and evaluate the techniques for generating high coverage tests.
275	W2166649236	2009	https://doi.org/10.1109/icstw.2009.14	Automated Evaluation of Runtime Object States against Model-Level States for State-Based Test Execution		conference-paper	Evaluation of runtime object states against the model-level states defined in a state model is critical to state based test automation. This paper presents a state mapping framework to support the automated state-based test execution process. The framework automatically keeps track of runtime object states and maps these states to model-level abstract states. It also includes a comparator to determine whether or not a test is successful. This framework is implemented in the aspect-oriented programming language AspectJ. Therefore, the runtime instrumentation mechanism for state evaluation does not modify the source code under test (either in Java or AspectJ). This is an important advantage because otherwise all the changes made to the code for testing purposes have to be cancelled after testing. We have conducted several experiments to evaluate the framework by calculating and comparing the total consumed minutes of mapping states and checking the oracle in terms of manual and automated execution. The experiment results show that the mapping framework is much more effective and efficient than manual conversion.
276	W2568208399	2017	https://doi.org/10.1145/3011286.3011293	Towards Exhaustive Testing of Websites using JPF	ACM SIGSOFT Software Engineering Notes	article	In this paper, we present a framework for exhaustive test input generation and execution of tests for websites using JPF, and Java libraries such as Selenium and JUnit. Specifically, we utilize the core functionality of jpf-nhandler, a JPF extension, to enable use of useful Java libraries such as GSON in the JPF environment. The paper further describes iterating through webpages successively and generating test inputs systematically for each page. It also presents the experimental results of running our framework on a small example website and a real-world website
277	W2809207316	2018	https://doi.org/10.1145/3183440.3195002	Efficient iterative deepening for bounded exhaustive generation of complex structures		conference-paper	The time required to generate valid structurally complex inputs grows exponentially with the input size. It makes it hard to predict, for a given structure, the most feasible input size that is completely explorable within a time budget. Iterative deepening generates inputs of size n before those of size n + 1 and eliminates guesswork to find such size. We build on Korat algorithm for structural test generation and present iKorat - an incremental algorithm for efficient iterative deepening. It avoids redundant work as opposed to naive Korat-based iterative deepening by using information from smaller sizes, which is kept in a highly compact format.
278	W2810749307	2018	https://doi.org/10.1145/3194718.3194725	From operational to declarative specifications using a genetic algorithm		conference-paper	In specification-based test generation, sometimes having a formal specification is not sufficient, since the specification may be in a different formalism from that required by the generation approach being used. In this paper, we deal with this problem specifically in the context in which, while having a formal specification in the form of an operational invariant written in a sequential programming language, one needs, for test generation, a declarative invariant in a logical formalism. We propose a genetic algorithm that given a catalog of common properties of invariants, such as acyclicity, sortedness and balance, attempts to evolve a conjunction of these that most accurately approximates an original operational specification. We present some details of the algorithm, and an experimental evaluation based on a benchmark of data structures, for which we evolve declarative logical invariants from operational ones.
279	W3004399156	2019	https://doi.org/10.1145/3364452.3364456	Quantifying the Exploration of the Korat Solver for Imperative Constraints	ACM SIGSOFT Software Engineering Notes	article	Tools that explore very large state spaces to nd bugs, e.g., when model checking, or to nd solutions, e.g., when constraint solving, can take a considerable amount of time before the search termi- nates, and the user may not get useful feedback on the state of the search during that time. Our focus is a tool that solves im- perative constraints to provide automated test input generation for systematic testing. Speci cally, we introduce a technique to quantify the exploration of Korat, a well-known tool that explores the bounded space of all candidate inputs and enumerates desired inputs that satisfy given constraints. Our technique quanti es the size of the input space as it is explored by the Korat search, and provides the user exact information on the size of the remaining input space. In addition, it allows studying key characteristics of the search, such as the distribution of solutions as the search nds them. We implement the technique as a listener for the Korat search, and present initial experimental results using it.
280	W3034246121	2015	https://doi.org/10.1145/2858965.2814323	Programming with enumerable sets of structures	ACM SIGPLAN Notices	article	We present an efficient, modular, and feature-rich framework for automated generation and validation of complex structures, suitable for tasks that explore a large space of structured values. Our framework is capable of exhaustive, incremental, parallel, and memoized enumeration from not only finite but also infinite domains, while providing fine-grained control over the process. Furthermore, the framework efficiently supports the inverse of enumeration (checking whether a structure can be generated and fast-forwarding to this structure to continue the enumeration) and lazy enumeration (achieving exhaustive testing without generating all structures). The foundation of efficient enumeration lies in both direct access to encoded structures, achieved with well-known and new pairing functions, and dependent enumeration, which embeds constraints into the enumeration to avoid backtracking. Our framework defines an algebra of enumerators, with combinators for their composition that preserve exhaustiveness and efficiency. We have implemented our framework as a domain-specific language in Scala. Our experiments demonstrate better performance and shorter specifications by up to a few orders of magnitude compared to existing approaches.
281	W3049723574	2020	https://doi.org/10.1145/3426428.3426922	Putting the semantics into semantic versioning		conference-paper	The long-standing aspiration for software reuse has made astonishing strides in the past few years. Many modern software development ecosystems now come with rich sets of publicly-available components contributed by the community. Downstream developers can leverage these upstream components, boosting their productivity.
282	W3090883344	2020	https://doi.org/10.1145/3377816.3381740	Predictive constraint solving and analysis		conference-paper	We introduce a new idea for enhancing constraint solving engines that drive many analysis and synthesis techniques that are powerful but have high complexity. Our insight is that in many cases the engines are run repeatedly against input constraints that encode problems that are related but of increasing complexity, and domain-specific knowledge can reduce the complexity. Moreover, even for one formula the engine may perform multiple expensive tasks with commonalities that can be estimated and exploited. We believe these relationships lay a foundation for making the engines more effective and scalable. We illustrate the viability of our idea in the context of a well-known solver for imperative constraints, and discuss how the idea generalizes to more general purpose methods.
283	W3125292927	2020	https://doi.org/10.1145/3324884.3415287	Applying learning techniques to oracle synthesis		conference-paper	Software reliability is a primary concern in the construction of software, and thus a fundamental component in the definition of software quality. Analyzing software reliability requires a specification of the intended behavior of the software under analysis. Unfortunately, software many times lacks such specifications. This issue seriously diminishes the analyzability of software with respect to its reliability. Thus, finding novel techniques to capture the intended software behavior in the form of specifications would allow us to exploit them for automated reliability analysis.
284	W2115484552	2008	https://doi.org/10.1145/1368088.1368212	Using JULE to generate a compliance test suite for the UML standard		conference-paper	The Java-UML Lightweight Enumerator (JULE) tool implements a vitally important aspect of the framework for software tool certification- test suite generation. The framework uses UML models as the test inputs for the bounded exhaustive-testing approach. Within a size bound for the metamodel types, JULE enumerates only the set of non-isomorphic models in the form of relational structures. These models are classified into two sets- demonstration and counterexample- using Binary Decision Diagrams (BDDs). The power of JULE lies in its model enumeration and its use of a high-performance grid infrastructure. Hence, JULE efficiently generates a very small test suite while increasing the bound on the input size to the extent that is practical for certification purpose.
285	W1484133093	2010	https://doi.org/10.1007/978-3-642-16164-3_5	Automatic Generation of Model Checking Scripts Based on Environment Modeling	Lecture notes in computer science	conference-paper	
286	W1614977708	2008	https://doi.org/10.1007/978-3-540-88479-8_54	Directed Generation of Test Data for Static Semantics Checker	Communications in computer and information science	conference-paper	
287	W2025501845	2013	https://doi.org/10.1109/icstw.2013.64	Constraints in Software Testing, Verification and Analysis CSTVA'2013		conference-paper	Recent years have seen an increasing interest in the application of constraint solving techniques to test, verify and analyze software systems. A significant body of constraint-based techniques has been proposed and investigated in the context of test input generation, model-based testing, symbolic execution, static analysis, program verification, and many other areas. These techniques use or extend constraint solvers such as SAT and SMT solvers to reason about boolean, integer, real and floating-point data types, as well as complex data structures, control structures, method calls and other program features. The constraint systems that result from this work usually share many common features and are relevant to a variety of application domains. Following a first meeting held with the Principles and Practice of Constraint Programming (CP) conference in 2006, and three subsequent meetings at the International Conference on Software Testing, Verification and Validation (ICST) in 2010, 2011 and 2012, the aim of this paper is to bring together researchers and practitioners working in constraint-based software testing, verification and analysis, to investigate future developments in this research field.
288	W2071756872	2013	https://doi.org/10.1109/fskd.2013.6816309	A novel framework for validating dynamic web applications		conference-paper	World Wide Web contains an abundant amount of websites which are deemed invalid as they do not adhere to the HTML standards defined under W3C. Websites which are not well-formed may cause performance degradation for some applications and poses compatibility issues with some browsers. Furthermore, it is harder to render a non well formed webpage using state of the art web browsers. Therefore, a wide spectrum of HTML document validation tools are developed to validate HTML pages. However, these tools are able to validate only static based HTML pages, which is a drawback as it is not catered for current state of the art dynamic server side generated pages. To resolve this issue, we propose a novel framework for validating dynamic web applications. In our framework, we develop set of heuristic rules considering the various languages syntax and operation for well known server side languages such as PHP, Java EE, and ASP.NET. Our proposed framework is able to robustly validate dynamic based HTML pages with high efficiency.
289	W2151190073	2011	https://doi.org/10.1049/iet-sen.2010.0032	Standards compliance testing for unified modelling language tools	IET Software	article	Software modelling standards such as the unified modelling language (UML) provide complex visual languages for producing the artefacts of software systems. Software tools support the production of these artefacts by providing model constructs and their usage rules. Owing to the size and complexity of these standards specifications, establishing the compliance of software modelling tools to the standards can be difficult. As a result, many software tools that advertise standards compliance may fail to live up to their claims. This study presents a compliance testing framework to determine the conditions of compliance of tools and to diagnose the causes of non-compliance issues. The Java-UML lightweight enumerator (JULE) tool realises this framework by providing a powerful technology to create a compliance test suite for modelling tools. JULE generates test cases only up to non-isomorphism to avoid combinatorial explosion. An experiment with respect to the UML 1.4 is presented in this study. The authors test ArgoUML for its compliance with the UML 1.4 specification. The authors also report some findings on four UML 2.x tools, including Eclipse Galileo UML2, Enterprise Architect 7.5, Poseidon for UML 8.0 and MagicDraw 16.6.
290	W3157884124	2021	https://doi.org/10.1145/3412841.3442055	Enhancing constraint-based repair of data structure errors that recur using memoization		conference-paper	Data structure repair has been proposed as an error recovery mechanism to increase software resilience when errors happen at runtime for a deployed system. Although substantial work has been done on data structure repair, scalability remains a key challenge and applicability remains rather restricted.
291	W4211140722	2008	https://doi.org/10.1002/9780470464076.biblio	Bibliography		paratext	
292	W4240816768	2010	https://doi.org/10.1145/1932682.1869461	Efficient modular glass box software model checking	ACM SIGPLAN Notices	article	Glass box software model checking incorporates novel techniques to identify similarities in the state space of a model checker and safely prune large numbers of redundant states without explicitly checking them. It is significantly more efficient than other software model checking approaches for checking certain kinds of programs and program properties. This paper presents Pipal, a system for modular glass box software model checking. Extending glass box software model checking to perform modular checking is important to further improve its scalability. It is nontrivial because unlike traditional software model checkers such as Java PathFinder (JPF) and CMC, a glass box software model checker does not check every state separately---instead, it checks a large set of states together in each step. We present a solution and demonstrate Pipal's effectiveness on a variety of programs.
293	W4366448137	2023	https://doi.org/10.1007/978-3-031-30826-0_6	Efficient Bounded Exhaustive Input Generation from Program APIs	Lecture notes in computer science	conference-paper	Abstract Bounded exhaustive input generation (BEG) is an effective approach to reveal software faults. However, existing BEG approaches require a precise specification of the valid inputs, i.e., a , that must be provided by the user. Writing s for BEG is challenging and time consuming, and they are seldom available in software. In this paper, we introduce , an efficient approach that employs routines from the API of the software under test to perform BEG. Like API-based test generation approaches, creates sequences of calls to methods from the API, and executes them to generate inputs. As opposed to existing BEG approaches, does not require a to be provided by the user. To make BEG from the API feasible, implements three key pruning techniques: (i) discarding test sequences whose execution produces exceptions violating API usage rules, (ii) state matching to discard test sequences that produce inputs already created by previously explored test sequences, and (iii) the automated identification and use of a subset of methods from the API, called builders , that is sufficient to perform BEG. Our experimental assessment shows that ’s efficiency and scalability is competitive with existing BEG approaches, without the need for s. We also show that can assist the user in finding flaws in s, by (automatically) comparing inputs generated by with those generated from a . Using this approach, we revealed several errors in s taken from the assessment of related tools, demonstrating the difficulties of writing precise s for BEG.
294	W4388483289	2023	https://doi.org/10.1109/ase56229.2023.00101	An Integrated Program Analysis Framework for Graduate Courses in Programming Languages and Software Engineering		conference-paper	Program analysis, verification and testing are important topics in programming languages and software engineering. They aim to produce engineers who are not only capable of empirically evaluating but, also formally reasoning on the correctness of software systems. We propose a specialized framework, Chiron, designed to teach graduate-level courses on these topics. Chiron has a small code base for easy understanding, uses a unified intermediate representation across all its analysis modules, maintains a modular architecture for plugging in new algorithms and uses a “fun” programming language to provide a gamified experience. Currently, it packages a dataflow analysis engine for driving compiler optimizations, an abstract interpretation engine for verification, a symbolic execution engine, a fuzzer and an evolutionary test generator for program testing, and a spectrum based statistical bug localization module. Within Chiron, program analysis tasks are posed in an unconventional setting (as adventures of a turtle) to provide a gamified experience; the accompanying animations (showing the movements of the turtle) allow the student to understand the underlying concepts better, and the detailed logs allow the teaching assistants in their grading activities. Chiron has been used in two offerings of a graduate level course on program analysis, verification and testing. In response to our survey questionnaire, all the students unanimously held the opinion that Chiron was extremely helpful in aiding their learning, and recommended its use in similar courses.
295	W4402457507	2024	https://doi.org/10.1145/3650212.3652129	C2D2: Extracting Critical Changes for Real-World Bugs with Dependency-Sensitive Delta Debugging		conference-paper	Data-driven techniques are promising for automatically locating and fixing bugs, which can reduce enormous time and effort for developers. However, the effectiveness of these techniques heavily relies on the quality and scale of bug datasets. Despite that emerging approaches to automatic bug dataset construction partially provide a solution for scalability, data quality remains a concern. Specifically, it remains a barrier for humans to isolate the minimal set of bug-inducing or bug-fixing changes, known as critical changes. Although delta debugging (DD) techniques are capable of extracting critical changes on benchmark datasets in academia, the efficiency and accuracy are still limited when dealing with real-world bugs, where code change dependencies could be overly complicated. In this paper, we propose C2D2, a novel delta debugging approach for critical change extraction, which estimates the probabilities of dependencies between code change elements. C2D2 considers the probabilities of dependencies and introduces a matrix-based search mechanism to resolve compilation errors (CE) caused by missing dependencies. It also provides hybrid mechanisms for flexibly selecting code change elements during the DD process. Experiments on Defect4J and a real-world regression bug dataset reveal that C2D2 is significantly more efficient than the traditional DD algorithm ddmin with competitive effectiveness, and significantly more effective and more efficient than the state-of-the-art DD algorithm ProbDD. Furthermore, compared to human-isolated critical changes, C2D2 produces the same or better critical change results in 56% cases in Defects4J and 86% cases in the regression dataset, demonstrating its usefulness in automatically extracting critical changes and saving human efforts in constructing large-scale bug datasets with real-world bugs.
296	W4411282878	2025	https://doi.org/10.38124/ijisrt/25jun423	A Review of Binary Optimization in COBOL		article	Legacy software systems, specifically those that use COBOL, remain foundational in fields like banking, insurance, and government infrastructure. As hardware architectures evolve, optimizing legacy binaries while maintaining compatibility becomes increasingly important to harness the full potential of modern systems. However, direct refactoring of source code is often infeasible due to risk, cost, or unavailability of the original codebase. Binary optimization offers a compelling alternative that enables performance improvements at the binary level without touching the source. COBOL, one of the oldest high-level programming languages, continues to run critical workloads in sectors such as finance, government, and infrastructure. Despite its reliability, COBOL systems face growing challenges due to aging codebases, limited source code availability, and the increasing gap between legacy software and modern hardware capabilities. Recompilation is often infeasible, prompting the need for safe and practical binary-level optimization techniques. This paper presents a design-focused review of binary optimization in the context of COBOL, beginning with an overview of the language’s execution model and architectural constraints. We discuss IBM’s Automatic Binary Optimizer (ABO), a production-grade tool designed to enhance the performance of COBOL binaries on modern IBM Z systems without requiring source code. ABO’s use of “smart binaries” and instruction-level metadata enables advanced validation workflows. We also survey key research contributions such as optimize-time validation (Koju et al.), hardware idiom recognition, adaptive runtime frameworks like COBRA, and formal verification tools like Alive2.
297	W4414911800	2025	https://doi.org/10.1007/978-3-032-07106-4_8	Bounded-Exhaustive Subspace Diversification for SMT Solver Testing	Lecture notes in computer science	conference-paper	
298	W7160103241	2026	https://doi.org/10.1007/978-3-032-24839-8_6	Search-Based Inference of Class Invariants: How Far Can Simulated Annealing Take Us?	Lecture notes in computer science	conference-paper	
299	W7171928024	2026	https://doi.org/10.1145/3793302.3793374	Learning Compiler Fuzzing Mutators from Historical Bugs		conference-paper	Bugs in compilers, which are critical infrastructure today, can have outsized negative impacts. Mutational fuzzers aid compiler bug detection by systematically mutating compiler inputs, i.e., programs. Their effectiveness depends on the quality of the mutators used. Yet, no prior work used compiler bug histories as a source of mutators.
300	W90832245	2011	https://doi.org/10.1007/978-3-642-27207-3_24	Efficient Loop-Extended Model Checking of Data Structure Methods	Communications in computer and information science	conference-paper	
