date	kind	id	source	query_or_seed	direction	hits	screened	included_keys	excluded_keys	notes
2026-08-10	search	oa1	OpenAlex API	symbolic execution hardware design	query	32311	100	doi:10.1007/3-540-52148-8_30,doi:10.1016/j.cose.2018.07.006,doi:10.1109/asianhost56390.2022.10022071,doi:10.1109/itc50571.2021.00031,doi:10.1109/micro.2018.00071,doi:10.1109/test.2018.8624854,doi:10.1145/127601.127701,doi:10.1145/3623652.3623666	arxiv:1912.08788,doi:10.1002/aic.16489,doi:10.1007/3-540-46002-0_5,doi:10.1007/3-540-58179-0_43,doi:10.1007/978-3-642-02658-4_32,doi:10.1007/bf01277522,doi:10.1007/s10270-018-0675-4,doi:10.1007/s10710-010-9121-2,doi:10.1007/s11241-010-9101-x,doi:10.1016/j.camwa.2020.02.022,doi:10.1016/j.cose.2023.103180,doi:10.1016/j.jlamp.2019.100497,doi:10.1016/j.jsc.2016.07.012,doi:10.1016/j.proeng.2014.12.048,doi:10.1016/s0004-3702(02)00374-0,doi:10.1016/s0167-6423(99)00030-1,doi:10.1016/s0304-3975(00)00103-1,doi:10.1017/s0956796800000319,doi:10.1017/s0956796805005757,doi:10.1021/jacs.0c09105,doi:10.1038/s41586-023-06792-0,doi:10.1109/access.2020.2965016,doi:10.1109/access.2022.3229767,doi:10.1109/cns48642.2020.9162164,doi:10.1109/csf.2013.11,doi:10.1109/dsn.2008.4630118,doi:10.1109/eurosp.2019.00020,doi:10.1109/isca.2000.854379,doi:10.1109/jproc.2022.3209104,doi:10.1109/sp.2019.00021,doi:10.1109/sp.2019.00022,doi:10.1109/tc.2006.81,doi:10.1109/tcad.2020.3047976,doi:10.1109/tdsc.2004.2,doi:10.1109/tse.2014.2323977,doi:10.1145/123186.123223,doi:10.1145/123186.128296,doi:10.1145/143365.143488,doi:10.1145/157485.164981,doi:10.1145/1755913.1755946,doi:10.1145/1806799.1806864,doi:10.1145/182987.184077,doi:10.1145/183019.183032,doi:10.1145/195473.195579,doi:10.1145/195473.195583,doi:10.1145/1993316.1993558,doi:10.1145/2046707.2046745,doi:10.1145/223982.224449,doi:10.1145/244804.244807,doi:10.1145/2509136.2509546,doi:10.1145/279227.279229,doi:10.1145/291889.291893,doi:10.1145/301177.301523,doi:10.1145/3182657,doi:10.1145/3208952,doi:10.1145/3314221.3314618,doi:10.1145/331499.331504,doi:10.1145/3341301.3359641,doi:10.1145/3342195.3387532,doi:10.1145/337180.337234,doi:10.1145/339647.339656,doi:10.1145/349299.349325,doi:10.1145/3563344,doi:10.1145/4472.4478,doi:10.1145/45941.45943,doi:10.1184/r1/6584909.v1,doi:10.1186/1752-0509-1-4,doi:10.1287/orsc.3.3.398,doi:10.14236/ewic/vecos2008.12,doi:10.14722/ndss.2019.23176,doi:10.14722/ndss.2021.24118,doi:10.14722/ndss.2021.24286,doi:10.20868/upm.thesis.14975,doi:10.3233/aic-2010-0458,doi:10.3850/9783981537079_0793,doi:10.4230/oasics.dx.2024.16,doi:10.4230/oasics.wcet.2010.113,doi:10.5555/1998496.1998520,t:actorsamodelofconcurrentcomputationindistributedsystems,t:applicationsofsymbolicsimulationtotheformalverificationofmicroprocessors,t:asystematicevaluationoftransientexecutionattacksanddefenses,t:exeasystemforautomaticallygeneratinginputsofdeathusingsymbolicexecution,t:inceptionsystemwidesecuritytestingofrealworldembeddedsystemssoftware,t:replaydebuggingfordistributedapplications,t:selectivesymbolicexecution,t:simicssun4mavirtualworkstation,t:symbolicmethodsforexploringinfinitestatespaces,t:symbolicolfactorydisplay,t:thedesignofadynamicemergencyresponsemanagementinformationsystemdermis,t:verifyingconcurrentsystemswithsymbolicexecutiontemporalreasoningissymbolicexecutionwithalittleinduction	Coverage 1900–2026-08-10; relevance-ranked export capped at 100; staged results deduplicated before dual screening.; parked-keys:doi:10.1109/fmcad.2013.6679400,doi:10.1109/iccd.1992.276260; decided keys are deduplicated campaign records attributable to this result set.
2026-08-10	search	oa2	OpenAlex API	symbolic execution RTL	query	1612	100	arxiv:2001.01324,doi:10.1016/j.cose.2018.07.006,doi:10.1109/ddecs63720.2025.11006790,doi:10.1109/iccd.2017.36,doi:10.1109/iciea.2016.7603701,doi:10.1109/itc50571.2021.00031,doi:10.1109/micro61859.2024.00045,doi:10.1109/sp54263.2024.00180,doi:10.1109/test.2017.8242038,doi:10.1109/test.2018.8624854,doi:10.1145/307418.307541,doi:10.1145/3219763.3219764,doi:10.1145/3441297,doi:10.1145/3558392,doi:10.1145/3623652.3623666,doi:10.1145/3676642.3736123,doi:10.14236/ewic/vecos2011.11,doi:10.23919/date56975.2023.10137202,doi:10.5281/zenodo.17614176,t:functionaltestgenerationofdigitallsivlsisystemsusingmachinesymbolicexecutiontechnique,t:improvingbranchcoverageinrtlcircuitswithsignaldomainanalysisandrestrictivesymbolicexecution	arxiv:2303.08256,arxiv:2304.05445,arxiv:2405.06840,arxiv:2407.12232,arxiv:2411.16238,doi:10.1007/11513988_19,doi:10.1007/3-540-45657-0_19,doi:10.1007/3-540-48683-6_8,doi:10.1007/978-3-319-08867-9_18,doi:10.1007/978-3-319-16030-6_5,doi:10.1007/978-3-540-39979-7_11,doi:10.1007/978-3-642-22110-1_24,doi:10.1007/978-3-642-39611-3_24,doi:10.1016/j.procir.2017.03.085,doi:10.1016/j.sysarc.2022.102757,doi:10.1016/j.tcs.2008.03.013,doi:10.1016/s0167-6423(99)00030-1,doi:10.1017/s0956796807006338,doi:10.1038/s41467-021-22364-0,doi:10.1038/s41467-024-48998-4,doi:10.1049/cdt2.12058,doi:10.1109/access.2018.2890150,doi:10.1109/access.2023.3244902,doi:10.1109/dac.2006.229439,doi:10.1109/discex.2001.932172,doi:10.1109/dsn.2008.4630118,doi:10.1109/emrts.1999.777457,doi:10.1109/fmcad11703.2006,doi:10.1109/memcod.2011.5970526,doi:10.1109/tcad.2006.881333,doi:10.1109/tcad.2020.3047976,doi:10.1145/1146909.1147178,doi:10.1145/1592761.1592781,doi:10.1145/1706299.1706311,doi:10.1145/233551.233556,doi:10.1145/244795.244803,doi:10.1145/2483028.2483086,doi:10.1145/2629677,doi:10.1145/277650.277752,doi:10.1145/288548.289080,doi:10.1145/309847.309966,doi:10.1145/330249.330250,doi:10.1145/337292.337336,doi:10.1145/3373087.3375306,doi:10.1145/343647.343691,doi:10.1145/3466752.3480070,doi:10.1145/3566097.3567921,doi:10.1145/3610579.3611081,doi:10.1145/3620665.3640418,doi:10.1145/3649329.3655958,doi:10.1145/3676536.3676801,doi:10.1145/3676536.3676841,doi:10.1145/3703595.3705880,doi:10.1145/3733238,doi:10.1145/378239.378481,doi:10.1184/r1/6622415,doi:10.1371/journal.pone.0274515,doi:10.15760/etd.1041,doi:10.15760/etd.1066,doi:10.21236/ada470547,doi:10.2168/lmcs-8(2:18)2012,doi:10.23919/date.2019.8715004,doi:10.26083/tuprints-00000113,doi:10.3233/sat190034,doi:10.3233/sat190051,doi:10.52202/085713-1670,doi:10.5555/2157654.2157667,doi:10.5555/2157654.2157684,t:ataxonomyofmodelbasedtesting,t:designvalidationofrtlcircuitsusingbinaryparticleswarmoptimizationandsymbolicexecution,t:hardwaresoftwarecoverificationusingpathbased13nsymbolicexecution,t:sharpevariationawareformalstatisticaltiminganalysisinrtl,t:symbolicsensitivityanalysistechniquesandapplicationsinanalogcircuitsynthesis	Coverage 1900–2026-08-10; relevance-ranked export capped at 100; staged results deduplicated before dual screening.; parked-keys:doi:10.1007/978-3-540-39724-3_14,doi:10.1109/asp-dac47756.2020.9045731,doi:10.1109/date.2011.5763253,doi:10.1109/hldvt.2012.6418244,doi:10.1145/2676549,doi:10.1145/309847.309965; decided keys are deduplicated campaign records attributable to this result set.
2026-08-10	search	oa3	OpenAlex API	symbolic execution Verilog	query	1312	100	arxiv:2001.01324,doi:10.1007/978-3-031-30820-8_2,doi:10.1016/j.cose.2018.07.006,doi:10.1109/micro61859.2024.00045,doi:10.1109/test.2017.8242038,doi:10.1145/3219763.3219764,doi:10.1145/3558392,doi:10.1145/3623652.3623666,doi:10.1145/3676642.3736123	arxiv:2010.15866,arxiv:2106.10392,arxiv:2304.05445,arxiv:2409.12993,doi:10.1002/stvr.456,doi:10.1007/11560548_17,doi:10.1007/3-540-44585-4_43,doi:10.1007/3-540-48683-6_12,doi:10.1007/3-540-61474-5_82,doi:10.1007/3-540-63166-6_53,doi:10.1007/978-0-387-34988-6_10,doi:10.1007/978-3-030-29959-0_15,doi:10.1007/978-3-030-81688-9_22,doi:10.1007/978-3-540-39979-7_11,doi:10.1007/978-3-642-39799-8_14,doi:10.1007/978-3-662-46081-8_21,doi:10.1007/978-981-96-0602-3_8,doi:10.1007/b117315,doi:10.1007/bfb0054165,doi:10.1007/bfb0054169,doi:10.1007/s10703-019-00337-w,doi:10.1016/0304-3975(94)00202-t,doi:10.1016/j.entcs.2004.12.023,doi:10.1016/j.entcs.2005.04.015,doi:10.1016/j.entcs.2008.03.091,doi:10.1016/j.jksuci.2022.04.006,doi:10.1016/j.sysarc.2022.102757,doi:10.1016/j.tcs.2007.07.050,doi:10.1016/j.tcs.2008.03.013,doi:10.1016/s0167-6423(96)00032-9,doi:10.1016/s0167-6423(99)00030-1,doi:10.1016/s1571-0661(05)80445-1,doi:10.1109/access.2018.2890150,doi:10.1109/access.2019.2930595,doi:10.1109/access.2020.2981395,doi:10.1109/access.2020.2993600,doi:10.1109/access.2022.3229767,doi:10.1109/dsn48063.2020.00046,doi:10.1109/fmcad.2009.5351133,doi:10.1109/icrc53822.2021.00029,doi:10.1109/jeds.2020.3023165,doi:10.1109/jproc.2018.2873289,doi:10.1109/tc.2006.81,doi:10.1109/tcad.2011.2173199,doi:10.1109/tcad.2020.3047976,doi:10.1109/tetc.2013.2294918,doi:10.1109/tse.2023.3252671,doi:10.1112/s1461157000000693,doi:10.1145/1232420.1232423,doi:10.1145/240518.240601,doi:10.1145/248621.248624,doi:10.1145/277044.277047,doi:10.1145/3078623,doi:10.1145/3110268,doi:10.1145/334012.334042,doi:10.1145/3342355,doi:10.1145/3359986.3361199,doi:10.1145/337292.337336,doi:10.1145/3386337,doi:10.1145/339647.339696,doi:10.1145/3433210.3453093,doi:10.1145/3460120.3484810,doi:10.1145/3498709,doi:10.1145/352029.352035,doi:10.1145/3622758.3622895,doi:10.1145/3622805,doi:10.1145/3676642.3736115,doi:10.1145/3763084,doi:10.1201/b11716-30,doi:10.1371/journal.pone.0274515,doi:10.14232/actacyb.23.2.2017.9,doi:10.14236/ewic/vecos2008.12,doi:10.18653/v1/2025.findings-naacl.449,doi:10.21236/ada470547,doi:10.2197/ipsjtsldm.6.135,doi:10.22028/d291-26385,doi:10.22028/d291-26650,doi:10.22028/d291-27991,doi:10.23919/date.2019.8715004,doi:10.3233/fi-2020-1989,doi:10.3233/sat190051,doi:10.3390/biomimetics10060346,doi:10.34727/2020/isbn.978-3-85448-042-6_9,doi:10.4230/oasics.wcet.2007.1190,doi:10.46586/tches.v2021.i4.447-473,doi:10.5516/net.04.2012.078,t:hardwaresoftwarecoverificationusingpathbased13nsymbolicexecution,t:symbolicsensitivityanalysistechniquesandapplicationsinanalogcircuitsynthesis	Coverage 1900–2026-08-10; relevance-ranked export capped at 100; staged results deduplicated before dual screening.; parked-keys:doi:10.1109/date.2011.5763253,doi:10.1145/225830.224450,t:symbolictimingdiagramsavisualformalismformodelverification; decided keys are deduplicated campaign records attributable to this result set.
2026-08-10	search	oa4	OpenAlex API	symbolic execution SystemC	query	595	100	arxiv:2001.01324,arxiv:2111.00805,doi:10.1109/aspdac.2016.7428006,doi:10.1109/ddecs63720.2025.11006790,doi:10.1109/iccad.2013.6691189,doi:10.1109/tcad.2018.2846638,doi:10.1109/tcad.2025.3641038,doi:10.1145/2966986.2967016,doi:10.1145/3489517.3530604,doi:10.1145/3623652.3623666,doi:10.14236/ewic/vecos2011.11	arxiv:1702.00686,arxiv:1709.09019,arxiv:1803.06300,arxiv:2509.05504,doi:10.1002/essoar.10512333.1,doi:10.1007/978-3-030-54828-5_4,doi:10.1007/978-3-030-54828-5_6,doi:10.1007/978-3-030-81688-9_22,doi:10.1007/978-3-031-37709-9_20,doi:10.1007/978-3-031-50521-8_9,doi:10.1007/978-3-319-04717-1_4,doi:10.1007/978-3-642-16612-9_33,doi:10.1007/978-3-642-19835-9_31,doi:10.1007/978-3-642-19835-9_33,doi:10.1007/978-3-642-22110-1_24,doi:10.1007/978-3-642-22110-1_28,doi:10.1007/978-3-642-28756-5_38,doi:10.1007/978-3-642-28756-5_42,doi:10.1007/978-3-642-31424-7_29,doi:10.1007/978-3-642-37057-1_11,doi:10.1007/s00165-014-0309-8,doi:10.1007/s10009-015-0407-9,doi:10.1007/s10270-017-0612-y,doi:10.1007/s10270-018-0675-4,doi:10.1007/s10617-006-9044-6,doi:10.1007/s10617-006-9589-4,doi:10.1007/s10617-009-9046-2,doi:10.1007/s11219-017-9386-2,doi:10.1007/s11241-010-9101-x,doi:10.1007/s11432-020-3308-4,doi:10.1016/j.entcs.2009.10.029,doi:10.1016/j.infsof.2018.06.016,doi:10.1016/j.scico.2011.04.001,doi:10.1016/j.sysarc.2022.102456,doi:10.1016/j.sysarc.2022.102757,doi:10.1016/j.tcs.2008.03.013,doi:10.1016/j.tcs.2012.11.010,doi:10.1017/s0956796809990074,doi:10.1109/iri.2013.6642516,doi:10.1109/iwv.2000.844535,doi:10.1109/tcad.2012.2205148,doi:10.1109/tcad.2017.2705129,doi:10.1145/1592761.1592781,doi:10.1145/1961296.1950396,doi:10.1145/3057267,doi:10.1145/3122848,doi:10.1145/3133934,doi:10.1145/3282444,doi:10.1145/3289100.3289125,doi:10.1145/3289100.3289127,doi:10.1145/334012.334042,doi:10.1145/3433210.3453093,doi:10.1145/3532989,doi:10.1145/3542945,doi:10.1145/3664191,doi:10.1145/3735641,doi:10.1155/2007/75373,doi:10.1155/2007/82123,doi:10.1155/2012/902849,doi:10.1186/s13673-019-0165-x,doi:10.1186/s42400-022-00123-y,doi:10.1201/9781315218823-12,doi:10.14236/ewic/vecos2007.8,doi:10.14236/ewic/vecos2008.12,doi:10.14236/ewic/vecos2009.7,doi:10.14279/depositonce-2449,doi:10.1504/ijccbs.2014.064666,doi:10.1504/ijes.2008.020299,doi:10.2168/lmcs-8(2:18)2012,doi:10.24963/ijcai.2017/189,doi:10.25560/59705,doi:10.3390/electronics7060081,doi:10.3390/jsan2040675,doi:10.34727/2020/isbn.978-3-85448-042-6_10,doi:10.4204/eptcs.152.12,doi:10.4204/eptcs.247.1,doi:10.4230/lites-v001-i001-a002,doi:10.5075/epfl-thesis-6663,doi:10.5555/1998496.1998520,doi:10.5555/2561828.2561961,doi:10.5555/2755753.2757199,doi:10.6100/ir559665,doi:10.70675/87df6e4ezaef8z48e7zaffbze0385a8854b2,doi:10.7873/date.2015.0758,t:extractinglogicalformulaethatcapturethefunctionalityofsystemcdesigns,t:hardwaresoftwarecoverificationusingpathbased13nsymbolicexecution,t:hemlockheterogeneousmodelofcomputationkernelforsystemc	Coverage 1900–2026-08-10; relevance-ranked export capped at 100; staged results deduplicated before dual screening.; parked-keys:doi:10.1109/isvlsi.2007.31; decided keys are deduplicated campaign records attributable to this result set.
2026-08-10	search	oa5	OpenAlex API	concolic RTL hardware	query	102	100	arxiv:2111.00805,arxiv:2205.04047,arxiv:2603.11489,doi:10.1007/s10703-023-00414-1,doi:10.1109/iccd.2017.36,doi:10.1109/mlcad65511.2025.11189172,doi:10.1109/tc.2020.2997644,doi:10.1109/tcad.2021.3066560,doi:10.1109/test.2017.8242038,doi:10.1145/3558392,doi:10.1145/3655621,doi:10.1145/3676642.3736123,doi:10.1145/3769295,doi:10.23919/date.2018.8342260,doi:10.23919/date.2019.8715131,doi:10.23919/date48585.2020.9116384,doi:10.23919/date56975.2023.10136970	arxiv:1602.03095,arxiv:1602.06038,arxiv:1611.10146,arxiv:1712.09818,arxiv:1911.07707,arxiv:2111.03989,arxiv:2205.10962,arxiv:2208.03528,arxiv:2302.12241,arxiv:2304.05445,arxiv:2308.11042,arxiv:2309.08002,arxiv:2310.06046,arxiv:2408.15128,arxiv:2409.05832,arxiv:2412.08769,arxiv:2412.13374,arxiv:2508.06643,doi:10.1007/978-3-031-18174-0,doi:10.1007/978-3-031-58687-3,doi:10.1007/978-3-319-89722-6,doi:10.1007/s11432-020-3308-4,doi:10.1016/j.micpro.2025.105236,doi:10.1016/j.sysarc.2022.102757,doi:10.1109/access.2020.3008250,doi:10.1109/access.2023.3262499,doi:10.1109/access.2023.3347652,doi:10.1109/acdsa65407.2025.11165916,doi:10.1109/icecet63943.2025.11472017,doi:10.1109/isca.2018.00030,doi:10.1109/qcnc69040.2026.00019,doi:10.1145/2450136.2450139,doi:10.1145/3195970.3196119,doi:10.1145/3314221.3314601,doi:10.1145/3341301.3359651,doi:10.1145/3385412.3385964,doi:10.1145/3474376.3487286,doi:10.1145/3526241.3530827,doi:10.1145/3564785,doi:10.1145/3566097.3567921,doi:10.1145/3622805,doi:10.1145/3638046,doi:10.1145/3703595.3705880,doi:10.1145/3735641,doi:10.1145/3770743.3804400,doi:10.1186/s42400-022-00123-y,doi:10.15083/0002012819,doi:10.15760/etd.2330,doi:10.1587/transfun.2022vlp0002,doi:10.2197/ipsjtsldm.16.45,doi:10.22214/ijraset.2023.52627,doi:10.23919/date.2019.8715180,doi:10.23919/date51398.2021.9474132,doi:10.26204/kluedo/13378,doi:10.3390/info17030218,legacy:malformed-sylvia-doi-html,doi:10.5121/ijcses.2015.6602,doi:10.5281/zenodo.1211148,doi:10.7302/2806,t:applicationsofformalandsemiformalverificationonsoftwaretestinghighlevelsynthesisandenergyinternet,t:atlasaiassistedthreattoassertionlearningforsystemonchipsecurityverification,t:autoverifixhighcorrectnessrtlgenerationviatraceawarecausalfixandsemanticredundancypruning,t:blindmarketenablingverifiableconfidentialandtraceableipcoredistributioninzerotrustsettings,t:cweepalexicalstaticanalysisframeworkforcweearlyprevention,t:forbenchsymbolicsimulationhelpsmakeyourtestbenchmoreformal,t:formalapproachesforautomaticdeobfuscationandreverseengineeringofprotectedcodes,t:informationflowpathsfromrtltraces,t:reinforcementlearningforsoftwarevulnerabilityanalysisasystematicreviewwithemphasisonccsourcecodeandstaticanalysis,t:secretsdanslecompilateurdetectiondefaiblesseslieesausecretdanslanalyseurstatiquedegcc,t:shiftlefthighlevelsynthesisverificationviaknowledgeaugmentedllmagent,t:specifyinghardwarecommunicationasprograms,t:strategiesforscalablesymbolicexecutionbasedtestgeneration,t:sysfusssystemlevelfirmwarefuzzingwithselectivesymbolicexecution,t:verichatanagenticconversationalaiassistantforhardwaresecurityverification,t:vericwetyembeddingenabledlinelevelcwedetectioninverilog	Coverage 1900–2026-08-10; relevance-ranked export capped at 100; staged results deduplicated before dual screening.; parked-keys:arxiv:2405.19948,arxiv:2508.14414,doi:10.1109/iccd.2018.00073,doi:10.1145/3566097.3567918,doi:10.15760/etd.7531,t:increasingbranchcoveragewithdualmetricrtltestgeneration; decided keys are deduplicated campaign records attributable to this result set.
2026-08-10	search	oa6	OpenAlex API	symbolic execution processor verification	query	71449	100	doi:10.1007/3-540-52148-8_30,doi:10.1109/tcad.2018.2846638,doi:10.1145/127601.127701,doi:10.23919/date56975.2023.10137202	arxiv:1810.02338,arxiv:1912.08788,arxiv:2302.06675,doi:10.1007/11754008_1,doi:10.1007/3-540-44829-2_17,doi:10.1007/3-540-45657-0_17,doi:10.1007/3-540-45657-0_19,doi:10.1007/3-540-48683-6_8,doi:10.1007/3-540-56496-9_14,doi:10.1007/3-540-58179-0_43,doi:10.1007/3-540-58179-0_44,doi:10.1007/3-540-61474-5_53,doi:10.1007/978-0-387-34892-6_1,doi:10.1007/978-3-030-25540-4_26,doi:10.1007/978-3-031-27481-7_12,doi:10.1007/978-3-319-47166-2_14,doi:10.1007/978-3-319-47846-3_5,doi:10.1007/978-3-540-24622-0_8,doi:10.1007/978-3-540-24732-6_13,doi:10.1007/978-3-540-71209-1_12,doi:10.1007/978-3-642-02658-4_32,doi:10.1007/978-3-642-05089-3_17,doi:10.1007/978-3-642-14295-6_31,doi:10.1007/978-3-642-17071-3_7,doi:10.1007/978-3-642-20398-5_4,doi:10.1007/978-3-642-22110-1_55,doi:10.1007/978-3-642-27705-4_16,doi:10.1007/978-3-642-27705-4_22,doi:10.1007/978-3-642-27940-9_27,doi:10.1007/978-3-642-29860-8_32,doi:10.1007/978-3-642-31424-7_61,doi:10.1007/978-3-642-39176-7_7,doi:10.1007/978-3-662-49122-5_2,doi:10.1007/bf01088696,doi:10.1007/s10009-020-00570-3,doi:10.1007/s10207-004-0055-7,doi:10.1007/s10710-010-9121-2,doi:10.1007/s10766-005-0004-8,doi:10.1016/0010-0277(92)90052-j,doi:10.1016/0304-3975(94)00202-t,doi:10.1016/0376-5075(78)90014-4,doi:10.1016/b978-044482830-9/50035-7,doi:10.1016/j.cosrev.2020.100270,doi:10.1016/j.ic.2007.01.004,doi:10.1016/j.jom.2015.06.002,doi:10.1016/j.tcs.2004.11.007,doi:10.1016/s0004-3702(02)00374-0,doi:10.1016/s0304-3975(00)00103-1,doi:10.1038/s41592-019-0686-2,doi:10.1093/brain/119.2.593,doi:10.1109/32.317428,doi:10.1109/access.2019.2921624,doi:10.1109/eurosp.2019.00020,doi:10.1109/icvd.1999.745161,doi:10.1109/indin.2018.8471992,doi:10.1109/sp.2019.00022,doi:10.1109/sp40000.2020.00024,doi:10.1140/epjc/s10052-011-1742-y,doi:10.1145/1514894.1514924,doi:10.1145/1755913.1755946,doi:10.1145/177492.177725,doi:10.1145/1831708.1831732,doi:10.1145/1985793.1985838,doi:10.1145/1993316.1993558,doi:10.1145/2046707.2046745,doi:10.1145/217474.217565,doi:10.1145/2338965.2336771,doi:10.1145/2382196.2382271,doi:10.1145/2884781.2884843,doi:10.1145/2884781.2884856,doi:10.1145/2934872.2934881,doi:10.1145/298595.298598,doi:10.1145/2993600.2993611,doi:10.1145/309847.309936,doi:10.1145/3213846.3213868,doi:10.1145/3230543.3230548,doi:10.1145/3341301.3359641,doi:10.1145/48529.48530,doi:10.1145/504083.504085,doi:10.1145/88616.96551,doi:10.1155/2013/507984,doi:10.14419/ijet.v7i2.21.12465,doi:10.14722/ndss.2021.24118,doi:10.1561/3300000004,doi:10.3233/jcs-2010-0363,doi:10.4230/oasics.dx.2024.16,doi:10.5555/777092.777164,doi:10.6100/ir614943,t:automatingmimicryattacksusingstaticbinaryanalysis,t:formalhardwareverificationbysymbolictrajectoryevaluation,t:implementationofsymbolicmodelcheckingforprobabilisticsystems,t:modelingandverificationofrandomizeddistributedrealtimesystems,t:symbolicexecutionoflotosspecifications,t:symbolicmodelcheckinganapproachtothestateexplosionproblem,t:verifyingconcurrentsystemswithsymbolicexecutiontemporalreasoningissymbolicexecutionwithalittleinduction	Coverage 1900–2026-08-10; relevance-ranked export capped at 100; staged results deduplicated before dual screening.; parked-keys:doi:10.1109/92.386220; decided keys are deduplicated campaign records attributable to this result set.
2026-08-10	search	oa7	OpenAlex API	symbolic execution hardware security	query	15954	100	doi:10.1016/j.cose.2018.07.006,doi:10.1109/asianhost56390.2022.10022071,doi:10.1109/isocc56007.2022.10031481,doi:10.1109/itc50571.2021.00031,doi:10.1109/micro.2018.00071,doi:10.1109/micro61859.2024.00045,doi:10.1145/3219763.3219764,doi:10.1145/3441297,doi:10.1145/3623652.3623666	arxiv:1805.08876,arxiv:1912.08788,arxiv:2210.07990,doi:10.1002/cta.2296,doi:10.1007/s10270-018-0675-4,doi:10.1016/j.aci.2016.03.001,doi:10.1016/j.bcra.2022.100067,doi:10.1016/j.bica.2016.11.002,doi:10.1016/j.comcom.2020.01.016,doi:10.1016/j.cose.2015.09.009,doi:10.1016/j.cose.2023.103180,doi:10.1016/j.infsof.2018.07.007,doi:10.1016/j.jksuci.2022.10.028,doi:10.1016/j.jlamp.2019.100497,doi:10.1016/j.jnca.2020.102779,doi:10.1016/j.jsc.2016.07.012,doi:10.1038/s41586-023-06792-0,doi:10.1038/s41598-024-62861-y,doi:10.1109/2.53354,doi:10.1109/access.2019.2911031,doi:10.1109/access.2020.2965016,doi:10.1109/access.2022.3168972,doi:10.1109/access.2022.3229767,doi:10.1109/access.2024.3375874,doi:10.1109/ase.2019.00133,doi:10.1109/cns48642.2020.9162164,doi:10.1109/comst.2015.2453114,doi:10.1109/comst.2020.3011208,doi:10.1109/csf.2013.11,doi:10.1109/dsn.2008.4630118,doi:10.1109/eurosp.2019.00020,doi:10.1109/jestpe.2020.3045667,doi:10.1109/jetcas.2021.3084400,doi:10.1109/sdn4fns.2013.6702553,doi:10.1109/sp.2013.40,doi:10.1109/sp.2015.55,doi:10.1109/sp.2019.00010,doi:10.1109/sp.2019.00021,doi:10.1109/sp.2019.00022,doi:10.1109/sp40000.2020.00030,doi:10.1109/sp40000.2020.00055,doi:10.1109/sp40000.2020.00061,doi:10.1109/tcad.2020.3047976,doi:10.1109/tdsc.2004.2,doi:10.1109/tse.2014.2323977,doi:10.1145/1057387.1057388,doi:10.1145/1592761.1592781,doi:10.1145/1755913.1755946,doi:10.1145/195473.195579,doi:10.1145/2046707.2046745,doi:10.1145/2150976.2151012,doi:10.1145/2509136.2509546,doi:10.1145/2544173.2509546,doi:10.1145/2619091,doi:10.1145/2970276.2970299,doi:10.1145/3081333.3081361,doi:10.1145/3182657,doi:10.1145/3208952,doi:10.1145/3238147.3238172,doi:10.1145/3314221.3314618,doi:10.1145/3333501,doi:10.1145/3341301.3359641,doi:10.1145/3342195.3387532,doi:10.1145/3360549,doi:10.1145/3394885.3431595,doi:10.1145/3433210.3453093,doi:10.1145/3563344,doi:10.1145/3593293,doi:10.1145/65000.65002,doi:10.1186/s42400-019-0038-7,doi:10.14722/ndss.2014.23229,doi:10.14722/ndss.2019.23176,doi:10.14722/ndss.2019.23371,doi:10.14722/ndss.2020.24419,doi:10.14722/ndss.2021.24118,doi:10.14722/ndss.2021.24286,doi:10.1561/3300000004,doi:10.2478/jagi-2014-0001,doi:10.3390/electronics9020255,doi:10.3390/fi15020083,doi:10.3390/s20185165,doi:10.3390/s24124008,doi:10.3850/9783981537079_0793,doi:10.4230/oasics.dx.2024.16,doi:10.6028/nist.sp.800-115,t:analysismodelsforsecurityprotocols,t:asystematicevaluationoftransientexecutionattacksanddefenses,t:inceptionsystemwidesecuritytestingofrealworldembeddedsystemssoftware,t:netspaanetworksecurityplanningarchitecture,t:selectivesymbolicexecution,t:useofataxonomyofsecurityfaults	Coverage 1900–2026-08-10; relevance-ranked export capped at 100; staged results deduplicated before dual screening.; decided keys are deduplicated campaign records attributable to this result set.
2026-08-10	search	oa8	OpenAlex API	symbolic execution high-level synthesis HDL	query	721	100	arxiv:2111.00805,doi:10.1109/test.2017.8242038,doi:10.1145/307418.307541,doi:10.1145/3558392	arxiv:1711.07606,arxiv:2407.10424,doi:10.1007/11560548_20,doi:10.1007/3-540-45319-9_36,doi:10.1007/3-540-56922-7_3,doi:10.1007/3-540-58179-0_44,doi:10.1007/3-540-58179-0_53,doi:10.1007/3-540-60029-9_50,doi:10.1007/3-540-63166-6_53,doi:10.1007/978-0-387-34880-3_19,doi:10.1007/978-3-030-99524-9_1,doi:10.1007/978-3-319-62870-7_25,doi:10.1007/978-3-642-23120-9_6,doi:10.1007/978-3-642-39799-8_14,doi:10.1007/b117315,doi:10.1007/s10270-018-0675-4,doi:10.1016/j.jksuci.2022.04.006,doi:10.1016/j.micpro.2014.09.006,doi:10.1016/j.sysarc.2022.102757,doi:10.1016/s0065-2458(08)60406-4,doi:10.1016/s0167-6423(99)00030-1,doi:10.1016/s1571-0661(04)80400-6,doi:10.1057/s41290-022-00173-2,doi:10.1109/access.2016.2559781,doi:10.1109/access.2018.2890150,doi:10.1109/access.2020.2993600,doi:10.1109/access.2020.3036975,doi:10.1109/access.2023.3244902,doi:10.1109/access.2024.3377458,doi:10.1109/dsd.2012.59,doi:10.1109/fdl59689.2023.10272204,doi:10.1109/hpca56546.2023.10071076,doi:10.1109/tcad.2020.3047976,doi:10.1109/tcad.2024.3387312,doi:10.1109/tcsi.2022.3225208,doi:10.1145/2463209.2488792,doi:10.1145/2560033,doi:10.1145/277044.277046,doi:10.1145/278241.278322,doi:10.1145/2842615,doi:10.1145/290833.290843,doi:10.1145/309847.310082,doi:10.1145/3110268,doi:10.1145/3205289.3205324,doi:10.1145/3315574,doi:10.1145/337292.337333,doi:10.1145/3373376.3378503,doi:10.1145/3386337,doi:10.1145/343647.343807,doi:10.1145/3445814.3446720,doi:10.1145/3466752.3480070,doi:10.1145/3466752.3480092,doi:10.1145/3532989,doi:10.1145/3569052.3580027,doi:10.1145/3591237,doi:10.1145/3620665.3640387,doi:10.1145/3622781.3674170,doi:10.1145/3676536.3697135,doi:10.1145/3721848.3721852,doi:10.1145/3735638,doi:10.1155/2007/75373,doi:10.1155/2009/408605,doi:10.1155/2012/156907,doi:10.1155/2020/7095048,doi:10.15514/ispras-2016-28(4)-3,doi:10.15760/etd.2459,doi:10.17869/enu.255026,doi:10.18260/1-2--11927,doi:10.2298/fuee1103303u,doi:10.3176/eng.2010.1.06,doi:10.3233/sat190034,doi:10.3390/app14167168,doi:10.3390/electronics10010073,doi:10.3390/electronics11132023,doi:10.3390/electronics11223704,doi:10.3390/electronics7060081,doi:10.34727/2020/isbn.978-3-85448-042-6_10,doi:10.46586/tches.v2021.i4.447-473,doi:10.5075/epfl-thesis-6059,doi:10.52202/085713-1670,doi:10.5555/266388.266408,doi:10.6100/ir582596,t:accelerationofabioinformaticsapplicationusinghighlevelsynthesis,t:anarchitecturesynthesissystemforembeddedprocessors,t:designofaflexibleschoenhagestrassenfftpolynomialmultiplierwithhighlevelsynthesis,t:dynamicmemoryallocationtechniquesforhighlevelsynthesis,t:optimizationandverificationtechniquesforhardwaresynthesisfromconcurrentactionorientedspecifications,t:practicalapplicationsofindustrialoptimizationfromhighspeedembeddedcontrollerstolargediscreteutilitysystems,t:symbolicsensitivityanalysistechniquesandapplicationsinanalogcircuitsynthesis,t:synthesisofhardwaresystemsfromveryhighlevelbehaviouralspecifications,t:toolsandtechniquesforefficientsystemleveldesignspaceexploration	Coverage 1900–2026-08-10; relevance-ranked export capped at 100; staged results deduplicated before dual screening.; parked-keys:doi:10.1007/978-0-387-35198-8_28,doi:10.1145/309847.309965,doi:10.1184/r1/6610316,doi:10.5755/j01.itc.42.4.4261; decided keys are deduplicated campaign records attributable to this result set.
2026-08-10	search	oa9	OpenAlex API	symbolic simulation RTL hardware	query	1331	100	doi:10.1007/978-3-031-30820-8_2,doi:10.1016/j.cose.2018.07.006,doi:10.1109/iccd.2017.36,doi:10.1109/isvlsi.2015.107,doi:10.1109/test.2017.8242038,doi:10.1109/test.2018.8624854,doi:10.1145/307418.307541,doi:10.1145/3219763.3219764,doi:10.1145/3441297,doi:10.1145/3623652.3623666	arxiv:1702.00686,arxiv:1705.10295,arxiv:1711.07606,arxiv:2304.05445,arxiv:2412.07822,doi:10.1007/11513988_19,doi:10.1007/11940197_11,doi:10.1007/3-540-44798-9_16,doi:10.1007/3-540-58179-0_59,doi:10.1007/978-1-4419-1539-9_3,doi:10.1007/978-3-031-98668-0_9,doi:10.1007/978-3-319-08867-9_18,doi:10.1007/978-3-319-68511-3_8,doi:10.1007/978-3-540-39979-7_11,doi:10.1007/978-3-642-39611-3_24,doi:10.1007/978-3-642-39799-8_14,doi:10.1007/b116575,doi:10.1007/bfb0023719,doi:10.1016/j.aej.2022.05.035,doi:10.1016/j.procir.2017.03.085,doi:10.1016/j.sysarc.2011.02.001,doi:10.1016/j.vlsi.2022.05.001,doi:10.1016/s0167-9260(97)00023-0,doi:10.1109/access.2020.2993600,doi:10.1109/access.2022.3151378,doi:10.1109/access.2022.3229767,doi:10.1109/access.2023.3244902,doi:10.1109/access.2024.3362889,doi:10.1109/access.2024.3375874,doi:10.1109/aspdac.1997.600112,doi:10.1109/dac.2014.6881476,doi:10.1109/dac18074.2021.9586118,doi:10.1109/date.2009.5090927,doi:10.1109/fmcad11703.2006,doi:10.1109/hpca.2016.7446099,doi:10.1109/hpca.2017.48,doi:10.1109/iccd.2013.6657090,doi:10.1109/iolts.2008.59,doi:10.1109/jetcas.2021.3084400,doi:10.1109/les.2017.2741419,doi:10.1109/mp.2005.1405799,doi:10.1109/sp40000.2020.00030,doi:10.1109/sp40000.2020.00055,doi:10.1109/tcad.2020.3047976,doi:10.1109/tetc.2013.2294918,doi:10.1109/vlsid.2007.46,doi:10.1145/1014188.803015,doi:10.1145/1592761.1592781,doi:10.1145/240518.240641,doi:10.1145/2593069.2593209,doi:10.1145/2629677,doi:10.1145/266021.266110,doi:10.1145/266021.266359,doi:10.1145/288548.289080,doi:10.1145/309847.309966,doi:10.1145/3110268,doi:10.1145/337292.337309,doi:10.1145/337292.337336,doi:10.1145/3373087.3375306,doi:10.1145/3445814.3446720,doi:10.1145/3466752.3480092,doi:10.1145/3566097.3567921,doi:10.1145/3591237,doi:10.1145/3613424.3623783,doi:10.1145/3620665.3640418,doi:10.1145/3638046,doi:10.1145/3676536.3676801,doi:10.1145/3676536.3676841,doi:10.1155/2007/82123,doi:10.1155/2020/7346763,doi:10.1184/r1/6622415,doi:10.1504/ijccbs.2012.045077,doi:10.21236/ada470547,doi:10.2197/ipsjtsldm.6.135,doi:10.2200/s00346ed1v01y201104cac016,doi:10.24425/acs.2021.137426,doi:10.26083/tuprints-00000113,doi:10.3390/electronics11223704,doi:10.3390/electronics7060081,doi:10.3390/s20185165,doi:10.5402/2012/271836,t:highlevelstaticanalysisofsystemdescriptionsfortamingverificationcomplexity,t:percolationbasedcompilingforevaluationofparallelismandhardwaredesigntradeoffs,t:protoflexcosimulationforcomponentwisefpgaemulatordevelopment,t:selectivestateretentiondesignusingsymbolicsimulation,t:speedinguphardwareverificationbyautomateddatapathscaling,t:umlbaseddesignspaceexplorationfastsimulationandstaticanalysis	Coverage 1900–2026-08-10; relevance-ranked export capped at 100; staged results deduplicated before dual screening.; parked-keys:doi:10.1007/978-3-540-39724-3_14,doi:10.1145/309847.309965,t:aninfrastructureforrtlvalidationandverification; decided keys are deduplicated campaign records attributable to this result set.
2026-08-10	search	oa10	OpenAlex API	symbolic trajectory evaluation hardware	query	15511	100	doi:10.1145/127601.127701	arxiv:1604.06778,arxiv:2106.05268,arxiv:2109.06133,doi:10.1002/cta.2296,doi:10.1002/rob.20147,doi:10.1006/jcss.1998.1581,doi:10.1007/11513988_19,doi:10.1007/11560548_19,doi:10.1007/11753728_56,doi:10.1007/11757283_3,doi:10.1007/11817963_19,doi:10.1007/11817963_20,doi:10.1007/3-540-44659-1_21,doi:10.1007/3-540-48153-2_16,doi:10.1007/3-540-57826-9_135,doi:10.1007/3-540-58179-0_59,doi:10.1007/3-540-58179-0_61,doi:10.1007/3-540-58179-0_62,doi:10.1007/3-540-63166-6_25,doi:10.1007/3-540-63475-4,doi:10.1007/978-1-4757-3188-0,doi:10.1007/978-3-030-32409-4_25,doi:10.1007/978-3-319-10575-8_25,doi:10.1007/978-3-642-23774-4_9,doi:10.1007/bfb0023717,doi:10.1007/bfb0054169,doi:10.1007/s11517-013-1076-z,doi:10.1007/s11704-024-40231-1,doi:10.1007/s11704-026-60308-3,doi:10.1007/s11831-023-09922-z,doi:10.1007/s44366-024-0008-9,doi:10.1016/0004-3702(94)00088-i,doi:10.1016/j.artint.2015.05.010,doi:10.1016/j.bica.2016.11.002,doi:10.1016/j.entcom.2021.100473,doi:10.1016/j.jsc.2012.05.007,doi:10.1016/j.mechmachtheory.2007.03.003,doi:10.1016/j.nlm.2021.107552,doi:10.1016/j.scico.2011.07.006,doi:10.1038/s41586-022-05172-4,doi:10.1038/srep34615,doi:10.1063/1.446326,doi:10.1109/43.372367,doi:10.1109/5.726791,doi:10.1109/access.2021.3140175,doi:10.1109/delta.2004.10047,doi:10.1109/fmcad.2008.ecp.12,doi:10.1109/fmcad.2009.5351133,doi:10.1109/jiot.2023.3307002,doi:10.1109/jproc.2021.3067593,doi:10.1109/jsac.2021.3126076,doi:10.1109/lra.2017.2718099,doi:10.1109/pacrim.1997.620351,doi:10.1109/tac.2016.2593947,doi:10.1109/tcad.2005.850814,doi:10.1109/tcasai.2024.3462692,doi:10.1112/s1461157000000693,doi:10.1140/epjqt/s40507-023-00166-1,doi:10.1145/157485.164981,doi:10.1145/1810891.1810912,doi:10.1145/240518.240641,doi:10.1145/3132211.3134458,doi:10.1145/3238147.3238172,doi:10.1145/337292.337336,doi:10.1155/2012/182907,doi:10.1177/0042098009103859,doi:10.1177/0278364917739114,doi:10.1184/r1/6622415,doi:10.1287/orsc.3.3.398,doi:10.1371/journal.pone.0213675,doi:10.14778/3665844.3665858,doi:10.1504/ijes.2008.020299,doi:10.18637/jss.v067.i10,doi:10.2168/lmcs-5(2:1)2009,doi:10.26083/tuprints-00000113,doi:10.3233/sat190106,doi:10.3311/ppci.2138,doi:10.3389/fnins.2015.00449,doi:10.3389/frobt.2022.899025,doi:10.3390/math11163451,doi:10.3390/s18114045,doi:10.3390/s21062140,doi:10.4230/oasics.dx.2024.16,doi:10.4324/9780203448946,doi:10.5194/ms-4-199-2013,doi:10.5772/16166,t:afaithfulsemanticsforgeneralisedsymbolictrajectoryevaluation,t:amathematicallyprecisetwolevelformalhardwareverificationmethodology,t:amethodologyforformalhardwareverificationbasedonsymbolictrajectoryevaluation,t:atrajectoryofartificialityandnewprinciplesofdesignfortheinformationage,t:clearingthecloudsastudyofemergingworkloadsonmodernhardware,t:discoveringsymbolicpolicieswithdeepreinforcementlearning,t:evaluatingdigitallibrariesalongitudinalandmultifacetedview,t:exeasystemforautomaticallygeneratinginputsofdeathusingsymbolicexecution,t:formalhardwareverificationbysymbolictrajectoryevaluation,t:semanticsdecisionproceduresandabstractionrefinementforsymbolictrajectoryevaluation,t:theconstructionandevaluationofstatisticalmodelsofmelodicstructureinmusicperceptionandcomposition,t:vossaformalhardwareverificationsystemusersguide	Coverage 1900–2026-08-10; relevance-ranked export capped at 100; staged results deduplicated before dual screening.; parked-keys:doi:10.1007/978-3-540-75596-8_32; decided keys are deduplicated campaign records attributable to this result set.
2026-08-10	search	cr1	Crossref REST API	symbolic execution hardware design RTL	query	2721060	100	doi:10.1109/asianhost56390.2022.10022071,doi:10.1109/cscwd68734.2026.11582111,doi:10.1109/idt.2015.7396755,doi:10.1109/iscas51556.2021.9401267,doi:10.1109/itc50571.2021.00031,doi:10.1109/test.2018.8624854,doi:10.1145/3219763.3219764,doi:10.1145/3623652.3623666,doi:10.1145/3649476.3658782,doi:10.1145/3725843.3756131,doi:10.1145/378239.378278	doi:10.1002/0471786411,doi:10.1002/0471786411.ch1,doi:10.1002/0471786411.ch10,doi:10.1002/0471786411.ch11,doi:10.1002/0471786411.ch12,doi:10.1002/0471786411.ch13,doi:10.1002/0471786411.ch14,doi:10.1002/0471786411.ch15,doi:10.1002/0471786411.ch16,doi:10.1002/0471786411.ch2,doi:10.1002/0471786411.ch3,doi:10.1002/0471786411.ch4,doi:10.1002/0471786411.ch5,doi:10.1002/0471786411.ch6,doi:10.1002/0471786411.ch7,doi:10.1002/0471786411.ch8,doi:10.1002/0471786411.ch9,doi:10.1002/0471786411.fmatter,doi:10.1002/0471786411.index,doi:10.1002/0471786411.refs,doi:10.1007/0-306-47016-0_3,doi:10.1007/0-306-47016-0_4,doi:10.1007/0-306-47016-0_5,doi:10.1007/0-306-47016-0_6,doi:10.1007/0-306-47016-0_8,doi:10.1007/0-306-47016-0_9,doi:10.1007/0-306-47631-2_10,doi:10.1007/0-306-47631-2_4,doi:10.1007/0-306-47631-2_5,doi:10.1007/0-306-47631-2_6,doi:10.1007/0-306-47631-2_7,doi:10.1007/0-306-47631-2_9,doi:10.1007/0-387-25745-4_4,doi:10.1007/0-387-29906-8_2,doi:10.1007/0-387-29906-8_3,doi:10.1007/978-3-319-26287-1_7,doi:10.1007/978-3-319-26287-1_8,doi:10.1007/978-3-540-39724-3_1,doi:10.1007/978-3-540-77966-7_5,doi:10.1007/978-981-10-8776-9_3,doi:10.1007/978-981-15-4405-7,doi:10.1007/978-981-15-4405-7_1,doi:10.1007/978-981-15-4405-7_10,doi:10.1007/978-981-15-4405-7_11,doi:10.1007/978-981-15-4405-7_12,doi:10.1007/978-981-15-4405-7_13,doi:10.1007/978-981-15-4405-7_14,doi:10.1007/978-981-15-4405-7_15,doi:10.1007/978-981-15-4405-7_2,doi:10.1007/978-981-15-4405-7_3,doi:10.1007/978-981-15-4405-7_4,doi:10.1007/978-981-15-4405-7_5,doi:10.1007/978-981-15-4405-7_6,doi:10.1007/978-981-15-4405-7_7,doi:10.1007/978-981-15-4405-7_8,doi:10.1007/978-981-15-4405-7_9,doi:10.1007/978-981-33-4642-0_11,doi:10.1007/springerreference_26145,doi:10.1049/ic:19960223,doi:10.1101/2025.09.04.674131,doi:10.1109/aqtr.2010.5520832,doi:10.1109/aspdac.1997.600112,doi:10.1109/dac.1998.724533,doi:10.1109/dac.2001.935475,doi:10.1109/dcis.2018.8681487,doi:10.1109/ddecs.2009.5012107,doi:10.1109/fmcad.2014.6987585,doi:10.1109/icccsp52374.2021.9465504,doi:10.1109/icvd.1998.646641,doi:10.1109/isocc53507.2021.9614027,doi:10.1109/isqed48828.2020.9137024,doi:10.1109/isqed60706.2024.10528767,doi:10.1109/memcod.2005.1487923,doi:10.1109/seed51797.2021.00023,doi:10.1109/vlsi.design.2010.54,doi:10.1109/vts65138.2025.11022839,doi:10.1145/3245334,doi:10.1145/3508352.3549391,doi:10.1145/3566097.3567921,doi:10.1145/3620666.3651346,doi:10.12792/iciae2024.009,doi:10.12792/iciae2026.017,doi:10.14210/cotb.v17.p716-718,doi:10.20944/preprints202503.0278.v1,doi:10.21203/rs.3.rs-8489997/v1,doi:10.25148/etd.fi13042902,doi:10.36227/techrxiv.177155627.77438450/v1,doi:10.4236/jcc.2025.134013,doi:10.70675/f84b3bcdzf391z4853zbe20zc055a6176e09	Coverage 1900–2026-08-10; relevance-ranked export capped at 100; staged results deduplicated before dual screening.; decided keys are deduplicated campaign records attributable to this result set.
2026-08-10	search	cr2	Crossref REST API	symbolic execution Verilog SystemC	query	117607	100	doi:10.1007/978-3-658-12680-3,doi:10.1109/aspdac.2016.7428006,doi:10.1109/ddecs63720.2025.11006790,doi:10.1109/dtis.2015.7127376,doi:10.1109/glsv.1995.516029,doi:10.1109/iccad.2013.6691189,doi:10.1109/mtv.2007.13,doi:10.1109/tcad.2025.3641038,doi:10.1145/2966986.2967016,doi:10.1145/3489517.3530604	doi:10.1007/0-306-47652-5_2,doi:10.1007/0-306-47658-4_19,doi:10.1007/0-387-30864-4_3,doi:10.1007/1-4020-0613-6_18741,doi:10.1007/1-4020-8088-3_3,doi:10.1007/978-1-4020-9714-0_12,doi:10.1007/978-3-030-54828-5_4,doi:10.1007/978-3-031-02551-8_2,doi:10.1007/978-3-319-01147-9,doi:10.1007/978-3-319-01147-9_1,doi:10.1007/978-3-319-01147-9_10,doi:10.1007/978-3-319-01147-9_12,doi:10.1007/978-3-319-01147-9_13,doi:10.1007/978-3-319-01147-9_14,doi:10.1007/978-3-319-01147-9_15,doi:10.1007/978-3-319-01147-9_16,doi:10.1007/978-3-319-01147-9_17,doi:10.1007/978-3-319-01147-9_2,doi:10.1007/978-3-319-01147-9_3,doi:10.1007/978-3-319-01147-9_4,doi:10.1007/978-3-319-01147-9_5,doi:10.1007/978-3-319-01147-9_6,doi:10.1007/978-3-319-01147-9_7,doi:10.1007/978-3-319-01147-9_8,doi:10.1007/978-3-319-01147-9_9,doi:10.1007/978-3-658-12680-3_1,doi:10.1007/978-3-658-12680-3_2,doi:10.1007/978-3-658-12680-3_3,doi:10.1007/978-3-658-12680-3_4,doi:10.1007/978-3-658-12680-3_5,doi:10.1007/978-3-658-12680-3_6,doi:10.1007/978-3-658-12680-3_7,doi:10.1007/bf01806061,doi:10.1007/s10009-018-0490-9,doi:10.1007/s10990-011-9072-1,doi:10.1007/springerreference_26145,doi:10.1016/j.jsc.2016.07.012,doi:10.1016/j.jsc.2016.07.023,doi:10.1016/j.vlsi.2017.09.007,doi:10.1088/1757-899x/768/7/072001,doi:10.1109/apsec.2014.49,doi:10.1109/bmas.2006.283486,doi:10.1109/fdl.2008.4641412,doi:10.1109/fdl.2018.8524061,doi:10.1109/fmcad.2014.6987585,doi:10.1109/icste.2010.5608866,doi:10.1109/issre.2018.00019,doi:10.1109/ivmem53963.2021.00014,doi:10.1109/iwast.2012.6228982,doi:10.1109/meco.2014.6862662,doi:10.1109/synasc.2005.26,doi:10.1109/synasc.2010.78,doi:10.1109/synasc49474.2019.00009,doi:10.1109/wcre.2013.6671323,doi:10.1145/1858996.1859035,doi:10.1145/2001420.2001425,doi:10.1145/2228360.2228421,doi:10.1145/2463209.2488877,doi:10.1145/2744769.2744927,doi:10.1145/3158128,doi:10.1145/3264317,doi:10.1145/3546000.3546019,doi:10.1145/3798042,doi:10.1145/3808306,doi:10.1145/zenodo.3895271,doi:10.14232/phd.4138,doi:10.14257/ijca.2014.7.2.21,doi:10.14711/thesis-b1450539,doi:10.14711/thesis-b1477728,doi:10.14722/ndss.2019.23530,doi:10.15368/theses.2012.212,doi:10.17918/00001738,doi:10.18122/td/1597/boisestate,doi:10.21203/rs.3.rs-9969464/v1,doi:10.21236/ada187494,doi:10.21236/ada187882,doi:10.21236/ada196451,doi:10.21236/ada224284,doi:10.21236/ada538843,doi:10.2172/2430751,doi:10.26226/morressier.604907f41a80aac83ca25d1b,doi:10.31274/td-20251215-13,doi:10.31274/td-20260804-208,doi:10.3724/sp.j.1016.2010.00589,doi:10.5220/0001992701440150,doi:10.5220/0012061000003538,doi:10.5220/0012586200003687,doi:10.5373/jardcs/v12sp3/20201233,doi:10.56831/psen-05-168,doi:10.70675/f84b3bcdzf391z4853zbe20zc055a6176e09	Coverage 1900–2026-08-10; relevance-ranked export capped at 100; staged results deduplicated before dual screening.; decided keys are deduplicated campaign records attributable to this result set.
2026-08-10	search	cr3	Crossref REST API	concolic hardware RTL processor	query	113058	100	doi:10.1109/host64725.2025.11050040,doi:10.1109/iccd.2017.36,doi:10.1109/iccd63220.2024.00064,doi:10.1109/icess.2019.8782476,doi:10.1109/tc.2020.2997644,doi:10.1109/tcad.2021.3066560,doi:10.1109/test.2017.8242038,doi:10.23919/date.2018.8342260,doi:10.23919/date.2019.8714989,doi:10.23919/date48585.2020.9116384	doi:10.1002/0471786411,doi:10.1002/0471786411.ch1,doi:10.1002/0471786411.ch10,doi:10.1002/0471786411.ch11,doi:10.1002/0471786411.ch12,doi:10.1002/0471786411.ch13,doi:10.1002/0471786411.ch14,doi:10.1002/0471786411.ch15,doi:10.1002/0471786411.ch16,doi:10.1002/0471786411.ch2,doi:10.1002/0471786411.ch3,doi:10.1002/0471786411.ch4,doi:10.1002/0471786411.ch5,doi:10.1002/0471786411.ch6,doi:10.1002/0471786411.ch7,doi:10.1002/0471786411.ch8,doi:10.1002/0471786411.ch9,doi:10.1002/0471786411.fmatter,doi:10.1002/0471786411.index,doi:10.1002/0471786411.refs,doi:10.1002/9781394438532.ch11,doi:10.1002/9781394438532.ch4,doi:10.1007/0-387-28965-8_17,doi:10.1007/978-3-030-78841-4_12,doi:10.1007/978-3-030-78841-4_2,doi:10.1007/978-981-10-8776-9_5,doi:10.1007/978-981-15-4405-7,doi:10.1007/978-981-15-4405-7_1,doi:10.1007/978-981-15-4405-7_10,doi:10.1007/978-981-15-4405-7_11,doi:10.1007/978-981-15-4405-7_12,doi:10.1007/978-981-15-4405-7_13,doi:10.1007/978-981-15-4405-7_14,doi:10.1007/978-981-15-4405-7_15,doi:10.1007/978-981-15-4405-7_2,doi:10.1007/978-981-15-4405-7_3,doi:10.1007/978-981-15-4405-7_4,doi:10.1007/978-981-15-4405-7_5,doi:10.1007/978-981-15-4405-7_6,doi:10.1007/978-981-15-4405-7_7,doi:10.1007/978-981-15-4405-7_8,doi:10.1007/978-981-15-4405-7_9,doi:10.1007/978-981-33-4642-0_17,doi:10.1016/0141-9382(79)90038-6,doi:10.1016/b978-0-12-823488-4.00003-5,doi:10.1016/b978-012374123-3.50015-4,doi:10.1049/ic:19960223,doi:10.1049/pbpc022e_ch17,doi:10.1109/ahs.2008.54,doi:10.1109/asianhost.2018.8607172,doi:10.1109/asianhost53231.2021.9699658,doi:10.1109/asianhost68425.2025.11370376,doi:10.1109/eitc.2005.1544353,doi:10.1109/et66806.2025.11204144,doi:10.1109/fpl.2007.4380722,doi:10.1109/host55342.2024.10545408,doi:10.1109/icm.2003.238298,doi:10.1109/infoteh.2019.8717753,doi:10.1109/isocc53507.2021.9614027,doi:10.1109/isqed60706.2024.10528767,doi:10.1109/isvlsi65124.2025.11130230,doi:10.1109/milcom.1991.258443,doi:10.1109/tns.2006.876508,doi:10.1109/vlsi.design.2010.54,doi:10.1109/wsc.2018.8632395,doi:10.1145/3676536.3676759,doi:10.1201/9781315367217-3,doi:10.1201/9781420041101-8,doi:10.1201/9781420041101-9,doi:10.12792/iciae2024.009,doi:10.12792/iciae2026.017,doi:10.14264/uql.2019.51,doi:10.15368/theses.2019.32,doi:10.20944/preprints202503.0278.v1,doi:10.21203/rs.3.rs-8489997/v1,doi:10.21203/rs.3.rs-9457464/v1,doi:10.21236/ada007062,doi:10.21236/ada394790,doi:10.21236/ada394889,doi:10.2139/ssrn.6985314,doi:10.23919/date51398.2021.9473942,doi:10.25148/etd.fi13042902,doi:10.31274/etd-180810-2363,doi:10.36227/techrxiv.177155627.77438450/v1,doi:10.46569/20.500.12680/t435gk58f,doi:10.5220/0013921700004919,doi:10.56726/irjmets87301,doi:10.59732/dae.1838786,doi:10.7551/mitpress/4468.003.0012,doi:10.7717/peerjcs.1300/table-3	Coverage 1900–2026-08-10; relevance-ranked export capped at 100; staged results deduplicated before dual screening.; decided keys are deduplicated campaign records attributable to this result set.
2026-08-10	search	cr4	Crossref REST API	symbolic simulation RTL hardware	query	1116189	100	doi:10.1109/host64725.2025.11050040,doi:10.1109/iscas51556.2021.9401267,doi:10.1109/mtv.2007.13,doi:10.1109/test.2018.8624854,doi:10.1145/378239.378278	doi:10.1002/0471786411,doi:10.1002/0471786411.ch1,doi:10.1002/0471786411.ch10,doi:10.1002/0471786411.ch11,doi:10.1002/0471786411.ch12,doi:10.1002/0471786411.ch13,doi:10.1002/0471786411.ch14,doi:10.1002/0471786411.ch15,doi:10.1002/0471786411.ch16,doi:10.1002/0471786411.ch2,doi:10.1002/0471786411.ch3,doi:10.1002/0471786411.ch4,doi:10.1002/0471786411.ch5,doi:10.1002/0471786411.ch6,doi:10.1002/0471786411.ch7,doi:10.1002/0471786411.ch8,doi:10.1002/0471786411.ch9,doi:10.1002/0471786411.fmatter,doi:10.1002/0471786411.index,doi:10.1002/0471786411.refs,doi:10.1007/0-306-47016-0_4,doi:10.1007/0-306-47631-2_5,doi:10.1007/0-387-29906-8,doi:10.1007/0-387-29906-8_1,doi:10.1007/0-387-29906-8_2,doi:10.1007/0-387-29906-8_3,doi:10.1007/0-387-29906-8_4,doi:10.1007/0-387-29906-8_5,doi:10.1007/0-387-29906-8_6,doi:10.1007/0-387-29906-8_7,doi:10.1007/0-387-97226-9_21,doi:10.1007/3-540-48153-2_18,doi:10.1007/978-3-030-78841-4_12,doi:10.1007/978-3-030-78841-4_2,doi:10.1007/978-981-15-4405-7,doi:10.1007/978-981-15-4405-7_1,doi:10.1007/978-981-15-4405-7_10,doi:10.1007/978-981-15-4405-7_11,doi:10.1007/978-981-15-4405-7_12,doi:10.1007/978-981-15-4405-7_13,doi:10.1007/978-981-15-4405-7_14,doi:10.1007/978-981-15-4405-7_15,doi:10.1007/978-981-15-4405-7_2,doi:10.1007/978-981-15-4405-7_3,doi:10.1007/978-981-15-4405-7_4,doi:10.1007/978-981-15-4405-7_5,doi:10.1007/978-981-15-4405-7_6,doi:10.1007/978-981-15-4405-7_7,doi:10.1007/978-981-15-4405-7_8,doi:10.1007/978-981-15-4405-7_9,doi:10.1007/s10836-012-5318-z,doi:10.1007/s41635-020-00100-2,doi:10.1016/s0167-9260(97)00023-0,doi:10.1049/ic:19960223,doi:10.1109/asianhost.2018.8607172,doi:10.1109/asianhost53231.2021.9699658,doi:10.1109/asianhost68425.2025.11370376,doi:10.1109/dac.2001.935475,doi:10.1109/ddecs.2009.5012107,doi:10.1109/eh.2005.10,doi:10.1109/ets.2011.58,doi:10.1109/fpl.2007.4380722,doi:10.1109/host55342.2024.10545408,doi:10.1109/hst.2010.5513114,doi:10.1109/icccsp52374.2021.9465504,doi:10.1109/iccd.1989.63359,doi:10.1109/icctpea.2014.6893337,doi:10.1109/icei65890.2026.11447869,doi:10.1109/icvd.1993.669702,doi:10.1109/infoteh.2019.8717753,doi:10.1109/isocc53507.2021.9614027,doi:10.1109/isqed60706.2024.10528767,doi:10.1109/isvlsi65124.2025.11130230,doi:10.1109/latw.2013.6562666,doi:10.1109/mwscas.2005.1594049,doi:10.1109/test.2015.7342387,doi:10.1109/vlsi.design.2010.54,doi:10.1109/wsc.2018.8632395,doi:10.1145/3508352.3549391,doi:10.1145/3613424.3614257,doi:10.1145/3613424.3614301,doi:10.1145/3620666.3651346,doi:10.1145/3623278.3624750,doi:10.12792/iciae2024.009,doi:10.12792/iciae2026.017,doi:10.1587/transinf.2017rcp0012,doi:10.20944/preprints202503.0278.v1,doi:10.21203/rs.3.rs-8489997/v1,doi:10.21203/rs.3.rs-9457464/v1,doi:10.21236/ada205630,doi:10.2139/ssrn.6985314,doi:10.22360/summersim.2016.scsc.019,doi:10.25148/etd.fi13042902,doi:10.36227/techrxiv.177155627.77438450/v1	Coverage 1900–2026-08-10; relevance-ranked export capped at 100; staged results deduplicated before dual screening.; parked-keys:doi:10.1145/1016568.1016591; decided keys are deduplicated campaign records attributable to this result set.
2026-08-10	search	ax1	arXiv API	"all:""symbolic execution"" AND (all:hardware OR all:RTL OR all:Verilog)"	query	34	34	arxiv:2001.01324,arxiv:2606.17128	arxiv:1602.06038,arxiv:1803.00403,arxiv:1912.12363,arxiv:2005.05254,arxiv:2105.05962,arxiv:2107.07759,arxiv:2201.11433,arxiv:2204.07167,arxiv:2210.01075,arxiv:2211.13526,arxiv:2304.05445,arxiv:2305.17869,arxiv:2307.11884,arxiv:2312.01195,arxiv:2402.00684,arxiv:2403.07821,arxiv:2407.07166,arxiv:2412.20992,arxiv:2503.14135,arxiv:2503.15825,arxiv:2505.13452,arxiv:2507.09539,arxiv:2509.05504,arxiv:2510.11045,arxiv:2602.02243,arxiv:2603.10608,arxiv:2603.24595,arxiv:2605.22058,arxiv:2607.07926,arxiv:2607.08548,arxiv:2607.09059,arxiv:2608.04036	Coverage 1900–2026-08-10; complete result export; staged results deduplicated before dual screening.; decided keys are deduplicated campaign records attributable to this result set.
2026-08-10	search	ax2	arXiv API	"all:""symbolic execution"" AND (all:SystemC OR all:processor OR all:HLS)"	query	10	10	arxiv:2606.17128	arxiv:1804.01468,arxiv:1911.00507,arxiv:2005.05254,arxiv:2007.07586,arxiv:2105.05962,arxiv:2211.13526,arxiv:2304.08848,arxiv:2509.05504,arxiv:2605.28439	Coverage 1900–2026-08-10; complete result export; staged results deduplicated before dual screening.; decided keys are deduplicated campaign records attributable to this result set.
2026-08-10	search	ax3	arXiv API	"all:""symbolic execution"" AND all:""hardware security"""	query	1	1	-	arxiv:2402.00684	Coverage 1900–2026-08-10; complete result export; staged results deduplicated before dual screening.; decided keys are deduplicated campaign records attributable to this result set.
2026-08-10	search	ax4	arXiv API	"all:""symbolic simulation"" AND (all:RTL OR all:hardware)"	query	5	5	arxiv:2001.01324,arxiv:2608.01045	arxiv:1304.7858,arxiv:1909.09861,arxiv:2504.00263	Coverage 1900–2026-08-10; complete result export; staged results deduplicated before dual screening.; decided keys are deduplicated campaign records attributable to this result set.
2026-08-10	search	s21	Semantic Scholar Graph API	symbolic execution hardware RTL Verilog	query	99	99	arxiv:2205.04047,arxiv:2603.11489,doi:10.1016/j.cose.2018.07.006,doi:10.1109/cscwd68734.2026.11582111,doi:10.1109/ddecs63720.2025.11006790,doi:10.1109/host64725.2025.11050040,doi:10.1109/iccd.2017.36,doi:10.1109/iciea.2016.7603701,doi:10.1109/idt.2015.7396755,doi:10.1109/isvlsi.2015.107,doi:10.1109/itc50571.2021.00031,doi:10.1109/micro61859.2024.00045,doi:10.1109/mlcad65511.2025.11189172,doi:10.1109/sp54263.2024.00180,doi:10.1109/test.2018.8624854,doi:10.1145/3441297,doi:10.1145/3725843.3756131,doi:10.14236/ewic/vecos2011.11,doi:10.34727/2023/isbn.978-3-85448-060-0_19	arxiv:2511.06067,arxiv:2601.13864,arxiv:2603.17613,arxiv:2605.21810,doi:10.1007/3-540-40922-x_27,doi:10.1007/978-1-4614-0715-7_7,doi:10.1007/978-3-319-49025-0_13,doi:10.1007/978-3-540-71209-1,doi:10.1007/978-3-642-39611-3_24,doi:10.1007/s10617-008-9033-z,doi:10.1016/j.sysarc.2008.04.010,doi:10.1023/a:1022977607142,doi:10.1088/1742-6596/1979/1/012066,doi:10.1109/apccas67402.2025.11377382,doi:10.1109/asp-dac66049.2026.11420790,doi:10.1109/candar.2015.93,doi:10.1109/cipher70417.2026.11523771,doi:10.1109/dsn48063.2020.00046,doi:10.1109/ests.2019.8847870,doi:10.1109/fccm.2004.44,doi:10.1109/fmcad.2009.5351133,doi:10.1109/hldvt.2016.7748254,doi:10.1109/iccad51958.2021.9643449,doi:10.1109/icccnt61001.2024.10726236,doi:10.1109/iccd.2012.6378669,doi:10.1109/iccsit.2010.5564694,doi:10.1109/icctwc68241.2026.11583119,doi:10.1109/icrc53822.2021.00029,doi:10.1109/icsamos.2007.4285745,doi:10.1109/isca52012.2021.00066,doi:10.1109/ivc.1998.660676,doi:10.1109/memcod.2006.1695903,doi:10.1109/naecon58068.2023.10365821,doi:10.1109/tcad.2006.881333,doi:10.1109/vdat53777.2021.9601109,doi:10.1109/vlsisata69163.2026.11610302,doi:10.1145/1146909.1147178,doi:10.1145/1275521.1275529,doi:10.1145/2685342.2685351,doi:10.1145/3613424.3614257,doi:10.1145/3656420,doi:10.1145/3703595.3705880,doi:10.1145/996566.996678,doi:10.15623/ijret.2016.0511030,doi:10.17638/03073694,doi:10.18653/v1/2026.eacl-industry.66,doi:10.22323/1.299.0079,doi:10.31436/iiumej.v25i1.2914,doi:10.4018/978-1-60960-086-0.ch008,doi:10.55041/isjem.acme121,t:a31aludesigntocollapseinterlocksinparallelprocessingforhighperformance,t:acceleratedsocverificationusinguvmmethodologyforamixedsignallowpowerdesign,t:anumericalenginefordistributedsparsematrices,t:applicationsofformalandsemiformalverificationonsoftwaretestinghighlevelsynthesisandenergyinternet,t:computeraidedverification2ndinternationalconferencecav90newbrunswicknjusajune18211990proceedings,t:computeraidedverification90proceedingsofadimacsworkshopjune18211990,t:correcthardwaredesignandverificationmethods11thifipwg105advancedresearchworkingconferencecharme2001livingstonscotlandukseptember472001proceedings,t:designtechnologydevelopmenttowardsmissionleveldesign,t:fieldprogrammablelogicandapplications5thinternationalworkshopfpl95oxfordunitedkingdomaugust29september11995proceedings,t:formalengineeringresearchusingmethodsabstractionsandtransformations,t:formalmethodsincomputeraideddesignsecondinternationalconferencefmcad98paloaltocausanovember461998proceedings,t:formalmethodsincomputeraideddesignthirdinternationalconferencefmcad2000austintxusanovember132000proceedings,t:formalvericationoftheislandtunnelcontrollerusingmultiwaydecision,t:highlevelstaticanalysisofsystemdescriptionsfortamingverificationcomplexity,t:integratingmdgvariableorderinginavhdlmdgdesignverificationsystem,t:macrobasedcompilerforapartiallyreconfigurablecomputer,t:modelcheckingbasedverificationforhardwaredesignsspecifiedusingbluespecsystem,t:opensocfabriconchipnetworkgeneratorusingchiseltogenerateaparameterizableonchipinterconnectfabric,t:opensparcanopenplatformforhardwarereliabilityexperimentation,t:p2vsimasimulationandvisualizationtoolforthep2vcompiler,t:preciseabstractinterpretationofhardwaredesigns,t:proficientfpgaexecutionofsecuredandapparentelectronicvotingmachineusingveriloghdl,t:rtl2mmupathmultimupathsynthesiswithapplicationstohardwaresecurityverification,t:scalingprobabilistictimingverificationofhardwareusingabstractionsindesignsourcecode,t:studyonfpgabasediirfilterusingquantitativeapproach,t:umlbaseddesignspaceexplorationfastsimulationandstaticanalysis,t:understandingdesignspaceexplorationoffpgasforefficientacceleratedcoreprocessingby,t:wordlevelformalverificationusingabstractsatisfaction	Coverage 1900–2026-08-10; complete result export; staged results deduplicated before dual screening.; parked-keys:doi:10.1109/date.2011.5763253,t:towardscomprehensiveverificationofhardwareandsoftwareforriscvbasedembeddedsystems; decided keys are deduplicated campaign records attributable to this result set.
2026-08-10	search	s22	Semantic Scholar Graph API	symbolic execution SystemC processor hardware verification	query	2906	100	doi:10.1109/dac63849.2025.11133216,doi:10.1109/isqed57927.2023.10129397,doi:10.1109/wetice49692.2020.00051,t:verificationofhardwaredesigncorrectnesssymbolicexecutiontechniquesandcriteriaforconsistency	doi:10.1007/978-3-030-16458-4_27,doi:10.1007/978-3-319-53934-8_18,doi:10.1007/978-3-319-60170-0_7,doi:10.1007/978-3-319-90023-0_5,doi:10.1007/978-3-319-95582-7_28,doi:10.1007/s10710-024-09491-5,doi:10.1007/s11390-023-3285-8,doi:10.1007/s11416-021-00391-1,doi:10.1016/bs.adcom.2017.09.003,doi:10.1016/j.micpro.2024.105132,doi:10.1088/1757-899x/768/7/072029,doi:10.1109/access.2020.3030798,doi:10.1109/acsd.2019.00007,doi:10.1109/asicon66040.2025.11326264,doi:10.1109/dsd.2019.00081,doi:10.1109/eurospw67616.2025.00057,doi:10.1109/gcce.2016.7800423,doi:10.1109/icnisc57059.2022.00048,doi:10.1109/icoa.2019.8727670,doi:10.1109/icse.2013.6606568,doi:10.1109/isola.2006.60,doi:10.1109/memcod.2003.1210090,doi:10.1109/nics54270.2021.9701542,doi:10.1109/sbcci.2018.8533229,doi:10.1109/sbcci66862.2025.11218681,doi:10.1109/tc.2025.3540647,doi:10.1109/tdsc.2024.3484015,doi:10.1109/tifs.2025.3583244,doi:10.1109/vlsi-soc62099.2024.10767804,doi:10.1145/1391469.1391708,doi:10.1145/2380445.2380524,doi:10.1145/3151137.3151141,doi:10.1145/3386263.3406899,doi:10.1145/3426182.3426187,doi:10.1145/3543622.3573187,doi:10.1145/3691620.3695543,doi:10.1145/3713081.3731720,doi:10.1145/3742873.3758335,doi:10.14722/bar.2023.23002,doi:10.17586/2226-1494-2020-20-1-101-109,doi:10.23919/date.2018.8341979,doi:10.23919/date64628.2025.10993257,doi:10.3390/app11178057,doi:10.46586/tches.v2025.i1.203-226,doi:10.48084/etasr.8417,doi:10.48550/arxiv.2205.04047,doi:10.48550/arxiv.2311.10483,doi:10.48550/arxiv.2601.04688,doi:10.51408/csit2025_44,t:abstractionandsymbolicexecutionofdeepneuralnetworkswithbayesianapproximationofhiddenfeatures,t:completesymbolicsimulationofsystemcmodelsefficientformalverificationoffinitenonterminatingprograms,t:effectivepresiliconverificationofprocessorcoresbybreakingtheboundsofsymbolicquickerrordetection,t:integratingsymbolicexecutiondebuggingandverification,t:integratingsymbolicexecutionwithllmsforautomatedgenerationofprogramspecifications,t:simulationbasedverificationofsystemcbasedvpsattheesl,t:softwarehardwarecoverificationbasedonsystemcandverilog,t:symbolicexecutionforverification,t:uvmbasedhardwaresoftwarecoverificationofahwcoprocessorusinghostexecutiontechniques	Coverage 1900–2026-08-10; relevance-ranked export capped at 100; staged results deduplicated before dual screening.; parked-keys:t:rtlvpushbuttonverificationofsoftwareonhardware; decided keys are deduplicated campaign records attributable to this result set.
2026-08-10	search	s23	Semantic Scholar Graph API	concolic symbolic execution hardware security	query	153	100	doi:10.1109/asianhost.2017.8353999,doi:10.1109/iccad66269.2025.11240634,doi:10.1145/3711923,doi:10.1145/3760529,t:runtimesoctrustverificationusingintegratedsymbolicexecutionandsolver	doi:10.1007/978-3-032-22749-2_3,doi:10.1016/j.cose.2019.05.018,doi:10.1016/j.cose.2021.102368,doi:10.1109/ccnc65079.2026.11366287,doi:10.1109/csee64583.2025.00018,doi:10.1109/csf.2012.24,doi:10.1109/csp51677.2021.9357495,doi:10.1109/dsc65356.2025.11260865,doi:10.1109/eurosp57164.2023.00035,doi:10.1109/iccd65941.2025.00057,doi:10.1109/isct66099.2025.11297345,doi:10.1109/mobilesoft.2017.35,doi:10.1109/sera65747.2025.11449147,doi:10.1109/sere.2012.20,doi:10.1109/sp.2012.31,doi:10.1109/sp46215.2023.10179293,doi:10.1109/tdsc.2022.3160346,doi:10.1109/tencon.2017.8227972,doi:10.1109/tr.2014.2363153,doi:10.1145/2145816.2145844,doi:10.1145/2554850.2554875,doi:10.1145/2723742.2723768,doi:10.1145/2810103.2813663,doi:10.1145/3319535.3354249,doi:10.1145/3377644.3377654,doi:10.1145/3407023.3407065,doi:10.1145/3427228.3427280,doi:10.1145/3453483.3454101,doi:10.1145/3663529.3663812,doi:10.1145/3672608.3707995,doi:10.1145/3719027.3765212,doi:10.1145/3731569.3764826,doi:10.1145/3757914,doi:10.1145/3798233,doi:10.14257/ijhit.2017.10.7.01,doi:10.14569/ijacsa.2025.0160942,doi:10.14722/bar.2020.23014,doi:10.14722/bar.2026.23046,doi:10.14722/ndss.2015.23294,doi:10.14722/ndss.2021.24078,doi:10.15760/etd.6994,doi:10.2352/ei.2024.36.8.image-243,doi:10.3233/978-1-61499-207-3-313,doi:10.32604/cmc.2025.065672,doi:10.3390/app15179691,doi:10.3390/electronics15050918,doi:10.3390/s23239407,doi:10.3390/s25092683,doi:10.4018/978-1-4666-2536-5.ch011,doi:10.4230/lipics.ecoop.2022.11,doi:10.48550/arxiv.2505.21130,doi:10.48550/arxiv.2605.08996,doi:10.5220/0010557502470258,doi:10.55041/isjem07092,t:asurveyofsymbolicexecutiontools,t:cabfuzzpracticalconcolictestingtechniquesforcotsoperatingsystems,t:concolictestingofmultithreadedprogramsanditsapplicationtotestingsecurityprotocols,t:drifuzzharvestingbugsindevicedriversfromgoldenseeds,t:jetsettargetedfirmwarerehostingforembeddedsystems,t:macemodelinferenceassistedconcolicexplorationforprotocolandvulnerabilitydiscovery,t:qsymapracticalconcolicexecutionenginetailoredforhybridfuzzing,t:scalingconcolicexecutionofbinaryprogramsforsecurityapplications,t:symbolicexecutionalgorithmsfortestgeneration	Coverage 1900–2026-08-10; relevance-ranked export capped at 100; staged results deduplicated before dual screening.; parked-keys:doi:10.1109/hpca57654.2024.00038; decided keys are deduplicated campaign records attributable to this result set.
2026-08-10	search	s24	Semantic Scholar Graph API	symbolic simulation RTL hardware	query	FAILED HTTP 429	-	-	-	Four rate-limited attempts produced no result set; query deactivated, with the topic also targeted by oa9, oa10, cr4, ax4, and citation chasing.
2026-08-10	snowball	kolbl-back	OpenAlex plus primary paper	Kölbl et al. 2001	backward	10	10	-	doi:10.1007/978-1-4757-3281-8_6,doi:10.1007/978-1-4757-3326-6_23,doi:10.1007/bf01383966,doi:10.1109/tc.1986.1676819,doi:10.1145/196244.196575,doi:10.1145/337292.337411,doi:10.5555/198174.198332,doi:10.5555/244522.244947	Backward references screened; primary-complete against the printed bibliography; seed-key:doi:10.1145/378239.378278; decided keys list chase-only records; previously cataloged overlaps are not repeated.
2026-08-10	snowball	kolbl-forward	OpenAlex	Kölbl et al. 2001	forward	52	52	-	doi:10.1007/978-3-540-30579-8_22,doi:10.1007/b105236,doi:10.1007/s10766-005-8910-3,doi:10.1016/j.csi.2004.09.004,doi:10.1016/j.sysarc.2004.10.006,doi:10.1049/ip-cdt:20045073,doi:10.1109/aspdac.2010.5419784,doi:10.1109/aspdac.2011.5722238,doi:10.1109/dac.2002.1012603,doi:10.1109/dac.2003.1219040,doi:10.1109/date.2006.244010,doi:10.1109/ddecs.2008.4538785,doi:10.1109/hldvt.2001.972803,doi:10.1109/hldvt.2001.972806,doi:10.1109/hldvt.2007.4392789,doi:10.1109/hldvt.2007.4392797,doi:10.1109/hldvt.2009.5340163,doi:10.1109/icasic.2001.982489,doi:10.1109/iccad.2005.1560201,doi:10.1109/iccd.2011.6081380,doi:10.1109/iwrsp.2004.1311087,doi:10.1109/memcod.2012.6292297,doi:10.1109/rsp.2004.43,doi:10.1109/tcad.2006.882511,doi:10.1145/1269843.1269854,doi:10.1145/1391469.1391475,doi:10.1145/1531542.1531637,doi:10.1145/3037697.3037711,doi:10.1145/3079856.3080247,doi:10.1145/3093315.3037711,doi:10.1145/3140659.3080247,doi:10.1145/3148052,doi:10.1145/513918.513947,doi:10.1145/775832.775946,doi:10.5555/1129601.1129748,doi:10.5555/1899721.1899902,doi:10.5555/1950815.1950915,t:embeddedtutorialformalequivalencecheckingbetweensystemlevelmodelsandrtl,t:equivalencecheckingforhighlevelsynthesisflow,t:functionaldesignerrordiagnosiscorrectionandlayoutrepairofdigitalcircuits,t:usingsymbolicsimulationforboundedpropertychecking	Forward citations screened; seed-key:doi:10.1145/378239.378278; parked-keys:doi:10.1007/978-3-642-41947-8_31,doi:10.1007/s10703-011-0116-2; decided keys list chase-only records; previously cataloged overlaps are not repeated.
2026-08-10	snowball	zhang-back	OpenAlex plus primary paper	Zhang et al. 2016	backward	34	34	doi:10.1109/hldvt.2009.5340179,doi:10.1109/vlsid.2014.25	doi:10.1007/11817963_38,doi:10.1007/978-3-540-79124-9_10,doi:10.1007/978-3-540-89862-7_1,doi:10.1109/esem.2011.20,doi:10.1109/iccad.2013.6691136,doi:10.1109/iccad.2014.7001323,doi:10.1109/iccd.2013.6657092,doi:10.1109/ieeestd.2008.4610935,doi:10.1109/naecon.2015.7443099,doi:10.1109/qsic.2013.44,doi:10.1109/sc.2014.20,doi:10.1145/1321631.1321746,doi:10.1145/1866307.1866373,doi:10.1145/1985793.1985995,doi:10.1145/2093548.2093564,doi:10.1145/2408776.2408795,doi:10.1145/2591062.2594450,doi:10.1145/360248.360252,doi:10.5555/1855741.1855756,doi:10.5555/2561828.2561891,doi:10.5555/2616606.2617063,doi:10.7873/date2014.331,t:automatedwhiteboxfuzztesting,t:validatingdirectmemoryaccessinterfaceswithconformancechecking	OpenAlex left 5 references unresolved; primary-complete against the printed bibliography; seed-key:doi:10.1109/iciea.2016.7603701; parked-keys:doi:10.1145/2463209.2488770; decided keys list chase-only records; previously cataloged overlaps are not repeated.
2026-08-10	snowball	zhang-forward	OpenAlex	Zhang et al. 2016	forward	8	8	-	-	Forward citations screened; no-chase-only because all 8 were previously cataloged overlaps; seed-key:doi:10.1109/iciea.2016.7603701
2026-08-10	snowball	ahmed-back	OpenAlex plus primary paper	Ahmed et al. 2018	backward	18	18	doi:10.1109/hldvt.2009.5340179,doi:10.1109/vlsid.2014.25	doi:10.1007/3-540-45657-0_29,doi:10.1007/978-1-4614-1359-2,doi:10.1109/54.867894,doi:10.1109/ase.2008.69,doi:10.1109/iccd.2013.6657085,doi:10.1109/issre.2010.26,doi:10.1145/1064978.1065036,doi:10.1145/1081706.1081750,doi:10.1145/1542476.1542517,doi:10.1145/2642937.2642951,t:theyicessmtsolver	OpenAlex left 1 reference unresolved; primary-complete against the printed bibliography; seed-key:doi:10.23919/date.2018.8342260; decided keys list chase-only records; previously cataloged overlaps are not repeated.
2026-08-10	snowball	ahmed-forward	OpenAlex	Ahmed et al. 2018	forward	52	52	doi:10.1109/dac18074.2021.9586291	doi:10.1007/978-3-030-02807-7_1,doi:10.1007/978-3-030-30596-3_12,doi:10.1007/978-3-030-30596-3_2,doi:10.1007/978-3-030-30596-3_4,doi:10.1007/978-3-030-69131-8_1,doi:10.1007/978-3-030-69131-8_10,doi:10.1007/978-3-030-69131-8_12,doi:10.1007/978-3-030-69131-8_18,doi:10.1007/978-3-030-69131-8_5,doi:10.1007/978-3-030-69131-8_6,doi:10.1007/978-3-030-69131-8_8,doi:10.1007/978-3-031-18174-0_6,doi:10.1007/978-3-031-58687-3_6,doi:10.1007/978-3-319-98116-1_7,doi:10.1109/access.2019.2892649,doi:10.1109/dac18074.2021.9586289,doi:10.1109/dsd67783.2025.00068,doi:10.1109/dsn48987.2021.00062,doi:10.1109/ewdts.2019.8884405,doi:10.1109/iccad57390.2023.10323819,doi:10.1109/iccad66269.2025.11240887,doi:10.1109/itc44170.2019.9000170,doi:10.1109/mdat.2025.3563410,doi:10.1109/norcas66540.2025.11231287,doi:10.1109/tc.2018.2868362,doi:10.1109/tcad.2022.3179307,doi:10.1109/tcad.2022.3209550,doi:10.1109/tcad.2024.3376596,doi:10.1109/vts60656.2024.10538813,doi:10.1145/3316781.3317807,doi:10.1145/3448614,doi:10.1145/3510578,doi:10.23919/date48585.2020.9116461,doi:10.23919/date51398.2021.9474149	Forward citations screened; seed-key:doi:10.23919/date.2018.8342260; parked-keys:doi:10.1007/978-3-030-30596-3_8; decided keys list chase-only records; previously cataloged overlaps are not repeated.
2026-08-10	snowball	coverif-back	OpenAlex plus primary paper	CoverIF	backward	18	18	doi:10.1145/2656075.2656080	doi:10.1007/11499107_5,doi:10.1007/978-3-319-03077-7_5,doi:10.1007/978-3-642-12029-9_18,doi:10.1007/978-3-662-49674-9_38,doi:10.1016/s0065-2458(03)58003-2,doi:10.1023/a:1020383505582,doi:10.1109/fmcad.2015.7542266,doi:10.1109/fpl.2014.6927500,doi:10.1109/memcod.2006.1695897,doi:10.1109/vlsid.2013.209,doi:10.1145/1289927.1289937,doi:10.1145/3061639.3062253,doi:10.3850/9783981537079_0274,doi:10.5555/2755753.2757062,doi:10.5555/2830840.2830862	OpenAlex left 1 reference unresolved; primary-complete against the printed bibliography; seed-key:arxiv:2001.01324; decided keys list chase-only records; previously cataloged overlaps are not repeated.
2026-08-10	snowball	coverif-forward	OpenAlex	CoverIF	forward	1	1	-	doi:10.1007/978-3-030-91625-1_11	Forward citations screened; seed-key:arxiv:2001.01324; decided keys list chase-only records; previously cataloged overlaps are not repeated.
2026-08-10	snowball	lyu-back	OpenAlex plus primary paper	Lyu et al. 2021	backward	41	41	doi:10.1109/hldvt.2009.5340179,doi:10.1109/isqed.2018.8357256	doi:10.1007/3-540-49059-0_14,doi:10.1007/978-1-4614-1359-2,doi:10.1007/978-3-319-08867-9_49,doi:10.1007/978-3-319-89363-1_16,doi:10.1016/0890-5401(92)90017-a,doi:10.1023/b:form.0000004785.67232.f8,doi:10.1109/54.867894,doi:10.1109/ase.2008.69,doi:10.1109/date.2010.5457156,doi:10.1109/iccad.2013.6691136,doi:10.1109/issre.2010.26,doi:10.1109/tc.2011.49,doi:10.1109/tc.2018.2868362,doi:10.1109/tcad.2010.2041846,doi:10.1109/tcad.2018.2801239,doi:10.1145/1064978.1065036,doi:10.1145/1081706.1081750,doi:10.1145/1095430.1081750,doi:10.1145/1542476.1542517,doi:10.1145/1543135.1542517,doi:10.1145/2209291.2209297,doi:10.1145/2220336.2220350,doi:10.1145/2642937.2642951,doi:10.1145/318774.318939,doi:10.1145/3316781.3317807,doi:10.1145/378239.379019,doi:10.23919/date.2019.8715179,doi:10.5555/1855741.1855756,doi:10.5555/1870926.1871043,doi:10.5555/2561828.2561891	OpenAlex left 3 references unresolved; primary-complete against the printed bibliography; seed-key:doi:10.1109/tc.2020.2997644; decided keys list chase-only records; previously cataloged overlaps are not repeated.
2026-08-10	snowball	lyu-forward	OpenAlex	Lyu et al. 2021	forward	45	45	doi:10.23919/date69613.2026.11539427	doi:10.1007/978-3-030-69131-8_1,doi:10.1007/978-3-030-69131-8_10,doi:10.1007/978-3-030-69131-8_11,doi:10.1007/978-3-030-69131-8_12,doi:10.1007/978-3-030-69131-8_18,doi:10.1007/978-3-030-69131-8_5,doi:10.1007/978-3-030-69131-8_6,doi:10.1007/978-3-030-69131-8_8,doi:10.1007/978-3-032-09303-5_1,doi:10.1007/978-3-032-09303-5_15,doi:10.1007/978-3-032-09303-5_9,doi:10.1007/978-981-97-5504-2_63,doi:10.1016/j.sysarc.2026.103761,doi:10.1109/access.2025.3555166,doi:10.1109/iccad57390.2023.10323819,doi:10.1109/iccad66269.2025.11240887,doi:10.1109/iccd65941.2025.00049,doi:10.1109/iseda62518.2024.10617584,doi:10.1109/kse56063.2022.9953626,doi:10.1109/rivf55975.2022.10013869,doi:10.1109/tcad.2020.3019984,doi:10.1109/tvlsi.2024.3510682,doi:10.1145/3436820,doi:10.1145/3510578,doi:10.2139/ssrn.5369273	Forward citations screened; seed-key:doi:10.1109/tc.2020.2997644; decided keys list chase-only records; previously cataloged overlaps are not repeated.
2026-08-10	snowball	greycone-back	OpenAlex plus primary paper	GreyConE	backward	11	11	doi:10.1109/isqed.2018.8357256	doi:10.1109/aspdac.2018.8297363,doi:10.1109/date.2006.244076,doi:10.1109/les.2014.2320556,doi:10.1145/1064978.1065036,doi:10.1145/2090147.2094081,doi:10.1145/2110356.2110358,doi:10.48550/arxiv.2102.02308	OpenAlex left 5 references unresolved; primary-complete against the printed bibliography; seed-key:arxiv:2205.04047; decided keys list chase-only records; previously cataloged overlaps are not repeated.
2026-08-10	snowball	greycone-forward	OpenAlex	GreyConE	forward	1	1	-	doi:10.1145/3732945.3732965	Forward citations screened; seed-key:arxiv:2205.04047; decided keys list chase-only records; previously cataloged overlaps are not repeated.
2026-08-10	snowball	sylvia-back-index	OpenAlex	Sylvia	backward	0	0	-	-	Index omits the bibliography; seed-key:doi:10.34727/2023/isbn.978-3-85448-060-0_19
2026-08-10	snowball	sylvia-back-primary	Primary paper plus prior survey transcript	Sylvia	backward	50	50	-	-	primary-complete; external-decision-home:surveys/dataflow-selection-enumeration/record/log.tsv; bibliography previously transcribed and screened there; seed-key:doi:10.34727/2023/isbn.978-3-85448-060-0_19
2026-08-10	snowball	sylvia-forward	OpenAlex	Sylvia	forward	10	10	doi:10.1109/fdl68117.2025.11165271,doi:10.23919/date69613.2026.11539427	doi:10.1007/978-3-032-32519-8_26,doi:10.1109/ast66626.2025.00011,doi:10.1109/dsd67783.2025.00068,doi:10.1109/dsn-s60304.2024.00014	Forward citations screened; seed-key:doi:10.34727/2023/isbn.978-3-85448-060-0_19; decided keys list chase-only records; previously cataloged overlaps are not repeated.
2026-08-10	snowball	seif-back	OpenAlex plus primary paper	SEIF	backward	38	38	-	doi:10.1109/csf.2019.00026,doi:10.1109/dac18072.2020.9218494,doi:10.1109/iccad.2017.8203772,doi:10.1109/iccad51958.2021.9643538,doi:10.1109/icse43902.2021.00078,doi:10.1109/iscas.2015.7168562,doi:10.1109/itc44170.2019.9000170,doi:10.1109/mc.2016.225,doi:10.1109/msec.2023.3251954,doi:10.1109/msp.2004.9,doi:10.1109/nocs.2018.8512166,doi:10.1109/sp40000.2020.00083,doi:10.1109/tc.2022.3152666,doi:10.1109/tc.2022.3209923,doi:10.1109/tcad.2018.2834421,doi:10.1109/vts.2012.6231062,doi:10.1145/1508244.1508258,doi:10.1145/1669112.1669174,doi:10.1145/1993498.1993512,doi:10.1145/2541940.2541947,doi:10.1145/2560217.2560219,doi:10.1145/2594291.2594340,doi:10.1145/2694344.2694366,doi:10.1145/2694344.2694372,doi:10.1145/3037697.3037739,doi:10.1145/3060403.3060456,doi:10.1145/3123939.3123955,doi:10.1145/3319535.3354246,doi:10.1561/3300000008,doi:10.23919/date.2017.7927266,doi:10.23919/date.2017.7927268,t:socsecuritypropertiesandrules	OpenAlex left 1 reference unresolved; primary-complete against the printed bibliography; seed-key:doi:10.1145/3623652.3623666; decided keys list chase-only records; previously cataloged overlaps are not repeated.
2026-08-10	snowball	seif-forward	OpenAlex	SEIF	forward	8	8	-	doi:10.1109/ainit65432.2025.11035233,doi:10.1109/dac63849.2025.11132905,doi:10.1145/3814943.3816168	Forward citations screened; seed-key:doi:10.1145/3623652.3623666; parked-keys:doi:10.1007/978-3-031-77382-2_7; decided keys list chase-only records; previously cataloged overlaps are not repeated.
2026-08-10	snowball	fuss-back	OpenAlex plus primary paper	FuSS	backward	39	39	-	doi:10.1007/s10664-022-10233-3,doi:10.1016/j.jnca.2024.103835,doi:10.1080/00029890.1971.11992788,doi:10.1080/15427951.2006.10129115,doi:10.1109/asp-dac58780.2024.10473911,doi:10.1109/host55118.2023.10133714,doi:10.1109/iccad57390.2023.10323726,doi:10.1109/iccad57390.2023.10323819,doi:10.1109/iccad57390.2023.10323913,doi:10.1109/icst46399.2020.00062,doi:10.1109/jiot.2022.3183952,doi:10.1109/msec.2024.3365070,doi:10.1109/saner53432.2022.00089,doi:10.1109/secdev.2017.14,doi:10.1109/sp.2019.00017,doi:10.1109/sp40001.2021.00103,doi:10.1109/sp40001.2021.00109,doi:10.1109/sp54263.2024.00011,doi:10.1109/tcad.2023.3290537,doi:10.1109/tifs.2025.3531239,doi:10.1145/3460120.3484787,doi:10.1145/3492321.3519591,doi:10.1145/3533767.3534376,doi:10.1145/3576915.3623178,doi:10.1145/3580598,doi:10.1145/3597503.3608133,doi:10.1145/3650212.3652133,doi:10.1145/3650212.3680345,doi:10.1145/3650212.3680394,doi:10.14722/ndss.2016.23368,doi:10.14722/ndss.2020.24018,doi:10.23919/date56975.2023.10137024,doi:10.23919/date58400.2024.10546625,doi:10.23919/date58400.2024.10546726	OpenAlex left 1 reference unresolved; primary-complete against the printed bibliography; seed-key:doi:10.1145/3760529; decided keys list chase-only records; previously cataloged overlaps are not repeated.
2026-08-10	snowball	fuss-forward	OpenAlex	FuSS	forward	6	6	-	doi:10.1007/978-3-032-09303-5_1,doi:10.1007/978-3-032-09303-5_15,doi:10.1007/978-3-032-09303-5_9,doi:10.1016/j.cose.2026.105025,doi:10.1145/3829084,doi:10.23919/date69613.2026.11539167	Forward citations screened; seed-key:doi:10.1145/3760529; decided keys list chase-only records; previously cataloged overlaps are not repeated.
2026-08-10	snowball	rudkowski-back	OpenAlex plus primary paper	Rudkowski et al. 2026	backward	29	29	doi:10.1109/isqed.2018.8357256	doi:10.1007/978-3-030-54828-5,doi:10.1007/978-3-540-73368-3_52,doi:10.1007/978-3-642-39799-8_3,doi:10.1109/hpcc-css-icess.2015.188,doi:10.1109/icit.2002.1189982,doi:10.1109/icsict.2006.306623,doi:10.1109/les.2014.2320556,doi:10.1109/sp.2016.17,doi:10.1109/tcad.2016.2611494,doi:10.1109/tcad.2024.3360318,doi:10.1145/1966445.1966463,doi:10.1145/2110356.2110358,doi:10.1145/3282307,doi:10.1145/3395363.3397363,doi:10.1145/3526241.3530340,doi:10.3390/chips2030012	OpenAlex left 1 reference unresolved; primary-complete against the printed bibliography; seed-key:doi:10.1109/tcad.2025.3641038; decided keys list chase-only records; previously cataloged overlaps are not repeated.
2026-08-10	snowball	rudkowski-forward	OpenAlex	Rudkowski et al. 2026	forward	1	1	-	doi:10.23919/date69613.2026.11539265	Forward citations screened; seed-key:doi:10.1109/tcad.2025.3641038; decided keys list chase-only records; previously cataloged overlaps are not repeated.
2026-08-10	snowball	forbench-back-index	OpenAlex	Forbench	backward	0	0	-	-	Index omits the bibliography; seed-key:arxiv:2608.01045
2026-08-10	snowball	forbench-back-primary	Primary paper	Forbench	backward	48	48	legacy:forbench-ref-21,legacy:forbench-ref-23,legacy:forbench-ref-47	legacy:forbench-ref-01,legacy:forbench-ref-02,legacy:forbench-ref-03,legacy:forbench-ref-04,legacy:forbench-ref-05,legacy:forbench-ref-06,legacy:forbench-ref-07,legacy:forbench-ref-08,legacy:forbench-ref-09,legacy:forbench-ref-10,legacy:forbench-ref-11,legacy:forbench-ref-12,legacy:forbench-ref-13,legacy:forbench-ref-14,legacy:forbench-ref-15,legacy:forbench-ref-16,legacy:forbench-ref-17,legacy:forbench-ref-18,legacy:forbench-ref-19,legacy:forbench-ref-20,legacy:forbench-ref-22,legacy:forbench-ref-24,legacy:forbench-ref-25,legacy:forbench-ref-26,legacy:forbench-ref-28,legacy:forbench-ref-29,legacy:forbench-ref-30,legacy:forbench-ref-31,legacy:forbench-ref-32,legacy:forbench-ref-33,legacy:forbench-ref-34,legacy:forbench-ref-35,legacy:forbench-ref-36,legacy:forbench-ref-37,legacy:forbench-ref-38,legacy:forbench-ref-39,legacy:forbench-ref-40,legacy:forbench-ref-41,legacy:forbench-ref-42,legacy:forbench-ref-43,legacy:forbench-ref-44,legacy:forbench-ref-45,legacy:forbench-ref-46,legacy:forbench-ref-48	primary-complete; all printed references were screened by two blinded agent passes and adjudicated in this campaign; seed-key:arxiv:2608.01045; parked-keys:legacy:forbench-ref-27; decided keys list chase-only records; previously cataloged overlaps are not repeated.
2026-08-10	snowball	forbench-forward	OpenAlex	Forbench	forward	0	0	-	-	No forward citation was indexed at the coverage date; seed-key:arxiv:2608.01045
2026-08-10	snowball	carter-back	OpenAlex plus primary paper	Carter et al. 1979	backward	10	10	-	doi:10.1090/psapm/019/0235771,doi:10.1093/comjnl/17.4.364-a,doi:10.1109/tc.1976.1674591,doi:10.1145/800027.808444,doi:10.1145/800145.804786	Two references were not indexed; primary-complete against the printed bibliography; seed-key:doi:10.1109/dac.1979.1600119; parked-keys:t:microprogramverificationconsiderednecessary,t:usingmachinedescriptionsinprogramverification; decided keys list chase-only records; previously cataloged overlaps are not repeated.
2026-08-10	snowball	carter-forward	OpenAlex	Carter et al. 1979	forward	35	35	doi:10.1007/bfb0021718,doi:10.1109/dac.1981.1585336	doi:10.1007/978-1-4419-8034-2_2,doi:10.1007/978-1-4615-0292-0_1,doi:10.1007/978-3-540-70545-1_4,doi:10.1007/978-3-642-05356-6_6,doi:10.1007/978-3-642-67774-8_2,doi:10.1007/978-94-009-1417-9_11,doi:10.1007/978-94-009-3931-8_18,doi:10.1109/101.927,doi:10.1109/2.65,doi:10.1109/32.6134,doi:10.1109/54.895007,doi:10.1109/dac.1982.1585588,doi:10.1109/dac.1983.1585653,doi:10.1109/dac.1984.1585844,doi:10.1109/dac.1988.14811,doi:10.1109/dac.1990.114842,doi:10.1109/ddecs.2009.5012132,doi:10.1109/dft.2014.6962105,doi:10.1109/edac.1991.206351,doi:10.1109/eurmic.2000.874664,doi:10.1109/lics.2003.1210044,doi:10.1109/rfts.1991.212969,doi:10.1109/tc.1983.1676167,doi:10.1109/test.1989.82357,doi:10.1145/123186.123240,doi:10.1145/337292.337339,doi:10.2200/s00864ed1v01y201807cac045,doi:10.2514/6.1993-4700,doi:10.3390/electronics12163420	Forward citations screened to establish the earliest traced lineage; seed-key:doi:10.1109/dac.1979.1600119; parked-keys:doi:10.1007/3-540-49519-3_25,doi:10.1007/978-3-642-33308-8_12,doi:10.1016/0898-1221(85)90102-6; decided keys list chase-only records; previously cataloged overlaps are not repeated.
2026-08-10	audit	base-screen-a	-	base candidate pool	audit	1262	1262	-	-	Blinded agent Screen A judged all 1,262 deduplicated database-search candidates from titles and abstracts with item-specific reasons.
2026-08-10	audit	base-screen-b	-	base candidate pool	audit	1262	1262	-	-	Blinded agent Screen B judged the same 1,262 candidates without access to Screen A decisions.
2026-08-10	audit	base-adjudication	-	base candidate pool	audit	-	-	-	-	A strongest-model pass adjudicated all 429 Screen A/B decision or exclusion-code disagreements by direct item judgment.
2026-08-10	audit	snowball-screening	-	citation-chase candidates	audit	273	273	-	-	Two blinded agent passes screened 273 chase-only candidates; a strongest-model pass adjudicated all 255 decision or code disagreements.
2026-08-10	audit	carter-screening	-	Carter lineage candidates	audit	41	41	-	-	Two blinded agent passes screened 41 Carter-derived candidates; a strongest-model pass adjudicated all 30 decision or code disagreements.
2026-08-10	audit	forbench-screening	-	Forbench bibliography	audit	48	48	-	-	Two blinded agent passes screened 48 printed references; a strongest-model pass adjudicated all 43 decision or code disagreements.
2026-08-10	audit	manual-primary-additions	-	primary seed metadata	audit	2	2	doi:10.1109/dac.1979.1600119,doi:10.1109/date.2004.1268825	-	Two directly inspected primary records were added outside the four screened pools: the Carter seed and the Feng direct comparator. This reconciles 1,262 + 273 + 41 + 48 + 2 = 1,626 catalog records.
2026-08-10	audit	selective-lineage-freeze	-	adjudicated include set	audit	-	-	-	-	Facet coding retained 87 include-level records: all direct core studies plus only defining lineage works and direct method comparators; 38 ambiguous records remain parked.
2026-08-11	search	oa11	OpenAlex API	path condition RTL hardware symbolic execution	query	649	100	arxiv:2001.01324,arxiv:2111.00805,doi:10.1016/j.cose.2018.07.006,doi:10.1145/3219763.3219764,doi:10.1145/3623652.3623666	arxiv:1705.10295,arxiv:1812.00197,arxiv:2304.05445,arxiv:2309.03376,arxiv:2411.16238,doi:10.1007/3-540-48683-6_40,doi:10.1007/3-540-58179-0_59,doi:10.1007/978-0-387-35533-7_18,doi:10.1007/978-3-031-30820-8_2,doi:10.1007/978-3-319-08867-9_18,doi:10.1007/978-3-540-39979-7_11,doi:10.1007/978-3-642-11970-5_13,doi:10.1007/bf02700035,doi:10.1007/s00165-008-0080-9,doi:10.1007/s10617-006-9044-6,doi:10.1016/j.entcs.2004.12.021,doi:10.1016/j.tcs.2008.03.013,doi:10.1016/s0167-6423(99)00030-1,doi:10.1109/access.2020.2993600,doi:10.1109/access.2023.3244902,doi:10.1109/dsn.2008.4630118,doi:10.1109/fmcad11703.2006,doi:10.1109/jetcas.2021.3084400,doi:10.1109/les.2017.2741419,doi:10.1109/sp40000.2020.00030,doi:10.1109/tcad.2003.822105,doi:10.1109/tcad.2020.3047976,doi:10.1109/test.2017.8242038,doi:10.1109/tpds.2002.1011412,doi:10.1145/1071604.1071607,doi:10.1145/1391956.1391959,doi:10.1145/1592761.1592781,doi:10.1145/1706299.1706311,doi:10.1145/244795.244803,doi:10.1145/2842615,doi:10.1145/288548.289080,doi:10.1145/307418.307541,doi:10.1145/309847.310108,doi:10.1145/3314221.3314601,doi:10.1145/3315574,doi:10.1145/3386337,doi:10.1145/3445814.3446720,doi:10.1145/3466752.3480092,doi:10.1145/3468264.3468610,doi:10.1145/3558392,doi:10.1145/3566097.3567921,doi:10.1145/3576915.3616643,doi:10.1145/3610579.3611081,doi:10.1145/3613424.3614254,doi:10.1145/3638046,doi:10.1145/3639051,doi:10.1145/3676536.3676841,doi:10.1145/3676642.3736115,doi:10.1145/3703595.3705880,doi:10.1145/3729329,doi:10.1145/3735638,doi:10.1145/378239.378481,doi:10.1145/50020.50062,doi:10.14288/1.0051649,doi:10.1515/jee-2016-0022,doi:10.15514/ispras-2017-29(4)-16,doi:10.17863/cam.13841,doi:10.18653/v1/2025.findings-naacl.449,doi:10.20944/preprints202509.1681.v1,doi:10.2168/lmcs-8(2:18)2012,doi:10.2197/ipsjtsldm.2.2,doi:10.2197/ipsjtsldm.3.69,doi:10.2197/ipsjtsldm.6.135,doi:10.2200/s00346ed1v01y201104cac016,doi:10.2200/s00962ed2v01y201910cac049,doi:10.23919/date.2019.8715004,doi:10.26083/tuprints-00000113,doi:10.3233/sat190034,doi:10.3390/computers14070251,doi:10.3390/electronics10010073,doi:10.3390/electronics11223704,doi:10.3390/s20185165,doi:10.46586/tches.v2022.i4.163-187,doi:10.5075/epfl-thesis-6059,doi:10.5075/epfl-thesis-6663,doi:10.5117/9789056294557,doi:10.52202/085713-1670,doi:10.5402/2012/271836,doi:10.6100/ir559665,t:optimizationandverificationtechniquesforhardwaresynthesisfromconcurrentactionori,t:percolationbasedcompilingforevaluationofparallelismandhardwaredesigntradeoffs,t:unlockingdesignreusewithhardwarecompilerframeworks,t:hardwaresoftwarecoverificationusingpathbased13nsymbolicexecution,t:anincrementalapproachforhardwarediscretecontrollersynthesis,t:protoflexcosimulationforcomponentwisefpgaemulatordevelopment	Initial strict-boundary search through 2026-08-11; relevance-ranked export capped at 100; all returned records were read as title/abstract judgments and close candidates received primary-text review; parked-keys:doi:10.1007/978-3-540-39724-3_14,doi:10.1145/3676642.3736123,doi:10.5755/j01.itc.42.4.4261; decisions are canonicalized catalog keys and duplicate source identifiers are not repeated.
2026-08-11	search	oa12	OpenAlex API	dynamic symbolic execution hardware RTL	query	966	100	arxiv:2111.00805,doi:10.1145/3219763.3219764,doi:10.1145/3623652.3623666	arxiv:1705.10295,arxiv:1711.07606,arxiv:1812.00197,arxiv:2304.05445,arxiv:2309.03376,arxiv:2407.12232,doi:10.1007/11513988_19,doi:10.1007/978-0-387-35533-7_18,doi:10.1007/978-3-031-30820-8_2,doi:10.1007/978-3-642-39799-8_14,doi:10.1007/bf02700035,doi:10.1007/s41635-019-00089-3,doi:10.1016/j.procir.2017.03.085,doi:10.1016/j.scico.2008.09.011,doi:10.1016/j.sysarc.2011.02.001,doi:10.1016/j.tcs.2008.03.013,doi:10.1017/s0956796807006338,doi:10.1038/s41467-021-22364-0,doi:10.1109/access.2018.2890150,doi:10.1109/access.2020.2993600,doi:10.1109/access.2022.3151378,doi:10.1109/access.2022.3229767,doi:10.1109/access.2023.3244902,doi:10.1109/access.2024.3375874,doi:10.1109/dsn.2008.4630118,doi:10.1109/fmcad11703.2006,doi:10.1109/hpca.2016.7446099,doi:10.1109/jetcas.2021.3084400,doi:10.1109/les.2017.2741419,doi:10.1109/sp40000.2020.00030,doi:10.1109/sp40000.2020.00055,doi:10.1109/sp54263.2024.00180,doi:10.1109/tcad.2020.3047976,doi:10.1109/test.2017.8242038,doi:10.1109/tetc.2013.2294918,doi:10.1145/1071604.1071607,doi:10.1145/1592761.1592781,doi:10.1145/2629677,doi:10.1145/2737924.2737974,doi:10.1145/309847.309966,doi:10.1145/3373087.3375306,doi:10.1145/3386337,doi:10.1145/343647.343691,doi:10.1145/3445814.3446720,doi:10.1145/3445814.3446746,doi:10.1145/3466752.3480070,doi:10.1145/3532989,doi:10.1145/3558392,doi:10.1145/3610579.3611081,doi:10.1145/3611643.3616318,doi:10.1145/3613424.3614254,doi:10.1145/3613424.3623783,doi:10.1145/3620665.3640418,doi:10.1145/3638046,doi:10.1145/3639051,doi:10.1145/3658644.3690203,doi:10.1145/3676642.3736115,doi:10.1145/3703595.3705880,doi:10.1145/3721848.3721852,doi:10.1145/3733238,doi:10.1145/378239.378481,doi:10.1155/2009/408605,doi:10.1184/r1/6622415,doi:10.1186/s42400-022-00123-y,doi:10.1371/journal.pone.0274515,doi:10.2197/ipsjtsldm.6.135,doi:10.2200/s00346ed1v01y201104cac016,doi:10.23919/date.2019.8715004,doi:10.26083/tuprints-00000113,doi:10.3233/sat190034,doi:10.3390/computers14070251,doi:10.3390/electronics10010073,doi:10.3390/electronics11132054,doi:10.3390/electronics15051048,doi:10.3390/electronics7060081,doi:10.3390/mi12080898,doi:10.4204/eptcs.359.16,doi:10.5075/epfl-thesis-6059,doi:10.5075/epfl-thesis-6663,doi:10.52202/085713-1670,doi:10.5402/2012/271836,doi:10.6100/ir559665,t:optimizationandverificationtechniquesforhardwaresynthesisfromconcurrentactionori,t:dynamicallyreconfigurablearchitectureforthirdgenerationmobilesystems,t:speedinguphardwareverificationbyautomateddatapathscaling,t:looptransformationsfortheoptimizedgenerationofreconfigurablehardware,t:integratingmodeautomatacontrolmodelsinsoccodesignfordynamicallyreconfigurablefpg,t:sharpevariationawareformalstatisticaltiminganalysisinrtl,t:hardwareaccelerationforhomomorphicencryption,t:percolationbasedcompilingforevaluationofparallelismandhardwaredesigntradeoffs,t:protoflexcosimulationforcomponentwisefpgaemulatordevelopment	Initial strict-boundary search through 2026-08-11; relevance-ranked export capped at 100; all returned records were read as title/abstract judgments and close candidates received primary-text review; parked-keys:doi:10.1007/978-3-540-39724-3_14,doi:10.1145/309847.309965,doi:10.1145/3676642.3736123,doi:10.5755/j01.itc.42.4.4261; decisions are canonicalized catalog keys and duplicate source identifiers are not repeated.
2026-08-11	search	cr5	Crossref REST API	path condition RTL hardware symbolic execution	query	632428	100	doi:10.1016/j.cose.2018.07.006,doi:10.1109/asianhost56390.2022.10022071,doi:10.1109/test.2018.8624854,doi:10.1145/3219763.3219764,doi:10.1145/3623652.3623666,doi:10.1145/3760529	doi:10.1002/0471786411,doi:10.1002/0471786411.ch11,doi:10.1002/0471786411.ch12,doi:10.1002/0471786411.ch14,doi:10.1002/0471786411.ch15,doi:10.1002/0471786411.ch2,doi:10.1002/0471786411.ch9,doi:10.1002/0471786411.fmatter,doi:10.1002/0471786411.index,doi:10.1002/0471786411.refs,doi:10.1007/0-387-29906-8_3,doi:10.1007/978-3-030-78841-4_12,doi:10.1007/978-3-031-55561-9_4,doi:10.1007/978-3-319-26287-1_7,doi:10.1007/978-3-319-26287-1_8,doi:10.1007/978-3-540-77966-7_5,doi:10.1007/978-981-15-4405-7,doi:10.1007/978-981-15-4405-7_1,doi:10.1007/978-981-15-4405-7_10,doi:10.1007/978-981-15-4405-7_11,doi:10.1007/978-981-15-4405-7_12,doi:10.1007/978-981-15-4405-7_14,doi:10.1007/978-981-15-4405-7_15,doi:10.1007/978-981-15-4405-7_3,doi:10.1007/978-981-15-4405-7_4,doi:10.1007/978-981-15-4405-7_5,doi:10.1007/978-981-15-4405-7_7,doi:10.1007/978-981-15-4405-7_8,doi:10.1007/978-981-15-4405-7_9,doi:10.1007/springerreference_26145,doi:10.1016/j.infsof.2014.07.012,doi:10.1016/j.jsc.2016.07.023,doi:10.1023/a:1008138407139,doi:10.1049/ic:19960223,doi:10.1109/access.2022.3218710,doi:10.1109/apsec.2012.107,doi:10.1109/asianhost68425.2025.11370376,doi:10.1109/ats.2010.19,doi:10.1109/candar.2016.0026,doi:10.1109/date.2012.6176642,doi:10.1109/desec.2018.8625128,doi:10.1109/dsn.2009.5270315,doi:10.1109/host55342.2024.10545388,doi:10.1109/host55342.2024.10545408,doi:10.1109/icccn65249.2025.11133817,doi:10.1109/iccq65694.2025.11314570,doi:10.1109/icis.2017.7960112,doi:10.1109/icppw.2006.26,doi:10.1109/icse-companion52605.2021.00028,doi:10.1109/icse.2019.00039,doi:10.1109/icsess.2014.6933698,doi:10.1109/ivmem53963.2021.00014,doi:10.1109/mwscas.2005.1594049,doi:10.1109/pcspa.2010.80,doi:10.1109/saner67736.2026.00112,doi:10.1109/sefm.2004.1347528,doi:10.1109/sp61157.2025.00190,doi:10.1109/synasc.2010.78,doi:10.1109/syscon48628.2021.9447121,doi:10.1109/test.2017.8242038,doi:10.1109/vts65138.2025.11022839,doi:10.1145/1831708.1831733,doi:10.1145/2786805.2786830,doi:10.1145/3620666.3651346,doi:10.1155/2020/4258291,doi:10.12792/iciae2024.009,doi:10.12792/iciae2026.017,doi:10.14722/bar.2020.23006,doi:10.14722/ndss.2019.23530,doi:10.20944/preprints202503.0278.v1,doi:10.21203/rs.3.rs-10066367/v1,doi:10.21203/rs.3.rs-9969464/v1,doi:10.21236/ada187882,doi:10.21236/ada196451,doi:10.21236/ada205630,doi:10.21236/ada224284,doi:10.2172/2430751,doi:10.23919/icact68090.2026.11431363,doi:10.25148/etd.fi13042902,doi:10.2991/icmemtc-16.2016.104,doi:10.31274/td-20260804-208,doi:10.36227/techrxiv.177155627.77438450/v1,doi:10.4028/www.scientific.net/amm.533.427,doi:10.51408/csit2025_44,doi:10.5220/0012061000003538,doi:10.5373/jardcs/v12sp3/20201233,doi:10.70675/e3b678aczaed6z4d28za08fz148521e61b8b,doi:10.70675/f84b3bcdzf391z4853zbe20zc055a6176e09,doi:10.7717/peerjcs.1300/fig-5	Initial strict-boundary search through 2026-08-11; relevance-ranked export capped at 100; all returned records were read as title/abstract judgments and close candidates received primary-text review; parked-keys:doi:10.1109/cscwd68734.2026.11582111,doi:10.1109/idt.2015.7396755,doi:10.1109/itc50571.2021.00031,doi:10.1145/3649476.3658782,doi:10.1145/3725843.3756131; decisions are canonicalized catalog keys and duplicate source identifiers are not repeated.
2026-08-11	search	ax5	arXiv API	"(all:""path condition"" OR all:""path constraints"") AND (all:RTL OR all:Verilog OR all:hardware) AND all:symbolic"	query	1	1	-	doi:10.1145/3763163	Initial strict-boundary search through 2026-08-11; relevance-ranked export capped at 100; all returned records were read as title/abstract judgments and close candidates received primary-text review; decisions are canonicalized catalog keys and duplicate source identifiers are not repeated.
2026-08-11	search	s25	Semantic Scholar Graph API	path condition symbolic execution RTL hardware	query	FAILED-429	0	-	-	Initial strict-boundary query failed with HTTP 429; no results were screened and last_reconciled was not advanced.
2026-08-11	audit	strict-boundary-reconciliation	-	five-part path-conditioned inclusion test	audit	211	211	-	-	Re-adjudicated all 87 prior includes and 38 parked records, then screened 86 strict-search candidates; five aliases collapsed into existing catalog records and two complete primary thesis versions were added manually; catalog-additions:83; final inclusion requires full-text evidence for all five operational conditions.; strict-revision; reclassified-key:arxiv:2205.04047; strict-revision; reclassified-key:arxiv:2606.17128; strict-revision; reclassified-key:arxiv:2608.01045; strict-revision; reclassified-key:doi:10.1007/3-540-52148-8_30; strict-revision; reclassified-key:doi:10.1007/978-3-031-30820-8_2; strict-revision; reclassified-key:doi:10.1007/978-3-658-12680-3; strict-revision; reclassified-key:doi:10.1007/bfb0021718; strict-revision; reclassified-key:doi:10.1109/asianhost.2017.8353999; strict-revision; reclassified-key:doi:10.1109/dac.1979.1600119; strict-revision; reclassified-key:doi:10.1109/dac.1981.1585336; strict-revision; reclassified-key:doi:10.1109/date.2004.1268825; strict-revision; reclassified-key:doi:10.1109/ddecs63720.2025.11006790; strict-revision; reclassified-key:doi:10.1109/dtis.2015.7127376; strict-revision; reclassified-key:doi:10.1109/fdl68117.2025.11165271; strict-revision; reclassified-key:doi:10.1109/glsv.1995.516029; strict-revision; reclassified-key:doi:10.1109/hldvt.2009.5340179; strict-revision; reclassified-key:doi:10.1109/iccad.2013.6691189; strict-revision; reclassified-key:doi:10.1109/iscas51556.2021.9401267; strict-revision; reclassified-key:doi:10.1109/isqed57927.2023.10129397; strict-revision; reclassified-key:doi:10.1109/micro61859.2024.00045; strict-revision; reclassified-key:doi:10.1109/mtv.2007.13; strict-revision; reclassified-key:doi:10.1109/sp54263.2024.00180; strict-revision; reclassified-key:doi:10.1109/tcad.2018.2846638; strict-revision; reclassified-key:doi:10.1109/test.2017.8242038; strict-revision; reclassified-key:doi:10.1109/wetice49692.2020.00051; strict-revision; reclassified-key:doi:10.1145/127601.127701; strict-revision; reclassified-key:doi:10.1145/2966986.2967016; strict-revision; reclassified-key:doi:10.1145/307418.307541; strict-revision; reclassified-key:doi:10.1145/3489517.3530604; strict-revision; reclassified-key:doi:10.1145/3558392; strict-revision; reclassified-key:doi:10.1145/3769295; strict-revision; reclassified-key:doi:10.1145/378239.378278; strict-revision; reclassified-key:doi:10.23919/date.2019.8715131; strict-revision; reclassified-key:doi:10.23919/date56975.2023.10136970; strict-revision; reclassified-key:doi:10.5281/zenodo.17614176; strict-revision; reclassified-key:legacy:forbench-ref-21; strict-revision; reclassified-key:legacy:forbench-ref-23; strict-revision; reclassified-key:legacy:forbench-ref-47; strict-revision; reclassified-key:t:runtimesoctrustverificationusingintegratedsymbolicexecutionandsolver
2026-08-12	snowball	wsa-strict-back	OpenAlex plus primary paper	Building SystemC waiting state automata	backward	27	23	-	doi:10.1007/10722167_15,doi:10.1007/3-540-63166-6_10,doi:10.1007/978-1-4020-6149-3_14,doi:10.1007/978-1-4020-6254-4_18,doi:10.1007/978-3-662-03811-6,doi:10.1007/b105968,doi:10.1016/j.jlap.2004.05.001,doi:10.1109/date.2001.915002,doi:10.1109/date.2003.1253637,doi:10.1109/dsd.2002.1115387,doi:10.1109/etsym.2010.5512761,doi:10.1109/melcon.2004.1346808,doi:10.1109/memcod.2005.1487900,doi:10.1109/sew.2006.10,doi:10.1145/512950.512973,doi:10.1145/62882.62926,doi:10.5555/789083.1022755,t:astructuralapproachtooperationalsemantics	OpenAlex left 4 references unresolved; primary-complete against the printed bibliography; new chase-only records were individually adjudicated; previously cataloged overlaps are not repeated; parked-keys:doi:10.5555/800292.811742; seed-key:doi:10.14236/ewic/vecos2011.11
2026-08-12	snowball	wsa-strict-forward	OpenAlex	Building SystemC waiting state automata	forward	3	3	-	doi:10.1109/aiccsa.2016.7945660,t:rtss2011organizationcommittee,t:systemcclanganopensourceframeworkforanalyzingmixedabstractionsystemcmodels	new chase-only records were individually adjudicated; previously cataloged overlaps are not repeated; seed-key:doi:10.14236/ewic/vecos2011.11
2026-08-12	snowball	qin-strict-back	OpenAlex plus primary paper	Qin and Mishra 2014	backward	22	16	-	doi:10.1007/11817963_11,doi:10.1109/date.2008.4484755,doi:10.1109/isqed.2011.5770737,doi:10.1109/mdt.2004.1277900,doi:10.1109/vlsi.design.2010.47,doi:10.1145/1403375.1403539,doi:10.1145/192724.192737	OpenAlex left 6 references unresolved; primary-complete against the printed bibliography; new chase-only records were individually adjudicated; previously cataloged overlaps are not repeated; seed-key:doi:10.1109/vlsid.2014.25
2026-08-12	snowball	qin-strict-forward	OpenAlex	Qin and Mishra 2014	forward	26	26	-	arxiv:1601.05850,doi:10.1016/j.sysarc.2019.05.007,doi:10.1109/iccd.2017.69,doi:10.1109/isqed.2015.7085434,doi:10.1145/3211332.3211342,doi:10.1145/3299710.3211342	new chase-only records were individually adjudicated; previously cataloged overlaps are not repeated; seed-key:doi:10.1109/vlsid.2014.25
2026-08-12	snowball	v2c-strict-back	OpenAlex plus primary paper	Mukherjee et al. 2015	backward	26	22	-	doi:10.1007/978-1-4419-8586-6,doi:10.1007/978-3-540-24730-2_15,doi:10.1007/978-3-540-70545-1_43,doi:10.1007/978-3-540-89439-1_25,doi:10.1007/s10009-007-0044-z,doi:10.1007/s10703-006-0020-3,doi:10.1109/iccd.2001.955052,doi:10.1109/iwrsp.2000.855208,doi:10.1109/tcad.2012.2232351,doi:10.1109/tvlsi.2003.812320,doi:10.1145/1289927.1289932,doi:10.1145/1754405.1754406,doi:10.1145/2429069.2429087,doi:10.1145/503272.503274,doi:10.1145/780822.781153,doi:10.1145/781151.781153	OpenAlex left 4 references unresolved; primary-complete against the printed bibliography; new chase-only records were individually adjudicated; previously cataloged overlaps are not repeated; seed-key:doi:10.1109/isvlsi.2015.107
2026-08-12	snowball	v2c-strict-forward	OpenAlex	Mukherjee et al. 2015	forward	51	51	-	arxiv:1711.05698,doi:10.1007/978-3-031-26896-0_5,doi:10.1007/978-3-031-30820-8_12,doi:10.1007/978-3-032-32589-1_10,doi:10.1007/s10009-026-00847-z,doi:10.1007/s11334-026-00630-y,doi:10.1007/s41635-022-00129-5,doi:10.1109/asp-dac66049.2026.11420533,doi:10.1109/honet.2018.8551480,doi:10.1109/iccad66269.2025.11240782,doi:10.1109/icm66518.2025.11321329,doi:10.1109/infocom53939.2023.10228994,doi:10.1109/isvlsi.2018.00049,doi:10.1109/mdat.2021.3063314,doi:10.1145/3565801,doi:10.1145/3728905,doi:10.23919/date.2018.8341977,doi:10.23919/date69613.2026.11539325	new chase-only records were individually adjudicated; previously cataloged overlaps are not repeated; parked-keys:doi:10.1109/ats59501.2023.10317946; seed-key:doi:10.1109/isvlsi.2015.107
2026-08-12	snowball	sesc-strict-back	OpenAlex plus primary paper	Lin et al. 2016	backward	19	17	-	doi:10.1109/cgo.2004.1281665,doi:10.1109/dac.2005.193895,doi:10.1109/hldvt.2010.5496659,doi:10.1109/issre.1994.341373,doi:10.1109/memcod.2010.5558643,doi:10.1145/1278480.1278527,doi:10.1145/1450135.1450166,t:asystemcprimer	OpenAlex left 2 references unresolved; primary-complete against the printed bibliography; new chase-only records were individually adjudicated; previously cataloged overlaps are not repeated; seed-key:doi:10.1109/aspdac.2016.7428006
2026-08-12	snowball	sesc-strict-forward	OpenAlex	Lin et al. 2016	forward	19	19	-	doi:10.1007/978-3-031-51692-4_4,doi:10.1007/s10703-017-0299-2,doi:10.1109/dsd53832.2021.00084,doi:10.1109/iccd50377.2020.00043,doi:10.1109/iscas.2019.8702140,doi:10.1109/itc50671.2022.00059,doi:10.1109/vlsi-soc.2016.7753557	new chase-only records were individually adjudicated; previously cataloged overlaps are not repeated; seed-key:doi:10.1109/aspdac.2016.7428006
2026-08-12	snowball	coppelia-strict-back	OpenAlex	Coppelia	backward	35	35	-	doi:10.1007/978-3-642-14295-6_5,doi:10.1007/bf01782772,doi:10.1109/hpca.2008.4658637,doi:10.1109/hst.2011.5954992,doi:10.1109/hst.2012.6224318,doi:10.1109/sp.2008.17,doi:10.1109/sp.2017.67,doi:10.1145/1180405.1180445,doi:10.1145/1250662.1250722,doi:10.1145/1394608.1382156,doi:10.1145/1558607.1558671,doi:10.1145/3037697.3037734,doi:10.1145/3092703.3092728,doi:10.1184/r1/6468296.v1,doi:10.5555/259794.259883,t:designingandimplementingmalicioushardware,t:electronicdesignautomationsynthesisverificationandtest,t:fieonfirmwarefindingvulnerabilitiesinembeddedsystemsusingsymbolicexecution,t:noveldirectionsindebugautomationforsequentialdigitaldesignsinamodernverification,t:theriscvinstructionsetmanualvolume2privilegedarchitectureversion17	new chase-only records were individually adjudicated; previously cataloged overlaps are not repeated; seed-key:doi:10.1109/micro.2018.00071
2026-08-12	snowball	coppelia-strict-forward	OpenAlex	Coppelia	forward	57	57	-	arxiv:2003.04892,doi:10.1007/978-3-030-71522-9_1647,doi:10.1007/978-3-032-07894-0_5,doi:10.1007/978-3-642-27739-9_1647-1,doi:10.1109/asp-dac58780.2024.10473793,doi:10.1109/asp-dac58780.2024.10473912,doi:10.1109/eurospw54576.2021.00020,doi:10.1109/icsip57908.2023.10270914,doi:10.1109/isca66397.2026.00157,doi:10.1109/sp40000.2020.00011,doi:10.1109/sp40001.2021.00036,doi:10.1109/tc.2021.3097174,doi:10.1109/tifs.2023.3343970,doi:10.1109/tifs.2024.3372800,doi:10.1109/tse.2025.3564666,doi:10.1109/vts56346.2023.10140100,doi:10.1145/3460120.3484813,doi:10.1145/3485518,doi:10.1145/3503222.3507701,doi:10.1145/3503222.3507729,doi:10.1145/3582016.3582040,doi:10.1145/3676536.3676844,doi:10.1145/3764934,doi:10.17615/h4m8-cq49,doi:10.17760/d20410370,doi:10.21833/ijaas.2024.02.025,doi:10.23919/date64628.2025.10992968,doi:10.3390/electronics13214286	new chase-only records were individually adjudicated; previously cataloged overlaps are not repeated; seed-key:doi:10.1109/micro.2018.00071
2026-08-12	snowball	eisec-strict-back	OpenAlex plus primary paper	EISec	backward	26	20	-	doi:10.1002/j.1538-7305.1949.tb00928.x,doi:10.1007/978-0-387-68768-1_4,doi:10.1007/bfb0052259,doi:10.1016/j.micpro.2012.05.010,doi:10.1109/aspdac.2017.7858392,doi:10.1109/tc.2007.70784,doi:10.1109/tc.2008.149,doi:10.1109/tcad.2018.2834396,doi:10.1145/1455518.1455522,doi:10.1145/2897937.2897992,doi:10.1145/2906147,doi:10.1145/3505253.3505254,doi:10.15866/irecos.v8i3.3163,doi:10.23919/date51398.2021.9474222,t:clkscrewexposingtheperilsofsecurityobliviousenergymanagement	OpenAlex left 6 references unresolved; primary-complete against the printed bibliography; new chase-only records were individually adjudicated; previously cataloged overlaps are not repeated; seed-key:doi:10.1109/asianhost56390.2022.10022071
2026-08-12	snowball	eisec-strict-forward	OpenAlex	EISec	forward	6	6	-	doi:10.3390/cryptography9010006	new chase-only records were individually adjudicated; previously cataloged overlaps are not repeated; seed-key:doi:10.1109/asianhost56390.2022.10022071
2026-08-12	snowball	riscv-case-strict-back	OpenAlex plus primary paper	Bruns et al. 2023	backward	25	20	-	doi:10.1007/978-3-030-20652-9_11,doi:10.1007/978-3-319-10702-8_13,doi:10.1109/date.2012.6176425,doi:10.1109/fdl.2018.8524047,doi:10.1109/hldvt.2002.1224444,doi:10.1145/1572272.1572303,doi:10.1145/3445034.3460508	OpenAlex left 5 references unresolved; primary-complete against the printed bibliography; new chase-only records were individually adjudicated; previously cataloged overlaps are not repeated; seed-key:doi:10.23919/date56975.2023.10137202
2026-08-12	snowball	riscv-case-strict-forward	OpenAlex	Bruns et al. 2023	forward	13	13	-	doi:10.1109/asianhost63913.2024.10838390,doi:10.1145/3721848.3721851,doi:10.1145/3801488.3807976,doi:10.5753/sscad.2025.16339,doi:10.5753/sscad_estendido.2024.244745	new chase-only records were individually adjudicated; previously cataloged overlaps are not repeated; seed-key:doi:10.23919/date56975.2023.10137202
2026-08-12	snowball	autoverifix-strict-back	OpenAlex	AutoVeriFix+	backward	0	0	-	-	no-chase-only; all indexed records were already cataloged or the index was empty; seed-key:arxiv:2603.11489
2026-08-12	snowball	autoverifix-strict-forward	OpenAlex	AutoVeriFix+	forward	0	0	-	-	no-chase-only; all indexed records were already cataloged or the index was empty; seed-key:arxiv:2603.11489
2026-08-12	snowball	hls-tcp-strict-back	OpenAlex	Hu 2024 HLS TCP thesis	backward	0	0	-	-	OpenAlex resolved no exact title/year seed; zero indexed citations were available; no-chase-only; all indexed records were already cataloged or the index was empty; seed-key:t:usingsymbolicexecutiontoanalyzethehardwaretcpprotocol
2026-08-12	snowball	hls-tcp-strict-forward	OpenAlex	Hu 2024 HLS TCP thesis	forward	0	0	-	-	OpenAlex resolved no exact title/year seed; zero indexed citations were available; no-chase-only; all indexed records were already cataloged or the index was empty; seed-key:t:usingsymbolicexecutiontoanalyzethehardwaretcpprotocol
2026-08-12	audit	strict-critical-chase-additions	-	newly promoted strict critical set	audit	161	161	-	-	Completed both citation directions for nine newly promoted critical works; catalog-additions:161; two plausible title-level records were parked because complete primary text was unavailable.
