key	status	code	year	title	cluster	priority	relevance	url
doi:10.1145/360248.360252	screened		1976	Symbolic execution and program testing	symbolic-execution	high	Foundational symbolic execution of programs with symbolic inputs path conditions and testing/debugging applications	""
doi:10.1007/978-3-031-47963-2_22	excluded	E7-duplicate-version	2023	Denotational Semantics for Symbolic Execution	semantics	medium	Conference precursor retained for lineage; current claims use the expanded 2025 journal treatment	
doi:10.1007/978-3-540-31987-0_2	screened		2005	Trace Partitioning in Abstract Interpretation	abstract-interpretation	high	Established trace-partitioning terminology and semantics	
doi:10.1145/2568225.2568293	candidate		2014	Enhancing symbolic execution with veritesting	multipath	high	Static symbolic execution and path merging	
doi:10.1145/2786805.2786830	deep-read		2015	MultiSE: Multi-Path Symbolic Execution Using Value Summaries	multipath	critical	Guarded value summaries and exact multipath states	
doi:10.1609/aaai.v38i8.28652	deep-read		2024	Disjoint Partial Enumeration without Blocking Clauses	model-enumeration	critical	Disjoint partial-model enumeration	
doi:10.1007/bf01383966	candidate		1995	Formal verification by symbolic evaluation of partially-ordered trajectories	hardware	high	Symbolic evaluation of partially ordered hardware trajectories	
doi:10.1016/j.entcs.2004.12.010	candidate		2005	Test Selection Strategies for Lustre Descriptions in GATeL	dataflow-testing	high	Constraint-based test selection for Lustre	
doi:10.1109/ase.2013.6693083	screened		2013	SEDGE: Symbolic example data generation for dataflow programs	dataflow-testing	high	Concolic SMT generation of example data for high-level dataflow-operator coverage rather than exact observer-fiber records	""
doi:10.34727/2023/isbn.978-3-85448-060-0_19	deep-read		2023	Sylvia and piecewise RTL composition	hardware	critical	Piecewise composition for RTL symbolic execution	
doi:10.1016/j.jsc.2016.07.012	screened		2017	A Generic Framework for Symbolic Execution: A Coinductive Approach	semantics	high	Language-independent coinductive symbolic-execution framework	
doi:10.1145/2254064.2254088	candidate		2012	Efficient state merging in symbolic execution	multipath	high	State-merging tradeoffs and query-cost estimation	
doi:10.1145/2465106.2465121	candidate		2013	Faceted execution of policy-agnostic programs	conditional-values	high	Guarded faceted values and projection theorem	
doi:10.1145/3276487	screened		2018	Faster Variational Execution with Transparent Bytecode Transformation	conditional-values	high	Conditional values and disjoint configuration contexts	
arxiv:1807.03837	candidate		2018	Understanding Differences among Executions with Variational Traces	conditional-values	high	Variational traces concisely represent control-flow and data-flow differences across configurations	
doi:10.1109/ares.2015.14	deep-read		2015	All-Solution Satisfiability Modulo Theories	model-enumeration	critical	AllSMT over important Boolean and theory variables with witnesses	
doi:10.1016/j.artint.2025.104346	deep-read		2025	Disjoint Projected Enumeration for SAT and SMT	model-enumeration	critical	Disjoint projected SAT and SMT enumeration	
doi:10.1109/tc.1986.1676819	deep-read		1986	Graph-Based Algorithms for Boolean Function Manipulation	decision-diagrams	high	Canonical reduced Boolean functions and shared subgraphs	
doi:10.1145/2063239.2063245	candidate		2011	The Choice Calculus	conditional-values	high	Choice calculus semantics and decision-based variant selection	
doi:10.1145/158511.158707	candidate		1993	Tutorial notes on partial evaluation	residualization	medium	Established partial-evaluation and residual-program terminology	
doi:10.1145/3341694	deep-read		2019	Selective Applicative Functors	selective-computation	critical	Compositional interface and free construction for statically visible dynamically selected effects	
doi:10.1145/123186.128296	candidate		1990	Symbolic simulation---techniques and applications	hardware	high	Foundational symbolic simulation of circuits	
doi:10.1145/378239.378278	deep-read		2001	Symbolic RTL Simulation	hardware	critical	Symbolic RTL controls, event accumulation, and contextual error replay	
doi:10.1007/978-3-642-02658-4_33	deep-read		2009	Generating and Analyzing Symbolic Traces	model-based	critical	Discrete-trace equivalence for conditional dataflow models	
doi:10.1109/date.2004.1268825	deep-read		2004	Improved Symbolic Simulation by Dynamic Functional Space Partitioning	hardware	critical	Mux-guided functional-space partitioning in symbolic simulation	
doi:10.1145/1109118.1109122	screened		2005	Using 2-domain partitioned OBDD data structure in an enhanced symbolic simulator	hardware	high	Journal extension of two-domain partitioned OBDD symbolic simulation	
doi:10.1109/iccad.1996.569909	deep-read		1996	Partitioned ROBDDs	decision-diagrams	critical	Canonical partitioned ROBDDs and exponential compactness	
doi:10.1017/s1471068411000263	deep-read		2011	On the Correctness of Pull-Tabbing	term-graphs	critical	Shared choice identifiers and strategy-independent exhaustive term-graph evaluation	
doi:10.3233/faia241007	deep-read		2024	Canonical Decision Diagrams Modulo Theories	decision-diagrams	critical	Canonical theory decision diagrams built from AllSMT and Boolean DDs	
doi:10.1145/3408984	screened		2020	Higher-Order Demand-Driven Symbolic Evaluation	demand-driven	high	Context-sensitive reverse symbolic evaluation for higher-order programs	
doi:10.1145/1190215.1190226	deep-read		2007	Compositional Dynamic Test Generation	compositional-symbolic-execution	critical	Reusable precondition and postcondition summaries from separate component analyses	
doi:10.1007/978-3-540-78800-3_28	deep-read		2008	Demand-Driven Compositional Symbolic Execution	compositional-symbolic-execution	critical	Demand-driven compositional symbolic execution with summaries generated for caller contexts	
doi:10.1007/978-3-642-19811-3_18	screened		2011	Theoretical Aspects of Compositional Symbolic Execution	compositional-symbolic-execution	high	Formal treatment of compositional symbolic execution precision and progress	
doi:10.1109/icse.2015.79	candidate		2015	Compositional Symbolic Execution with Memoized Replay	compositional-symbolic-execution	high	Memoized replay as a reusable compositional symbolic-execution technique	
doi:10.1145/3498709	deep-read		2022	A Formal Foundation for Symbolic Evaluation with Merging	semantics	critical	Mechanized reusable semantics for symbolic evaluation with merging	
doi:10.1016/j.tcs.2025.115263	deep-read		2025	Compositional Symbolic Execution Semantics	semantics	critical	Compositional denotational traces substitutions and path conditions with concrete correspondence	
doi:10.4230/lipics.ecoop.2024.25	deep-read		2024	Compositional Symbolic Execution for Correctness and Incorrectness Reasoning	compositional-symbolic-execution	critical	Compositional engine for creating and consuming correctness and incorrectness specifications	
doi:10.1145/3571209	deep-read		2023	Grisette: Symbolic Compilation as a Functional Programming Library	merged-evaluation	critical	Symbolic compilation library centered on merged symbolic values and reusable solver-aided abstractions	
doi:10.1023/a:1008699807402	deep-read		1997	Algebraic Decision Diagrams and Their Applications	decision-diagrams	high	Multi-terminal algebraic decision diagrams for compact finite-valued functions	
doi:10.24963/kr.2024/48	deep-read		2024	Leveraging Decision-DNNF Compilation for Enumerating Disjoint Partial Models	model-enumeration	critical	Decision-DNNF compilation for enumerating disjoint partial models	
doi:10.1145/347476.347484	deep-read		2000	A Needed Narrowing Strategy	term-graphs	critical	Optimal needed narrowing with soundness completeness and demand-guided evaluation	
doi:10.1145/800027.808445	screened		1975	SELECT---a formal system for testing and debugging programs by symbolic execution	symbolic-execution	medium	Early symbolic execution system and terminology	
doi:10.1613/jair.989	screened		2002	A Knowledge Compilation Map	knowledge-compilation	high	Knowledge-compilation map and query-transformation tradeoffs	
doi:10.1016/j.dam.2024.10.021	deep-read		2025	On Enumerating Short Projected Models	model-enumeration	critical	Correct disjoint short projected model enumeration without a standard output-complexity theorem	
doi:10.1016/j.dam.2019.02.025	deep-read		2019	A Complexity Theory for Hard Enumeration Problems	enumeration-complexity	high	OutputP IncP DelayP and oracle-relative complexity for hard enumeration	
doi:10.1016/j.tcs.2009.06.014	screened		2009	Configuration structures, event structures and Petri nets	event-structures	medium	Formal comparison of configuration structures event structures and Petri nets	
doi:10.1109/real.1998.739746	screened		1998	Automatic Testing of Reactive Systems	dataflow-testing	high	Automatic testing of reactive synchronous systems with Lustre-based observers	
doi:10.1007/978-3-540-87405-8_7	screened		2008	Inductively Sequential Term-Graph Rewrite Systems	term-graphs	high	Neededness and rewriting for inductively sequential term-graph systems	
doi:10.1145/3674626	deep-read		2024	Story of Your Lazy Function's Life	demand-semantics	high	Bidirectional demand semantics that computes minimal sufficient partial inputs and cost	
doi:10.1016/j.entcs.2006.10.055	screened		2007	Event Structure Spans for Nondeterministic Dataflow	event-structures	medium	Event-structure spans with finite input demands and compositional nondeterministic dataflow histories	
doi:10.5591/978-1-57735-516-8/ijcai11-143	candidate		2011		decision-diagrams	high	Sentential decision diagrams and structured decomposable representations	
doi:10.1007/11817963_39	candidate		2006	SMT Techniques for Fast Predicate Abstraction	model-enumeration	high	AllSMT-style predicate abstraction over selected atoms	
doi:10.2168/lmcs-3(2:1)2007	candidate		2007	Predicate Abstraction via Symbolic Decision Procedures	model-enumeration	high	Predicate abstraction through symbolic decision procedures and important predicates	
doi:10.1145/3638046	excluded	E3-secondary	2023	Directed Test Generation for Hardware Validation: A Survey	hardware	medium	Secondary discovery source for hardware directed test generation	
doi:10.1109/5.726791	excluded	E2-ml-graph-runtime	1998	Gradient-based learning applied to document recognition	machine-learning-graph	low	False positive for symbolic evaluation of term graphs	
doi:10.1145/24039.24041	excluded	E6-out-of-scope-model	1987	The program dependence graph and its use in optimization	dataflow-analysis	low	Program-dependence graph construction without the survey's symbolic observation object	
doi:10.24963/ijcai.2022/358	deep-read		2022	On the Complexity of Enumerating Prime Implicants from Decision-DNNF Circuits	enumeration-complexity	critical	OutputP and IncP algorithms for prime implicants when decision-DNNF is the input	
doi:10.1145/2975585	screened		2016	Implementing Efficient All Solutions SAT Solvers	model-enumeration	high	Blocking nonblocking partial-assignment and BDD AllSAT implementations	
doi:10.1145/2666356.2594340	candidate		2014	A lightweight symbolic virtual machine for solver-aided host languages	merged-evaluation	high	Reusable symbolic virtual machine underlying solver-aided host-language evaluation	
doi:10.1145/3385412.3386014	candidate		2020	Gillian, part i: a multi-language platform for symbolic execution	compositional-symbolic-execution	high	Parametric multi-language platform for compositional symbolic execution	
doi:10.1145/1806799.1806864	candidate		2010	Using symbolic evaluation to understand behavior in configurable software systems	conditional-values	high	Behavioral equivalence across configurations derived by symbolic evaluation	
doi:10.1007/978-3-642-28872-2_19	candidate		2012	Integration Testing of Software Product Lines Using Compositional Symbolic Execution	compositional-symbolic-execution	medium	Compositional symbolic execution applied to software-product-line integration testing	
doi:10.1145/3649852	candidate		2024	A Pure Demand Operational Semantics with Applications to Program Analysis	demand-semantics	medium	Pure demand operational semantics and its distinct use of demand terminology	
doi:10.1145/2248418.2248437	candidate		2012	An operational semantics for Simulink's simulation engine	model-based	medium	Operational semantics boundary for cyclic timed Simulink simulation	
doi:10.1007/978-3-642-28891-3_33	candidate		2012	CLSE: Closed-Loop Symbolic Execution	model-based	medium	Closed-loop symbolic execution outside the pure finite-graph scope	
doi:10.1145/3477141	excluded	E2-ml-graph-runtime	2021	Computing Graph Neural Networks: A Survey from Algorithms to Accelerators	machine-learning-graph	low	Machine-learning computation-graph acceleration rather than symbolic program semantics	
doi:10.1145/3597428	excluded	E2-ml-graph-runtime	2023	The Evolution of Distributed Systems for Graph Neural Networks and Their Origin in Graph Processing and Deep Learning: A Survey	machine-learning-graph	low	Distributed graph-neural-network execution rather than symbolic program semantics	
doi:10.1145/3597503.3623345	excluded	E2-ml-graph-runtime	2024	Dataflow Analysis-Inspired Deep Learning for Efficient Vulnerability Detection	machine-learning-graph	low	Neural architecture inspired by dataflow analysis without a symbolic evaluator	
doi:10.1007/bf01277522	excluded	E6-out-of-scope-model	1993	Dataflow query execution in a parallel main-memory environment	dataflow-runtime	low	Database query scheduling rather than symbolic observation enumeration	
doi:10.1145/1880050.1880052	excluded	E6-out-of-scope-model	2010	Synchronous dataflow scenarios	dataflow-runtime	low	Synchronous-dataflow throughput and scenario scheduling rather than symbolic observation enumeration	
doi:10.1109/seaa.2012.20	excluded	E6-out-of-scope-model	2012	Max-Plus Algebraic Throughput Analysis of Synchronous Dataflow Graphs	dataflow-runtime	low	Max-plus timing and throughput analysis only	
doi:10.1016/j.scico.2005.02.009	excluded	E6-out-of-scope-model	2005	Weighted pushdown systems and their application to interprocedural dataflow analysis	dataflow-analysis	low	Interprocedural dataflow facts rather than input-observation enumeration	
arxiv:2309.17042	excluded	E3-secondary	2023	Enumeration Complexity: Incremental Time, Delay and Space	enumeration-complexity	medium	Secondary discovery survey; manuscript claims use primary complexity results	
doi:10.1109/test.2006.297666	excluded	E4-application-only	2006	Characteristic States and Cooperative Game Based Search for Efficient Sequential ATPG and Design Validation	hardware	low	Hardware ATPG application without a closer semantic object	
doi:10.1109/test.2017.8242038	screened		2017	Factored concolic RTL test generation	hardware	high	Factored concolic RTL exploration with a test-decision tree of discovered mutable guards and witnesses	
doi:10.1109/date.2004.1268860	screened		2004	SAT all-solutions preimage compilation	model-enumeration	high	Projected all-solutions circuit SAT compiled into shared free BDD and fixed-order OBDD representations	
doi:10.1145/3676642.3736123	candidate		2025	SYL Q-SV: Scaling Symbolic Execution of Hardware Designs with Query Caching	hardware	high	Direct Sylvia successor using SMT-query caching while retaining conventional symbolic paths	
doi:10.1109/fdl68117.2025.11165271	candidate		2025	Leveraging Piecewise Composition to Infer Environment Constraints for Hardware Designs	hardware	high	Piecewise symbolic composition used to infer hardware environment constraints	
doi:10.1109/tc.2006.153	candidate		2006	Taylor Expansion Diagrams: A Canonical Representation for Verification of Data Flow Designs	decision-diagrams	high	Canonical Taylor expansion diagrams for polynomial dataflow functions rather than selection observations	
doi:10.1109/12.966501	candidate		2001	A note on complexity of OBDD composition and efficiency of partitioned-OBDDs over OBDDs	decision-diagrams	medium	Complexity limits for OBDD composition and partitioned-OBDD representation	
doi:10.1007/bfb0029959	candidate		1997	Complexity theoretical results on partitioned (nondeterministic) binary decision diagrams	decision-diagrams	medium	Complexity theory for partitioned deterministic and nondeterministic BDDs	
doi:10.1007/3-540-17945-3_8	candidate		1987	Term graph rewriting	term-graphs	high	Foundational term-graph rewriting semantics for sharing	
doi:10.1007/3-540-57186-8_79	candidate		1993	A demand driven computation strategy for lazy narrowing	term-graphs	high	Demand-driven lazy narrowing preceding later needed term-graph semantics	
doi:10.1613/jair.1.16870	deep-read		2025	On CNF Conversion for SAT and SMT Enumeration	model-enumeration	critical	CNF conversion can fragment short projected SAT and SMT enumeration outputs	
doi:10.1007/978-3-031-99984-0_37	deep-read		2025	Entailment vs. Verification for Partial-Assignment Satisfiability and Enumeration	model-enumeration	critical	Semantic separation of verification and entailment for projected partial assignments	
doi:10.4230/lipics.sat.2024.13	deep-read		2024	Entailing Generalization Boosts Enumeration	model-enumeration	critical	Entailment-based generalization of exact circuit AllSAT covers beyond ternary satisfaction	
doi:10.1007/978-3-032-04590-4_9	candidate		2025	Enhancing Query Efficiency for D-DNNF Representations Through Preprocessing	knowledge-compilation	medium	Preprocessing d-DNNF representations while preserving enumeration and query behavior	
doi:10.1007/978-3-032-32589-1_18	candidate		2026	Beyond Eager Encodings: A Theory-Agnostic Approach to Theory-Lemma Enumeration in SMT	model-enumeration	medium	SMT theory-lemma enumeration with a different output object from observation fibers	
doi:10.1007/978-3-642-01929-6_7	deep-read		2009	Solution Enumeration for Projected Boolean Search Problems	model-enumeration	critical	Sound complete nonredundant projected Boolean solution enumeration in polynomial space	
doi:10.1007/978-3-030-51825-7_5	deep-read		2020	Four Flavors of Entailment	model-enumeration	critical	Four levels of partial-assignment entailment including exact projected universal-existential coverage	
doi:10.1109/ddecs.2018.00028	candidate		2018	Augmenting All Solution SAT Solving for Circuits with Structural Information	model-enumeration	high	Circuit-structural generalization from total models to compact partial assignments	
legacy:voronov2011partialconfig	candidate		2011		model-enumeration	high	Exact projected enumeration of valid partial product configurations using SAT BDD and d-DNNF	https://ceur-ws.org/Vol-755/paper04.pdf
doi:10.1007/s00224-013-9447-2	candidate		2013	Compact DSOP and Partial DSOP Forms	model-enumeration	medium	Compact disjoint-sum-of-products representation and minimization complexity	
doi:10.1007/978-3-540-30494-4_20	candidate		2004	Memory Efficient All-Solutions SAT Solver and Its Application for Reachability Analysis	model-enumeration	high	Memory-efficient all-solutions SAT with reachability applications	
doi:10.1145/3324884.3416569	candidate		2020	Accelerating all-SAT computation with short blocking clauses	model-enumeration	high	AllSAT acceleration through short blocking clauses	
arxiv:2003.04225	excluded	E7-duplicate-version	2020	Are You Satisfied by This Partial Assignment?	model-enumeration	medium	Semantic precursor superseded for manuscript claims by the expanded CADE 2025 treatment	
doi:10.1109/iwast.2012.6228982	deep-read		2012	All-Values Symbolic Execution	output-symbolic-execution	critical	Enumerates guarded symbolic values at program statements instead of full execution paths	
doi:10.1145/1831708.1831733	deep-read		2010	Exploiting Program Dependencies for Scalable Multiple-Path Symbolic Execution	output-symbolic-execution	critical	Output-dependent path families avoid combinations irrelevant to queried symbolic values	
doi:10.1145/2522920.2522925	deep-read		2013	Path Exploration Based on Symbolic Output	output-symbolic-execution	critical	Complete exploration of symbolic-output classes using reordered relevant-slice conditions	
doi:10.1007/978-3-642-02658-4_41	screened		2009	Reducing Test Inputs Using Information Partitions	input-partitioning	high	Input information partitions derived from dynamic dependencies to reduce test suites	
doi:10.1007/978-3-319-47846-3_5	screened		2016	A General Lattice Model for Merging Symbolic Execution Branches	merged-evaluation	high	General lattice abstraction for sound symbolic branch merging	
doi:10.1145/3180155.3180251	screened		2018	Chopped Symbolic Execution	demand-driven	high	Lazy execution of skipped code when its effects become observable to a target slice	
doi:10.1109/tse.2016.2584063	deep-read		2017	Dependence Guided Symbolic Execution	output-symbolic-execution	critical	Dependence-guided approximation of symbolic-value path equivalence with fault-detection preservation	
doi:10.4230/lipics.sat.2023.9	screened		2023	AllSAT for Combinational Circuits	model-enumeration	high	Native-circuit ternary generalization for disjoint and overlapping exact AllSAT covers	
doi:10.1145/2652484	deep-read		2014	Removing Z-Equivalent Symbolic States	path-equivalence	critical	Caller-indistinguishable symbolic states with identical future paths and solver answers	
doi:10.2197/ipsjjip.25.459	candidate		2017	Exploiting Functional Dependencies of Variables in All Solutions SAT Solvers	model-enumeration	high	Encoding-aware functional dependencies and OBDD compilation for AllSAT	
doi:10.1007/978-3-031-43369-6_11	candidate		2023	An Abstract CNF-to-d-DNNF Compiler Based on Chronological CDCL	knowledge-compilation	high	Sound terminating d-DNNF compilation combining disjoint enumeration and decomposition	
doi:10.1145/3158150	candidate		2018	Bonsai: synthesis-based reasoning for type systems	merged-evaluation	high	Constraint-based symbolic tree representation designed for efficient merging	
doi:10.1145/3276519	candidate		2018	Finding code that explodes under symbolic evaluation	merged-evaluation	high	Symbolic-heap and evaluation-graph account of all-path evaluation blowup	
doi:10.1007/978-3-642-04694-0_6	candidate		2009	State Joining and Splitting for the Symbolic Execution of Binaries	merged-evaluation	high	State joining and splitting with an explicit merge-versus-solver-cost tradeoff	
doi:10.1007/978-3-540-72200-7_13	candidate		2007	Conflict-Driven Answer Set Enumeration	model-enumeration	high	Conflict-driven complete answer-set enumeration in polynomial space	
doi:10.1007/978-3-319-02444-8_15	candidate		2013	Compact Symbolic Execution	symbolic-execution	high	Template-based exact folding of regular cyclic symbolic paths	
doi:10.1016/s0004-3702(99)00035-1	candidate		1999	Algorithms for selective enumeration of prime implicants	enumeration-complexity	high	Optimization-based selective enumeration of prime implicants	
doi:10.1007/978-3-540-24605-3_21	candidate		2004	A Case for Efficient Solution Enumeration	model-enumeration	high	Historical case for partial rather than total solution enumeration	
doi:10.1109/fmcad.2013.6679390	candidate		2013	Computing prime implicants	model-enumeration	high	Linear-time CDCL-data-structure algorithm for shrinking one model to a prime implicant	
doi:10.1007/978-3-540-31980-1_19	candidate		2005	Efficient Conflict Analysis for Finding All Satisfying Assignments of a Boolean Circuit	model-enumeration	high	Circuit-native conflict analysis for exhaustive satisfying-assignment enumeration	
doi:10.1145/1065579.1065775	candidate		2005	Prime clauses for fast enumeration of satisfying assignments to boolean circuits	model-enumeration	high	Prime blocking clauses for compact exhaustive Boolean-circuit coverage	
doi:10.1109/vlsid.2014.22	candidate		2014	All-SAT Using Minimal Blocking Clauses	model-enumeration	high	Non-disjoint AllSAT using minimal blocking clauses	
doi:10.1109/ictai.2018.00111	candidate		2018	Dualizing Projected Model Counting	model-counting	medium	Dualized projected-model counting with an enumeration mode	
doi:10.1109/iccad51958.2021.9643520	candidate		2021	An Efficient Two-phase Method for Prime Compilation of Non-clausal Boolean Formulae	model-enumeration	high	Two-phase prime compilation of non-clausal Boolean formulas	
doi:10.1007/s10703-025-00478-1	deep-read		2025	Timed Causal Fanin Analysis	hardware	critical	Cycle-sensitive minimal causal fanin for symbolic circuit simulation	
doi:10.34727/2022/isbn.978-3-85448-053-2_16	excluded	E7-duplicate-version	2022	Timed Causal Fanin Analysis for Symbolic Circuit Simulation	hardware	medium	Conference precursor superseded by the expanded 2025 journal treatment	
doi:10.1109/tc.2010.58	candidate		2010	Conditional Partial Order Graphs: Model, Synthesis, and Application	configuration-semantics	high	Conditional partial-order graph representation of families of choices and event orders	
doi:10.1145/1450058.1450071	candidate		2008	Symbolic analysis for improving simulation coverage of Simulink/Stateflow models	model-based	high	Input regions preserving the discrete components of Simulink simulation traces	
doi:10.23919/date56975.2023.10137202	candidate		2023	Processor Verification using Symbolic Execution: A RISC-V Case-Study	hardware	medium	Conventional KLEE path exploration applied to RTL and instruction-set co-simulation	
arxiv:2110.12924	excluded	E7-duplicate-version	2021	On Enumerating Short Projected Models	model-enumeration	medium	Preprint superseded for manuscript claims by the expanded 2025 journal treatment	
doi:10.4230/lipics.sat.2023.15	excluded	E7-duplicate-version	2023	On CNF Conversion for Disjoint SAT Enumeration	model-enumeration	medium	Conference precursor superseded by the expanded 2025 JAIR treatment	
arxiv:2303.14971	excluded	E7-duplicate-version	2023	On CNF Conversion for SAT and SMT Enumeration	model-enumeration	medium	Preprint superseded by the expanded 2025 JAIR treatment	
arxiv:2407.10838	excluded	E7-duplicate-version	2024	Compositional Symbolic Execution for Correctness and Incorrectness Reasoning (Extended Version)	compositional-symbolic-execution	medium	Extended manuscript corresponding to the ECOOP 2024 publication	
doi:10.1007/978-3-540-78800-3_27	candidate		2008	RWset: Attacking Path Explosion in Constraint-Based Test Generation	path-equivalence	high	Sound path pruning by future read sets and observationally identical side effects	
doi:10.4230/lipics.iclp.2012.130	deep-read		2012	Improving Lazy Non-Deterministic Computations by Demand Analysis	functional-logic-search	critical	Demand analysis exposes nondeterministic arguments before lazy duplication and preserves complete search strategies	
doi:10.1007/978-3-030-75333-7_4	deep-read		2021	Memoized Pull-Tabbing for Functional Logic Programming	term-graphs	critical	Memoized pull-tabbing uses demand-populated fingerprints that are partial maps from stable choice identifiers to outcomes	
t:demanddrivensearchinfunctionallogicprograms	screened		1998	Demand-driven Search in Functional Logic Programs	functional-logic-search	high	Lazy tester-generator composition explores only dynamically demanded portions of a nondeterministic search space	https://www.univ-orleans.fr/lifo/membres/rety/publications.html
doi:10.1007/978-3-319-51676-9_1	screened		2017	Eliminating Irrelevant Non-determinism in Functional Logic Programs	functional-logic-search	high	Semantically irrelevant nondeterminism collapses reached alternatives when every complete result is equal	
doi:10.1007/978-3-031-76554-4_13	candidate		2024	Correct and Complete Symbolic Execution for Free	semantics	high	Symbolic SOS generates symbolic semantics with correctness and completeness by a generic rule-format theorem	
doi:10.1145/1015090.1015263	candidate		2004		hardware	high	Static functional-space decomposition separates control cases from datapath functions in symbolic simulation	
legacy:feng2003arrays	candidate		2003		hardware	medium	Dual-rail symbolic simulation separates control and datapath domains for embedded array verification	https://cecs.uci.edu/~papers/compendium94-03/papers/2003/aspdac03/pdffiles/03d_2.pdf
doi:10.1007/bfb0027000	candidate		1997	Optimal non-deterministic functional logic computations	functional-logic-search	high	Optimal nondeterministic functional-logic computation establishes minimal solution search and sharing foundations	
doi:10.1016/s0020-0190(98)00016-7	candidate		1998	Strongly sequential and inductively sequential term rewriting systems	term-graphs	high	Strong and inductive sequentiality characterize demand-directed rewriting structure	
doi:10.1016/j.entcs.2006.10.026	candidate		2007	Lazy Context Cloning for Non-Deterministic Graph Rewriting	term-graphs	high	Lazy context cloning gives a correct complete graph-rewrite strategy without eager context duplication	
doi:10.1145/1599410.1599420	deep-read		2009	Set Functions for Functional Logic Programming	functional-logic-search	critical	Set-function fingerprints retain executed nondeterministic steps and correctly group all internal results	
doi:10.1145/1273920.1273947	candidate		2007	A simple rewrite notion for call-time choice semantics	semantics	high	Let-rewriting makes sharing explicit and is proved equivalent to call-time-choice semantics	
doi:10.1007/978-3-540-78969-7_12	candidate		2008	Rewriting and Call-Time Choice: The HO Case	semantics	high	Extends rewriting and call-time-choice semantics to higher-order functional-logic programs	
doi:10.1016/s1571-0661(04)80784-9	candidate		2002	Demandness in Rewriting and Narrowing	demand-semantics	high	Demandness orders rewriting and narrowing strategies by the information used to choose computation steps	
doi:10.1145/2505879.2505881	candidate		2013	Are needed redexes really needed?	term-graphs	high	Graph implementation can avoid constructing redexes that are semantically needed in the term model	
doi:10.1007/978-3-030-16202-3_6	candidate		2019	Synthesizing Set Functions	functional-logic-search	high	Synthesizes set functions that reify all nondeterministic results in an explicit search tree	
doi:10.1007/978-3-319-90686-7_10	candidate		2018	Equivalence Checking of Non-deterministic Operations	semantics	high	Distinguishes ground result and contextual equivalences for nondeterministic operations	
doi:10.1145/3776699	candidate		2026	Domain-Theoretic Semantics for Functional Logic Programming	semantics	high	Fully abstract lower-powerdomain semantics deliberately quotients duplicate nondeterministic choices by returned values	
doi:10.1007/978-3-540-24730-2_3	candidate		2004	Minimal Assignments for Bounded Model Checking	model-enumeration	high	Computes partial assignments sufficient to entail bounded-model-checking objectives	
doi:10.1109/ictai.2005.69	candidate		2005	Good learning and implicit model enumeration	model-enumeration	high	Implicit model enumeration learns goods and simplifies overlapping partial assignments that cover all models	
doi:10.24963/ijcai.2022/259	candidate		2022	AllSATCC: Boosting AllSAT Solving with Efficient Component Analysis	model-enumeration	high	Component caching and decision-only partial assignments reduce repeated work in AllSAT enumeration	
doi:10.1145/174675.177907	excluded	E7-duplicate-version	1994	Value dependence graphs	term-graphs	medium	Conference precursor superseded by the complete 2000 JACM treatment	
doi:10.1017/s0956796811000189	candidate		2011	Purely functional lazy nondeterministic programming	functional-logic-search	high	Explicit sharing and late demand avoid executing unused lazy nondeterministic computations while collecting all result values	
doi:10.1145/1273920.1273936	candidate		2007	Computing with subspaces	functional-logic-search	high	Fairly enumerates every reachable result through computation spaces while preserving call-time choice and order independence	
doi:10.1145/3551357.3551370	excluded	E7-duplicate-version	2022	A Monadic Implementation of Functional Logic Programs	functional-logic-search	medium	Conference precursor superseded for manuscript claims by the expanded 2026 TPLP treatment	
doi:10.1017/s1471068426100453	screened		2026	A Monadic Implementation of Functional Logic Programs	functional-logic-search	high	Expanded monadic Curry implementation integrates branch-specific memoization complete language features determinism optimization and fair search	
doi:10.1145/3479394.3479411	candidate		2021	From Non-determinism to Goroutines: A Fair Implementation of Curry in Go	functional-logic-search	high	Fair Curry implementation separates nondeterministic result production from search using goroutines	
doi:10.1145/2505879.2505896	candidate		2013	A semantics for weakly encapsulated search in functional logic programs	functional-logic-search	high	Weakly encapsulated search formalizes which nondeterminism is collected under lazy evaluation and sharing	
t:thepulltabtransformation	deep-read		2010	The Pull-Tab Transformation	term-graphs	critical	Pull-tab graph nodes carry finite consistent choice-identifier fingerprints and preserve decisions across copied choices	https://web.cecs.pdx.edu/~antoy/homepage/publications/gcm10/paper.pdf
doi:10.1145/3756907.3756915	candidate		2025	Determinism Types for Functional Logic Programming	functional-logic-search	high	Determinism types statically classify result multiplicity and support elimination of irrelevant search	
doi:10.1007/978-3-642-24452-0_2	deep-read		2008	From Functional Logic Programs to Purely Functional Programs Preserving Laziness	functional-logic-search	critical	Pure functional translation uses stable choice IDs and demand-extends a partial choice assignment during lazy search	
doi:10.1145/3797074	candidate		2026	SmarTrim: Symbolic Execution for Smart Contracts Powered by Redundant Transaction-Sequence Pruning	path-equivalence	medium	Symbolic state trimming removes redundant exploration using future-observable behavior	
t:encapsulatingnondeterminisminfunctionallogiccomputations	candidate		2004	Encapsulating Non-Determinism in Functional Logic Computations	functional-logic-search	high	Operational semantics for encapsulating nondeterministic Curry computations under laziness and sharing	https://dblp.org/rec/journals/jflp/BrasselHH04
doi:10.1145/1085099.1085112	candidate		2005	Translating curry to haskell system demo	functional-logic-search	high	Pure functional prototype demand-extends a logical-variable store while representing call-time choice with identity arguments	
doi:10.1007/978-3-540-76637-7_9	deep-read		2007	On a Tighter Integration of Functional and Logic Programming	functional-logic-search	critical	Branching information is a lazily extended partial map from stable shared OR references to chosen positions	
doi:10.1007/978-3-642-22531-4_1	candidate		2011	KiCS2: A New Compiler from Curry to Haskell	functional-logic-search	high	Compiler operationalizes stable choice IDs and an exhaustively branched ID-to-decision map over explicit lazy search trees	
t:implementingfunctionallogicprogramsbytranslationintopurelyfunctionalprograms	deep-read		2011	Implementing Functional Logic Programs by Translation into Purely Functional Programs	functional-logic-search	critical	Formal adequacy of lazy choice-tree compilation uses stable choice IDs and consistent assignments; the concrete search demand-extends a finite partial ID-to-branch map	https://d-nb.info/1020245336/34
doi:10.1145/2338965.2336771	candidate		2012	Memoized symbolic execution	compositional-symbolic-execution	high	Trie-based reuse of path constraints and outcomes across successive bounded symbolic-execution runs	
doi:10.1145/276393.276396	candidate		1998	Isomorph-free model enumeration	model-enumeration	high	Sound incremental enumeration of one representative per isomorphism class of relational models	
doi:10.1016/j.scico.2019.03.006	candidate		2019	Symbolic state space reduction with guarded terms for rewriting modulo SMT	merged-evaluation	high	Nested guarded terms merge symbolic rewrite states with simulation and bisimulation results	
doi:10.1145/3704849	candidate		2025	Finite-Choice Logic Programming	model-enumeration	high	Choice-based least-fixed-point semantics and a correct algorithm for exploring constrained solution spaces	
t:ondelayedchoiceexecutionforfalsification	deep-read		2008	On Delayed Choice Execution for Falsification	demand-driven	critical	Bounded exhaustive guarded-command execution postpones nondeterministic values until they are forced and proves visible-state preservation	https://infoscience.epfl.ch/server/api/core/bitstreams/fa02f0c5-b893-40a3-9522-1c074a9df2ff/content
doi:10.1016/j.scico.2011.04.001	candidate		2012	Symbolic execution of Reo circuits using constraint automata	model-based	high	Symbolic input-output relations for cyclic Reo constraint automata without enumerating graph-relative observations	
doi:10.1109/date.1999.761163	candidate		1999	Symbolic functional vector generation for VHDL specifications	hardware	medium	Coverage-oriented symbolic generation of VHDL functional vectors rather than exhaustive observation classes	
doi:10.1145/224538.224648	candidate		1995	Gated SSA-based demand-driven symbolic analysis for parallelizing compilers	demand-driven	high	On-demand backward symbolic substitution over gated SSA and control dependences	
doi:10.1017/s0956796805005666	candidate		2005	The logic of demand in Haskell	demand-semantics	high	Programming logic formalizes mixed lazy and pattern-matching demand in Haskell	
doi:10.1145/349299.349341	candidate		2000	Caching function calls using precise dependencies	selective-computation	high	Pure functional evaluation records precise dynamic dependencies for sound reusable function-call caching	
doi:10.1007/978-3-662-49122-5_10	deep-read		2016	Exact symbolic heap summaries	heap-symbolic-execution	critical	Summarizes null, fresh-object, alias, and uninitialized reference cases in guarded value sets and proves exact GSE control-flow correspondence by bisimulation	
doi:10.1145/3563344	candidate		2022	Symbolic execution for randomized programs	semantics	medium	Extends path symbolic execution with probabilistic variables and path probabilities beyond deterministic functions	
doi:10.1145/3547628	candidate		2022	Verified symbolic execution with Kripke specification monads (and no meta-programming)	semantics	high	Mechanized Kripke-monadic semantics and verification of symbolic execution	
doi:10.1007/s00165-020-00527-y	candidate		2021	Symbolic execution formally explained	semantics	high	Formal relational account of symbolic execution and its concrete correspondence	
doi:10.1007/978-3-642-33125-1_18	candidate		2012	Symbolic Learning of Component Interfaces	compositional-symbolic-execution	high	Learns reusable symbolic component interfaces from compositional executions	
doi:10.1016/j.scico.2013.09.019	candidate		2014	Formal semantics, modular specification, and symbolic verification of product-line behaviour	conditional-values	high	Formal symbolic semantics compactly verifies product-line behavior across configurations	
doi:10.1145/337292.337336	candidate		2000	Reliable verification using symbolic simulation with scalar values	hardware	high	Scalar-valued symbolic simulation merges circuit cases for reliable verification	
doi:10.1145/267959.269970	candidate		1997	A practical framework for demand-driven interprocedural data flow analysis	dataflow-analysis	medium	Demand-driven interprocedural dataflow queries with memoized partial results	
doi:10.1109/tc.2008.165	candidate		2009	A Recursive Paradigm to Solve Boolean Relations	decision-diagrams	high	Recursive decomposition solves and represents Boolean relations with don't-care structure	
doi:10.1145/2970276.2970322	candidate		2016	On essential configuration complexity: measuring interactions in highly-configurable systems	conditional-values	medium	Measures configuration interactions after variational execution exposes essential behavioral differences	
doi:10.1016/s0743-1066(98)10029-8	candidate		1999	An approach to declarative programming based on a rewriting logic	semantics	medium	Foundational rewriting-logic account of lazy functional-logic computation	
doi:10.1007/3-540-17220-3_1	candidate		1987	Term-rewriting implementation of equational logic programming	semantics	medium	Term-rewriting implementation lineage for equational logic programming	
doi:10.1007/978-3-030-99336-8_4	candidate		2022	Extracting total Amb programs from proofs	functional-logic-search	medium	Extracts total programs with countable nondeterministic Amb search from proofs	
doi:10.1145/3314221.3314618	candidate		2019	Lazy counterfactual symbolic execution	demand-driven	high	Lazily explores counterfactual executions only when policy checks require them	
doi:10.15760/etd.3564	deep-read		2023	Implementing a Functional Logic Programming Language via the Fair Scheme	functional-logic-search	high	Expanded formalization and implementation of the Fair Scheme; proves value preservation and needed-step optimality but not duplicate-free projected enumeration	
doi:10.1145/1993316.1993533	excluded	E6-out-of-scope-model	2011	Evaluating value-graph translation validation for LLVM	dataflow-analysis	medium	Translation validation over LLVM value graphs without symbolic observation enumeration	
doi:10.1016/0304-3975(94)00172-f	excluded	E6-out-of-scope-model	1995	Symbolic bisimulations	semantics	medium	Symbolic bisimulation for value-passing processes rather than deterministic graph evaluation	
doi:10.1145/3660825	excluded	E4-application-only	2024	Natural Symbolic Execution-Based Testing for Big Data Analytics	symbolic-execution	medium	Application-specific prioritization of natural concrete tests over conventional symbolic paths	
doi:10.1017/s095679680400509x	excluded	E6-out-of-scope-model	2004	FUNCTIONAL PEARL Concurrent distinct choices	functional-logic-search	medium	Programming pearl constructs injective concurrent choices rather than enumerating demanded choice assignments	
doi:10.1007/978-3-319-14125-1_12	deep-read		2014	Compiling a Functional Logic Language: The Fair Scheme	functional-logic-search	critical	Fair work-queue evaluation with consistent choice fingerprints proves value preservation and needed-step optimality; eventual production is conjectural in the extended paper	
doi:10.1007/978-3-319-63139-4_6	screened		2017	A New Functional-Logic Compiler for Curry: Sprite	functional-logic-search	high	Operational Fair Scheme implementation uses a computation queue and fingerprints mapping choice identifiers to left right or either	
doi:10.1017/s1471068422000187	candidate		2022	From Logic to Functional Logic Programs	functional-logic-search	medium	Historical and semantic bridge from logic programming to demand-driven functional logic computation	
doi:10.3990/1.9789064642739	candidate		2008	Testing reactive systems with data : enumerative methods and constraint solving	model-based	medium	Separates enumerated reactive behavior from constraint-solved data during reusable conformance-test generation	
legacy:darbari2006ste	candidate		2006		hardware	medium	Enumerates symmetry-class representatives of STE properties rather than graph-relative selection observations	https://www.cs.ox.ac.uk/tom.melham/phd/Darbari-2007-SRS.pdf
doi:10.1145/244795.244800	candidate		1997	Abstract interpretation of reactive systems	abstract-interpretation	medium	Property-preserving abstract interpretation constructs reduced models of nondeterministic reactive systems	
doi:10.2172/1078549	excluded	E6-out-of-scope-model	2013	Compositional Dataflow Via Abstract Transition Systems	dataflow-analysis	medium	Compositional compiler dataflow analysis via abstract transition systems without concrete-input observation enumeration	
doi:10.1007/978-3-642-29822-6_5	candidate		2012	Compiling a Functional Logic Language: The Basic Scheme	functional-logic-search	high	Direct precursor compiles needed graph reduction but uses an incomplete left-biased root-choice policy	
doi:10.1145/566172.566191	deep-read		2002	Korat	model-enumeration	critical	Predicate-access-guided bounded exhaustive generation prunes suffixes and canonicalizes heap-shaped test inputs	
doi:10.1007/3-540-36577-x_40	candidate		2003	Generalized Symbolic Execution for Model Checking and Testing	symbolic-execution	high	Generalized symbolic execution lazily initializes complex inputs at first access	
doi:10.1109/ase.2006.26	candidate		2006	Bogor/Kiasan: A k-bounded Symbolic Execution for Checking Strong Heap Properties of Open Systems	symbolic-execution	high	Bounded symbolic execution lazily initializes heap structures and primitive fields for exhaustive checking	
doi:10.1109/ase.2001.989796	candidate		2001	Identification of high-level concept clones in source code	model-enumeration	medium	SAT-based specification-driven generation of structurally distinct bounded test inputs	
doi:10.1145/1806799.1806835	candidate		2010	Test generation through programming in UDITA	model-enumeration	high	Systematically executes nondeterministic test-generation programs using delayed choice and predicate-guided pruning	
legacy:gvero2015search	candidate		2015		model-enumeration	medium	Synthesizes code and test inputs using search-space pruning including UDITA delayed-choice execution	https://infoscience.epfl.ch/bitstreams/e7ca765e-c7a1-486f-a8a3-4cd4fd3fa07c/download
t:simulationofdoublegatesilicontunnelfetswithahighkgatedielectric	excluded	E3-secondary	2010	Simulation of Double-Gate Silicon Tunnel FETs with a High-k Gate Dielectric	symbolic-execution	low	Survey of software model-checking tools rather than a primary semantic or enumeration contribution	https://infoscience.epfl.ch/record/148596
doi:10.1109/tc.1984.1676477	candidate		1984	Verification Testing---A Pseudoexhaustive Test Technique	local-exhaustive-testing	high	Introduces exhaustive testing of every combinational output cone instead of the global input truth table	
doi:10.1109/ftcs.1989.105582	candidate		1989	Pseudo-Exhaustive Test and Segmentation: Formal Definitions and Extended Fault Coverage Results	local-exhaustive-testing	high	Formalizes segments and segmentations and extends pseudo-exhaustive fault coverage to segment test sets	
doi:10.1109/92.711313	candidate		1998	Bounds on Pseudoexhaustive Test Lengths	local-exhaustive-testing	high	Derives generic and circuit-specific bounds on test length for exhaustive coverage of every output cone	
doi:10.1109/test.2011.6139130	deep-read		2011	P-PET: Partial Pseudo-Exhaustive Test for High Defect Coverage	local-exhaustive-testing	critical	Defines cone-projected exhaustive coverage and synthesizes LFSR pattern sets by linear-independence checks and set cover	
doi:10.1109/test.1990.114082	candidate		1990	Generating pseudo-exhaustive vectors for external testing	local-exhaustive-testing	high	Generates shared global vectors that exhaustively cover each combinational output cone	
doi:10.1109/edac.1990.136612	candidate		1990	Tools and devices supporting the pseudo-exhaustive test	local-exhaustive-testing	medium	Surveys tools and devices for constructing pseudo-exhaustive circuit tests	
legacy:udell1986testset	candidate		1986		local-exhaustive-testing	medium	Generates hardware-friendly test sets that exhaustively exercise a selected circuit segment	https://dblp.org/rec/conf/iccad/Udell86
doi:10.1109/tc.1983.1676202	candidate		1983	Exhaustive Generation of Bit Patterns with Applications to VLSI Self-Testing	local-exhaustive-testing	high	Characterizes exhaustive projected bit-pattern generation by linear independence over shift-register sequences	
doi:10.1109/18.6031	candidate		1988	Vector sets for exhaustive testing of logic circuits	local-exhaustive-testing	high	Studies minimum vector sets for exhaustive coverage of specified input subsets and associated hardness	
doi:10.1145/157485.164880	candidate		1993	An efficient partitioning strategy for pseudo-exhaustive testing	local-exhaustive-testing	medium	Partitions output cones to reduce pseudo-exhaustive test application time with a polynomial heuristic	
doi:10.1109/itc50671.2022.00083	candidate		2022	PEPR: Pseudo-Exhaustive Physically-Aware Region Testing	local-exhaustive-testing	medium	Selects physical and logical circuit regions for exhaustive defect testing; a modern continuation of static support-local testing	
doi:10.1109/icassp49357.2023.10095698	deep-read		2023	Fast and Exact Enumeration of Deep Networks Partitions Regions	neural-region-enumeration	critical	Recursively LP-tests feasible CPA activation cells; a zero coordinate denotes an implied sign rather than structurally unobserved computation	
doi:10.1137/15m1027930	deep-read		2018	A New Algorithm for Enumeration of Cells of Hyperplane Arrangements	hyperplane-cell-enumeration	critical	Proves complete duplicate-free incremental enumeration of full-dimensional hyperplane cells with an OutputP bound	
t:boundingandcountinglinearregionsofdeepneuralnetworks	deep-read		2018	Bounding and Counting Linear Regions of Deep Neural Networks	neural-region-enumeration	critical	Exactly enumerates and counts feasible dense ReLU activation patterns by mixed-integer programming	https://proceedings.mlr.press/v80/serra18b.html
doi:10.1109/icra48506.2021.9561956	deep-read		2021	Reachable Polyhedral Marching	neural-region-enumeration	critical	Enumerates exact ReLU activation polyhedra together with affine residual maps by adjacency traversal	
doi:10.1137/24m1646996	deep-read		2025	Algorithmic Determination of the Combinatorial Structure of ReLU Regions	neural-region-enumeration	critical	Enumerates the full ReLU polyhedral complex and face poset using ternary sign sequences	
t:polyhedralcomplexextractionfromrelunetworksusingedgesubdivision	deep-read		2023	Polyhedral Complex Extraction from ReLU Networks Using Edge Subdivision	neural-region-enumeration	critical	Extracts an exact bounded ReLU polyhedral complex on a GPU by iterative edge subdivision	https://proceedings.mlr.press/v202/berzins23a.html
arxiv:2403.00860	deep-read		2024	Parallel Algorithms for Exact Enumeration of Deep Neural Network Activation Regions	neural-region-enumeration	critical	Gives a correctness argument and parameterized work analysis for parallel layerwise activation-region enumeration	
doi:10.1145/1411286.1411292	deep-read		2008	SmallCheck and Lazy SmallCheck	demand-driven-testing	critical	Property-demanded refinement of tagged partial inputs prunes every bounded total refinement once the Boolean observer is known	
legacy:runciman2009smallcheck	excluded	E7-duplicate-version	2009		demand-driven-testing	medium	Duplicate manuscript version of the Haskell 2008 Lazy SmallCheck paper	https://www.cs.york.ac.uk/fp/smallcheck/smallcheck.pdf
t:propertydirectedgenerationoffirstordertestdata	deep-read		2008	Property Directed Generation of First-Order Test Data	demand-driven-testing	critical	TFP 2007 paper published in 2008; enumerates partial constructor terms denoting exact sets of total refinements by refining property-blocking metavariables until the Boolean observer is known	https://research.chalmers.se/publication/111863
doi:10.1007/978-3-540-78969-7_23	candidate		2008	EasyCheck — Test Data for Free	demand-driven-testing	high	Narrowing-based systematic generation of demanded test data in functional-logic programs	
doi:10.1007/978-3-642-41582-1_4	screened		2012	Advances in Lazy SmallCheck	demand-driven-testing	high	Extends Lazy SmallCheck with functional tries, nested mixed quantification, demanded-position tags, and precise wildcard partial counterexamples	
doi:10.1007/978-3-642-38088-4_16	deep-read		2013	Bounded Lazy Initialization	symbolic-execution	high	Field-access-driven partial heaps use relational bounds and canonical labels to prune invalid or isomorphic completions	
doi:10.1109/tse.2015.2389225	deep-read		2015	BLISS	symbolic-execution	high	Proves bounded lazy initialization preserves valid lazy-initialization heaps while SAT rejects partial heaps with no valid completion	
doi:10.1145/3551349.3556965	deep-read		2022	LISSA	symbolic-execution	high	Target-demanded partial heaps summarize matching concrete paths while repOK-guided bounded search decides extendability	
doi:10.1109/issre59848.2023.00080	deep-read		2023	Precise Lazy Initialization	symbolic-execution	high	Joint heap and primitive path-condition feasibility preserves bounded lazy-initialization symbolic states	
doi:10.1145/1985793.1985947	excluded	E6-out-of-scope-model	2011	The lazy initialization multilayered modeling framework (NIER track)	metamodeling	low	Lazy multilayer metamodel instantiation rather than test-input or program-state demand	
doi:10.1145/2491411.2491433	excluded	E7-duplicate-version	2013	Enhancing symbolic execution with built-in term rewriting and constrained lazy initialization	symbolic-execution	medium	Preliminary lazy-initialization constraint-solving paper superseded by the full HEX treatment	
doi:10.1145/2786805.2786842	candidate		2015	Symbolic execution of programs with heap inputs	symbolic-execution	high	Full heap-input constraint-solving successor to preliminary LICS work	
doi:10.1002/stvr.1547	candidate		2014	RepOK‐based reduction of bounded exhaustive testing	model-enumeration	high	Partitions valid bounded-exhaustive inputs by repOK coverage and heuristically removes equivalent tests	
doi:10.1007/978-3-319-67549-7_3	deep-read		2017	Effective Infinite-State Model Checking by IECP	observer-equivalence	critical	Enumerates a finite exact input partition preserving every state class's transition behavior over an infinite input domain and minimizes it to a coarsest partition	
doi:10.1007/s00165-016-0402-2	candidate		2017	Complete model-based equivalence class testing for nondeterministic systems	observer-equivalence	high	Lifts complete FSM testing to input-equivalence classes for nondeterministic systems over possibly infinite input domains	
doi:10.1016/j.scico.2023.103005	deep-read		2024	Exhaustive property-oriented SFSM testing	observer-equivalence	critical	Enumerates every satisfiable Boolean atom of a fixed guard/output/property alphabet and proves exhaustive property-oriented test suites over the induced exact classes	
doi:10.1007/s10515-007-0015-3	candidate		2007	JWalk: a tool for lazy, systematic testing of java classes by design introspection and user interaction	model-enumeration	medium	Boundedly explores method sequences and groups object states by finite Boolean observer vectors while acquiring human oracles lazily	
doi:10.1145/3293882.3330554	candidate		2019	Deferred Concretization in Symbolic Execution via Fuzzing	symbolic-execution	high	Deferred concretization combines fuzzing and solving to avoid eagerly fixing values, but provides neither exact exhaustive class enumeration nor a completeness theorem	
doi:10.1109/scam.2007.30	candidate		2007	Finding Inputs that Reach a Target Expression	demand-driven-testing	high	Searches demanded partial inputs for values that reach a chosen target expression; the observer-targeted sibling of Lazy SmallCheck	
doi:10.1007/978-3-642-35308-6_10	candidate		2012	The New Quickcheck for Isabelle	model-enumeration	medium	Counterexample search for Isabelle predicates using exhaustive, random, and narrowing-based generators	
doi:10.1145/3158133	candidate		2017	Generating good generators for inductive relations	model-enumeration	high	Derives property-based generators from inductive relations while preserving generation correctness	
doi:10.1007/978-3-642-34407-7_5	candidate		2011	Lazy Generation of Canonical Test Programs	demand-driven-testing	high	Lazily generates canonical small programs to remove observationally redundant test cases	
doi:10.1007/978-3-030-31157-5_12	candidate		2019	Property-Based Test Case Generators for Free	model-enumeration	high	Derives property-based test generators from executable specifications using functional-logic search	
doi:10.1145/3236797	candidate		2018	Keep your laziness in check	demand-driven-testing	high	StrictCheck combines lazy observations and partial values to test strictness properties exhaustively	
doi:10.1145/3689745	candidate		2024	Refinement Type Refutations	demand-driven-testing	high	Uses refinement-type refutations and partial counterexamples to prune property-based search	
doi:10.1145/3205368.3205371	candidate		2017	Extrapolate	model-enumeration	high	Extrapolates finite test evidence into conjectures and counterexamples for Haskell properties	
doi:10.1007/978-3-642-34005-5_11	candidate		2012	Using Narrowing to Test Maude Specifications	model-enumeration	medium	Applies narrowing to systematically produce test data satisfying Maude specifications	
doi:10.1145/2001420.2001465	candidate		2011	High coverage testing of Haskell programs	demand-driven-testing	high	Combines symbolic evaluation and constraint solving to generate high-coverage Haskell tests	
doi:10.1007/978-3-642-28717-6_14	candidate		2012	Smart Testing of Functional Programs in Isabelle	model-enumeration	medium	Integrates exhaustive and narrowing-based functional-program testing in Isabelle	
doi:10.1007/978-3-319-51676-9_7	candidate		2016	Failing Faster: Overlapping Patterns for Property-Based Testing	demand-driven-testing	high	Uses overlapping patterns to expose property failures earlier during systematic test generation	
legacy:fischer2010thesis	candidate		2010		functional-logic	high	Develops functional-logic testing methods including the expanded EasyCheck lineage	https://openalex.org/W2157533082
legacy:fowler2019narrowing	candidate		2019		demand-driven-testing	high	Systematically studies narrowing-based property testing and demand-guided generation	https://eprints.nottingham.ac.uk/57009/
doi:10.1109/icst46399.2020.00016	candidate		2020	MiMIs: Simple, Efficient, and Fast Bounded-Exhaustive Test Case Generators	model-enumeration	high	Generates bounded-exhaustive complex structures with simple executable generator interfaces	
doi:10.1145/3183440.3195002	candidate		2018	Efficient iterative deepening for bounded exhaustive generation of complex structures	model-enumeration	high	Uses efficient iterative deepening for bounded-exhaustive generation of complex structures	
doi:10.1109/tse.2005.52	candidate		2005	Software assurance by bounded exhaustive testing	model-enumeration	high	Establishes software assurance by bounded-exhaustive test generation and execution	
doi:10.1145/3133918	candidate		2017	Bounded exhaustive test-input generation on GPUs	model-enumeration	high	Parallelizes bounded-exhaustive test-input generation on GPUs	
doi:10.1016/j.scico.2024.103153	candidate		2024	BEAPI: A tool for bounded exhaustive input generation from APIs	model-enumeration	high	Generates bounded-exhaustive inputs from executable API construction sequences	
doi:10.1007/978-3-642-00593-0_12	candidate		2009	Reducing the Costs of Bounded-Exhaustive Testing	model-enumeration	high	Reduces bounded-exhaustive testing costs with abstraction and state-space pruning	
doi:10.1016/0304-3975(91)90082-d	candidate		1991	An extensional fixed-point semantics for nondeterministic data flow	semantics	high	Studies extensional semantics for nondeterministic computations and result equivalence	
t:dblpsearchforhennessysemanticsnondeterminism1980	candidate		1980	"dblp: Search for ""Hennessy semantics nondeterminism 1980"""	semantics	high	Foundational semantic treatment of nondeterminism and observable results	https://dblp.org/search?q=Hennessy%20semantics%20nondeterminism%201980
doi:10.14264/192541	candidate		1994	A refinement calculus for nondeterministic expressions	semantics	medium	Develops a refinement calculus for nondeterministic expressions	
doi:10.1145/3808306	candidate		2026	Soteria: Efficient Symbolic Execution as a Functional Library: Perhaps You Should Write Your Own Symbolic Execution Engine!	symbolic-execution	high	Builds symbolic execution as a functional library with explicit sharing and effect structure	
doi:10.1017/s0956796824000133	candidate		2024	From high to low: Simulating nondeterminism and state with state	semantics	high	Simulates nondeterminism and state through an algebraic high-to-low translation	
doi:10.1587/transinf.2018edp7298	candidate		2019	SCSE: Boosting Symbolic Execution via State Concretization	symbolic-execution	medium	Uses state concretization to control symbolic-execution path explosion	
doi:10.1145/3158128	candidate		2018	Symbolic types for lenient symbolic execution	symbolic-execution	high	Represents lenient symbolic execution with symbolic types and deferred failures	
doi:10.1109/test.2005.1584040	candidate		2005	Gate exhaustive testing	local-exhaustive-testing	medium	Defines gate-exhaustive circuit testing, a local exhaustive hardware criterion	
doi:10.1109/vts69484.2026.11563331	candidate		2026	Late Breaking Results - Diagnostic Test Templates for Two-Cycle Gate-Exhaustive Faults	local-exhaustive-testing	medium	Constructs diagnostic templates for two-cycle gate-exhaustive faults	
doi:10.1007/978-3-032-04167-8_7	candidate		2026	Exploiting Partial-Assignment Enumeration in Optimization Modulo Theories	model-enumeration	high	Exploits partial-assignment enumeration inside optimization modulo theories	
doi:10.1007/bf01582107	candidate		1979	Preventing redundant solutions in partial enumeration algorithms	model-enumeration	medium	Avoids redundant solutions during partial enumeration	
doi:10.1109/access.2019.2927041	candidate		2019	Augmenting Negation Normal Form With Irrelevant Variables	knowledge-compilation	high	Augments negation normal form with explicit irrelevant variables, a logical omission representation	
doi:10.1145/2642937.2642951	candidate		2014	Targeted test input generation using symbolic-concrete backward execution	symbolic-execution	high	Uses symbolic-concrete backward execution to generate inputs for a chosen target	
doi:10.1109/ast58925.2023.00012	candidate		2023	Structural Test Input Generation for 3-Address Code Coverage Using Path-Merged Symbolic Execution	symbolic-execution	high	Generates structural-coverage inputs with path-merged symbolic execution	
doi:10.1007/bf03259389	deep-read		1994	Stability, Sequentiality and Demand Driven Evaluation in Dataflow	demand-semantics	critical	Characterizes existence of a least legal output-complete valuation by stability for fixed inputs and output-position demands	
doi:10.1007/3-540-16042-6_23	excluded	E7-duplicate-version	1985	Demand-Driven Evaluation on Dataflow Machine	demand-semantics	low	One-page invited-talk record whose substantive result is covered by Pingali and Arvind Part 1	
doi:10.1145/3318.3480	deep-read		1985	Efficient Demand-Driven Evaluation. Part 1	demand-semantics	critical	Transforms stream dataflow graphs with reverse demand edges and proves compositional correctness and parsimony properties	
doi:10.1145/5001.5003	screened		1986	Efficient Demand-Driven Evaluation. Part 2	demand-semantics	high	Replaces microscopic demand propagation with global transformations and proves safety and termination properties	
doi:10.1016/0743-7315(90)90036-o	screened		1990	Efficient Data-Driven Evaluation: Theory and Implementation	demand-semantics	high	Propagates termination through a backwards graph of critical nodes to suppress useless runtime branches	
legacy:kahn1974semantics	candidate		1974		dataflow-semantics	high	Foundational continuous stream-function and least-fixed-point semantics for process networks	https://www.cs.columbia.edu/~sedwards/papers/kahn1974semantics.pdf
doi:10.1007/3-540-08860-1_7	candidate		1978	Stable models of typed λ-calculi	demand-semantics	high	Introduces stable functions used by later least-demanded-computation characterizations	
doi:10.1007/3-540-07389-2_226	candidate		1975	On representation of sequential and parallel functions	demand-semantics	high	Foundational sequential and effectively sequential function notions	
doi:10.1007/3540543961_16	candidate		1991	Reasoning about simple and exhaustive demand in higher-order lazy languages	demand-semantics	medium	Uses strictness types to distinguish simple from exhaustive demand in higher-order lazy programs	
doi:10.1016/0165-6074(90)90167-8	candidate		1990	A demand-driven macro-dataflow schema for distributed graph reduction on multiple G-machines	demand-semantics	medium	Operational demand-driven graph reduction over a distributed macro-dataflow machine	
doi:10.1145/3485543	candidate		2021	Programming and execution models for parallel bounded exhaustive testing	model-enumeration	high	Parallel exhaustive exploration of hybrid imperative/declarative bounded test generators on CPUs and GPUs	
doi:10.1145/3611643.3616287	candidate		2023	State Merging with Quantifiers in Symbolic Execution	multipath	high	Partitions merge-compatible symbolic states and encodes their merged path constraints and memories with quantifiers	
doi:10.1109/tse.1975.6312837	candidate		1975	A system for reliable engineering software	testing-theory	medium	Foundational domain-based theory of test-data selection and revealing criteria	
doi:10.1145/351240.351266	candidate		2000	QuickCheck	property-based-testing	high	Introduces random property-based testing with typed generators and shrinking	
t:parallelevaluationstrategiesforfunctionallogiclanguages	candidate		1997	Parallel Evaluation Strategies for Functional Logic Languages	functional-logic-search	medium	Compares parallel evaluation strategies for functional-logic languages	https://dblp.org/rec/conf/iclp/AntoyEH97
doi:10.1145/258948.258958	candidate		1997	Flexible representation analysis	functional-logic-search	high	Gives a unified operational computation model for functional and logic programming	
doi:10.1016/0166-218x(95)00026-n	deep-read		1996	Reverse Search for Enumeration	hyperplane-cell-enumeration	critical	Reverse search enumerates every full-dimensional affine-arrangement cell exactly once in O(m n l(m,n) |C|) time and O(mn) space without general-position assumptions	
doi:10.1007/bfb0054377	deep-read		1998	Output-Sensitive Cell Enumeration in Hyperplane Arrangements	hyperplane-cell-enumeration	critical	Improves reverse-search cell enumeration to O(m |C|) arithmetic time for fixed dimension, with polynomial-rate output and O(m^2) space	
doi:10.1137/0215024	candidate		1986	Constructing Arrangements of Lines and Hyperplanes with Applications	hyperplane-cell-enumeration	medium	Classical construction algorithm for arrangements of lines and hyperplanes	
doi:10.1090/memo/0154	candidate		1975	Facing up to arrangements: face-count formulas for partitions of space by hyperplanes	hyperplane-cell-enumeration	medium	Classical face-count formulas for hyperplane arrangements	
arxiv:2008.09052	candidate		2020	On transversality of bent hyperplane arrangements and the topological expressiveness of ReLU neural networks	neural-region-enumeration	high	Studies bent-hyperplane transversality and topological expressiveness of ReLU networks	
arxiv:1402.1869	candidate		2014	On the Number of Linear Regions of Deep Neural Networks	neural-region-enumeration	high	Foundational lower bounds and structural analysis for ReLU linear regions	
arxiv:1906.00904	candidate		2019	Deep ReLU Networks Have Surprisingly Few Activation Patterns	neural-region-enumeration	high	Studies realizable activation patterns and their empirical sparsity in deep ReLU networks	
arxiv:1901.09021	candidate		2019	Complexity of Linear Regions in Deep Networks	neural-region-enumeration	high	Analyzes expected linear-region complexity in deep networks	
arxiv:2003.01226	screened		2020	Reachability Analysis for Feed-Forward Neural Networks Using Face Lattices	neural-region-enumeration	high	Retains original-input subpolytopes with affine maps while computing exact ReLU reachable sets by face lattices	
arxiv:1712.08163	screened		2017	Reachable Set Computation and Safety Verification for Neural Networks with ReLU Activations	neural-region-enumeration	high	Computes exact layerwise reachable unions of polyhedra for ReLU networks	
doi:10.1007/978-3-030-30942-8_39	deep-read		2019	Star-Based Reachability Analysis of Deep Neural Networks	neural-region-enumeration	high	Uses exact star sets to retain input predicates and affine images and reconstruct complete unsafe input sets	
arxiv:1910.03879	deep-read		2020	Dissecting Deep Neural Networks	neural-region-enumeration	high	Converts fully connected ReLU networks exactly into explicit region and affine-map pairs	
doi:10.1007/978-3-030-53288-8_4	screened		2020	Improved Geometric Path Enumeration for Verifying ReLU Neural Networks	neural-region-enumeration	high	Enumerates every dense ReLU path for an input set by exact star splitting	
doi:10.1007/978-3-030-72013-1_15	screened		2021	SyReNN: A Tool for Analyzing Deep Neural Networks	neural-region-enumeration	high	Constructs exact low-dimensional convex partitions for several piecewise-linear layer kinds	
arxiv:2105.07776	screened		2021	DISCO Verification	neural-region-enumeration	high	Enumerates feasible facets and their linear functions for exact neural-network behavior partitioning	
t:traversingthelocalpolytopesofreluneuralnetworks	screened		2022	Traversing the Local Polytopes of ReLU Neural Networks	neural-region-enumeration	high	Proves complete traversal of every nonempty ReLU local polytope intersecting a bounded convex region	https://openreview.net/pdf?id=EQjwT2-Vaba
doi:10.24963/ijcai.2022/492	screened		2022	Estimation and Comparison of Linear Regions for ReLU Networks	neural-region-enumeration	high	Distinguishes activation regions from maximal affine regions and merges connected equal-map cells	
t:splinecam	screened		2023	SplineCam	neural-region-enumeration	high	Constructs exact bounded two-dimensional CPWL partitions and per-region affine functions across heterogeneous layers	https://openaccess.thecvf.com/content/CVPR2023/html/Humayun_SplineCam_Exact_Visualization_and_Characterization_of_Deep_Network_Geometry_and_CVPR_2023_paper.html
doi:10.1007/978-3-032-09645-6_10	screened		2025	Computing Linear Regions in Neural Networks with Skip Connections	neural-region-enumeration	high	Enumerates exact activation vectors, region inequalities, and affine maps for networks with skip connections	
arxiv:2605.06218	screened		2026	AffineLens	neural-region-enumeration	high	Proves exhaustive bounded-domain BFS enumeration across broad neural architectures under full-dimensional assumptions	
doi:10.1007/bf00116251	screened		1986	Induction of Decision Trees	decision-trees	high	Classifies one input by evaluating only tests on its selected root-to-leaf path	
doi:10.1145/1596550.1596556	excluded	E7-duplicate-version	2009	Purely functional lazy non-deterministic programming	functional-logic-search	medium	Conference version of the purely functional lazy nondeterminism development; claims use the expanded 2011 journal treatment	
legacy:naylor2008thesis	excluded	E7-duplicate-version	2008		demand-driven-testing	medium	Dissertation lineage retained for discovery; claims use the peer-reviewed target-directed and Lazy SmallCheck papers	https://www.cs.york.ac.uk/library/reports/2009/YCST/02/YCST-2009-02.pdf
t:mediatummedienundpublikationsserver	excluded	E7-duplicate-version	2013	mediaTUM - Medien- und Publikationsserver	model-enumeration	medium	Dissertation lineage retained for discovery; claims use the peer-reviewed counterexample-generation treatments	https://mediatum.ub.tum.de/1115870
t:propertybasedtestingandpropertiesastypesahybridapproachtosupercompilerverificati	excluded	E7-duplicate-version	2013	Property-based Testing and Properties as Types: A hybrid approach to supercompiler verification - White Rose eTheses Online	demand-driven-testing	medium	Dissertation lineage retained for discovery; claims use the peer-reviewed Lazy SmallCheck developments	https://etheses.whiterose.ac.uk/id/eprint/5650/
doi:10.25560/7095	excluded	E7-duplicate-version	2011	Finding The Lazy Programmer's Bugs	demand-driven-testing	medium	Dissertation lineage retained for discovery; claims use the peer-reviewed high-coverage testing paper	
doi:10.1007/s12532-024-00266-8	deep-read		2025	B-differential enumeration	hyperplane-cell-enumeration	critical	Enumerates the B-differential of componentwise affine minima through complete central-arrangement cell enumeration with newer circuit and incremental algorithms	
doi:10.1080/00207170903159285	deep-read		2010	compositional hybrid mode enumeration	compositional-mode-enumeration	critical	Enumerates feasible modes of composed discrete hybrid automata by residual substitution and emits an equivalent guard-plus-affine PWA model	
doi:10.1007/3-540-36580-x_18	excluded	E7-duplicate-version	2003	Efficient Mode Enumeration of Compositional Hybrid Systems	compositional-mode-enumeration	medium	Conference version establishing priority for compositional hybrid mode enumeration; claims use the expanded journal treatment	
doi:10.1016/j.automatica.2007.11.027	deep-read		2008	optimal reduction of polyhedral piecewise systems	piecewise-region-minimization	critical	Computes exact minimum-cardinality disjoint or overlapping polyhedral representations by merging same-behavior cells under representation and solver qualifications	
doi:10.1109/cdc.2006.377799	deep-read		2006	reverse search for parametric linear programming	parametric-region-enumeration	critical	Proves duplicate-free output-sensitive reverse-search enumeration of full-dimensional pLP critical regions whose bases reconstruct affine optimizers	
doi:10.1016/j.ejor.2003.04.011	deep-read		2005	ray-shooting reverse search for central arrangements	hyperplane-cell-enumeration	critical	Proves pre-Rada ray-shooting reverse search for central-arrangement cells in output-polynomial time and input-polynomial working space	
doi:10.1016/j.jsc.2003.08.007	candidate		2004	From the zonotope construction to the Minkowski addition of convex polytopes	hyperplane-cell-enumeration	high	Relates zonotope construction to arrangement-region enumeration and compact parallel reverse search	
doi:10.1016/j.dam.2020.02.014	candidate		2021	Enumerating models of DNF faster: Breaking the dependency on the formula size	model-enumeration	high	Gives duplicate-free DNF model enumeration with fixed-width constant delay and monotone-DNF delay bounds	
doi:10.1016/j.dam.2018.06.038	candidate		2019	Incremental delay enumeration: Space and time	enumeration-complexity	high	Develops incremental-delay classes and time-space tradeoffs for enumeration algorithms	
doi:10.1093/bioinformatics/bty550	candidate		2018	Flux tope analysis: studying the coordination of reaction directions in metabolic networks	hyperplane-cell-enumeration	high	Enumerates feasible metabolic reaction-direction sign vectors with an adapted sparse reverse search	
doi:10.1007/978-3-030-66723-8_29	candidate		2021	Efficient Contact Mode Enumeration in 3D	contact-mode-enumeration	high	Enumerates all feasible 3D contact-mode assignments and their associated dynamical cases	
doi:10.1109/tac.2015.2465212	candidate		2016	Minimal Conjunctive Normal Expression of Continuous Piecewise Affine Functions	piecewise-function-representation	high	Computes minimum-parameter conjunctive normal expressions of continuous PWA functions through prime implicants and binary optimization	
doi:10.1109/cdc.2010.5717578	excluded	E7-duplicate-version	2010	Performance-lossless complexity reduction in Explicit MPC	piecewise-region-minimization	medium	Conference precursor of the expanded clipping-based journal treatment retained for priority	
doi:10.1016/j.automatica.2018.10.042	candidate		2019	Robust region elimination for piecewise affine control laws	piecewise-region-minimization	medium	Eliminates PWA controller regions proven unreachable from a specified initial set under uncertainty	
doi:10.1007/978-3-642-33125-1_6	candidate		2012	Polyhedral Analysis Using Parametric Objectives	parametric-region-enumeration	high	Uses parametric objectives to enumerate only nonredundant inequalities of polyhedral projections for program analysis	
doi:10.1002/cpe.6050	candidate		2020	A task‐based approach to parallel parametric linear programming solving, and application to polyhedral computations	parametric-region-enumeration	high	Parallelizes parametric-linear-program region discovery and redundancy elimination with a task-based scheme	
doi:10.1016/s0925-7721(01)00004-9	candidate		2001	Convexity recognition of the union of polyhedra	polyhedral-union-analysis	high	Recognizes convexity of polyhedral unions and constructs an exact representation when convex	
doi:10.1137/0213031	candidate		1984	Convex Partitions of Polyhedra: A Lower Bound and Worst-Case Optimal Algorithm	polyhedral-partitioning	high	Establishes lower bounds and worst-case optimal algorithms for convex partitions of polyhedra	
doi:10.3182/20120823-5-nl-3013.00079	screened		2012	Some remarks upon the characteristics of the explicit representation of the MPC problem	parametric-region-enumeration	medium	Bounds admissible MPC active sets and partially constructs an explicit partition, without an output quotient or equivalence theorem	
doi:10.1109/pc52310.2021.9447473	deep-read		2021	same-first-action sets for nonlinear MPC	piecewise-region-minimization	high	Extends same-first-action grouping to nonlinear MPC with sound inner approximations and exact fallback	
arxiv:2009.08764	deep-read		2020	requested-first-action grouping in explicit MPC	output-relative-equivalence	high	Proves that distinct explicit-MPC active-set regions can share the requested first action while later horizon actions differ; its three-work forward set adds no stronger maximality completeness or complexity result	
doi:10.1109/tac.2015.2417851	deep-read		2015	mpQP regions using NNLS polyhedral operations	parametric-region-enumeration	high	Constructs full-dimensional strict-convex mpQP critical regions under degeneracy using QP duality and nonnegative least-squares polyhedral operations	
doi:10.1109/tac.2011.2179428	deep-read		2012	exact clipped factorization of a PWA controller	piecewise-region-minimization	high	Constructs an exact filtered factorization by extending unsaturated affine pieces and clipping the result; pointwise identical but nonminimal	
doi:10.1016/j.automatica.2011.07.011	screened		2012	exact explicit MPC under nonconvex polyhedral constraints	parametric-region-enumeration	medium	Constructs an exact optimal-controller relation under nonconvex polyhedral constraints using region subdivision and sound but incomplete SOS pruning	
doi:10.1007/s10957-012-0022-9	candidate		2012	Enhancements on the Hyperplanes Arrangements in Mixed-Integer Programming Techniques	polyhedral-union-analysis	medium	Uses hyperplane arrangements and Boolean cell merging to represent complements and disconnected unions of polyhedra exactly; heuristic minimization may be nonminimum	
doi:10.1016/j.automatica.2013.02.018	deep-read		2013	exact separator representation of saturated outputs	piecewise-function-representation	high	Constructs an exact separator-based representation that removes saturated controller regions without a minimum or canonical guarantee	
doi:10.1023/b:jota.0000004869.66331.5c	screened		2003	geometric multiparametric-LP enumeration	parametric-region-enumeration	high	Exhaustively constructs full-dimensional multiparametric-LP critical regions and recovers affine optimizers by active-set exploration; 22-reference primary bibliography and 179-record COCI forward set audited	
doi:10.1016/j.automatica.2007.03.008	deep-read		2007	symbolic perturbation for degenerate mpLPs	parametric-region-enumeration	high	Uses symbolic lexicographic perturbation for complete degeneracy-safe mpLP region enumeration with a unique continuous affine optimizer; 23-reference primary bibliography and 49-record COCI forward set audited	
doi:10.3182/20050703-6-cz-1902.00903	candidate		2005	A METHOD FOR OBTAINING CONTINUOUS SOLUTIONS TO MULTIPARAMETRIC LINEAR PROGRAMS	parametric-region-enumeration	high	Constructs continuous solutions to multi-parametric linear programs across critical regions	
doi:10.1007/bf02293050	candidate		1992	A pivoting algorithm for convex hulls and vertex enumeration of arrangements and polyhedra	polyhedral-enumeration	high	Gives the earlier output-sensitive pivoting algorithm for convex hulls and vertex enumeration	
doi:10.1016/j.automatica.2010.06.008	deep-read		2010	degeneracy-safe convex-pQP region traversal	parametric-region-enumeration	high	Completely traverses full-dimensional convex-pQP critical regions and discovers every neighbor across a facet without nondegeneracy or facet-to-facet assumptions; 49-reference publisher bibliography and 45-record COCI forward set audited	
doi:10.1080/10556788.2019.1692344	candidate		2021	mts: a light framework for parallelizing tree search codes	parallel-enumeration	medium	Provides a lightweight parallel framework for reverse-search and other tree-search codes	
doi:10.1007/s12532-017-0129-y	candidate		2018	mplrs: A scalable parallel vertex/facet enumeration code	parallel-enumeration	medium	Implements scalable parallel reverse-search vertex and facet enumeration	
doi:10.1007/978-3-030-63618-0_14	candidate		2020	Combining Zonotope Abstraction and Constraint Programming for Synthesizing Inductive Invariants	zonotope-analysis	medium	Uses arrangement-sign enumeration inside recursive zonotope tiling for invariant synthesis	
doi:10.1007/s10107-024-02079-y	candidate		2024	A normal fan projection algorithm for low-rank optimization	low-rank-optimization	medium	Uses normal-fan projection for low-rank optimization over polytopes	
doi:10.1016/j.comgeo.2021.101809	deep-read		2022	rational zonotope-vertex traversal	zonotope-enumeration	high	Gives a self-contained rational-bit-model output-polynomial zonotope-vertex traversal; it retains output-sized state and does not improve the Ferrez LP-relative bound	
doi:10.1007/978-3-032-03844-9_9	deep-read		2026	symmetry-aware zonotope enumeration	zonotope-enumeration	high	Adds symmetry-orbit representatives and instance-specific filters to layered zonotope-vertex enumeration without improving the generic worst-case bound	
arxiv:2009.08332	screened		2020	empirical capped same-action enumeration	output-relative-equivalence	medium	Empirically evaluates a capped sound-incomplete enumeration of active-set polytopes sharing the requested first action; adds no maximal quotient completeness or asymptotic bound	
doi:10.1016/s0005-1098(02)00250-9	candidate		2003	An algorithm for multi-parametric quadratic programming and explicit MPC solutions	parametric-region-enumeration	high	Foundational active-set algorithm for multi-parametric quadratic programming and explicit MPC solution maps	
doi:10.1109/acc.2005.1470060	excluded	E7-duplicate-version	2005	Unique polyhedral representations of continuous selections for convex multiparametric quadratic programs	parametric-region-enumeration	medium	Conference precursor of the retained unique minimum-norm polyhedral-selection article	
doi:10.1007/11832225_25	excluded	E7-duplicate-version	2006	Primal-Dual Enumeration for Multiparametric Linear Programming	parametric-region-enumeration	medium	Primal-dual pLP enumeration version adjacent to the retained reverse-search treatment	
doi:10.1109/cdc.2006.377330	candidate		2006	On the continuity and complexity of control laws based on multiparametric linear programs	parametric-region-enumeration	medium	Analyzes continuity and complexity of explicit control laws derived from multiparametric linear programs	
doi:10.1109/cdc.2006.377797	deep-read		2006	full-dimensional parametric LCP enumeration	parametric-region-enumeration	high	Completely enumerates full-dimensional positive-semidefinite pLCP critical regions under lexicographic perturbation; direct precursor to the sufficient-matrix algorithm	
doi:10.1007/s10957-007-9215-z	deep-read		2007	canonical minimum-norm pQP selection	parametric-region-enumeration	high	Constructs a unique continuous minimum-norm pQP selection and algorithm-independent polyhedral representation under explicit assumptions	
doi:10.1007/s10957-008-9384-4	deep-read		2008	polyhedral projection and pLP interreduction	parametric-region-enumeration	high	Proves polynomial input and output conversions in both directions between polyhedral projection and parametric linear programming	
doi:10.1090/crmp/048/04	deep-read		2009	output-sensitive sufficient-matrix pLCP enumeration	parametric-region-enumeration	high	Gives explicit per-output LP-oracle bounds for general-position and lexicographically perturbed sufficient-matrix pLCP enumeration, including pLP and convex pQP	
doi:10.1016/j.ejor.2009.04.019	candidate		2010	Multiparametric linear programming: Support set and optimal partition invariancy	parametric-region-enumeration	medium	Establishes support-set and optimal-partition invariance for multiparametric linear programs	
doi:10.1016/j.automatica.2011.04.003	candidate		2011	Convex parametric piecewise quadratic optimization: Theory and algorithms	parametric-region-enumeration	high	Extends exact parametric-region methods to convex piecewise-quadratic objectives	
doi:10.1109/acc.2012.6315197	candidate		2012	Vertex based calculation of explicit MPC laws	parametric-region-enumeration	medium	Constructs explicit MPC laws from a vertex-based exact partition method	
doi:10.1016/j.automatica.2015.05.021	candidate		2015	Explicit hybrid model-predictive control: The exact solution	parametric-region-enumeration	medium	Constructs exact explicit hybrid-MPC solution maps	
doi:10.1016/j.ejor.2016.04.043	candidate		2016	A two-phase algorithm for the multiparametric linear complementarity problem	parametric-region-enumeration	high	Provides a two-phase pLCP algorithm with improved treatment of degenerate worst cases	
doi:10.1016/j.automatica.2016.10.005	candidate		2017	Explicit model predictive control: A connected-graph approach	parametric-region-enumeration	high	Computes complete explicit mpQP solutions through a connected active-set graph	
doi:10.1007/s10957-018-1281-x	candidate		2018	An Improved Multi-parametric Programming Algorithm for Flux Balance Analysis of Metabolic Networks	parametric-region-enumeration	medium	Handles degeneracy and multiple optima in parametric flux-balance analysis using generalized inverses and auxiliary objectives	
doi:10.1007/978-3-030-32304-2_11	screened		2019	verified mixed-numeric parametric LP exploration	parametric-region-enumeration	high	Combines floating-point basis proposals with exact rational verification, adjacency checking, and degeneracy-safe pLP region exploration	
doi:10.1007/978-3-030-22750-0_52	excluded	E7-duplicate-version	2019	Parallel Parametric Linear Programming Solving, and Application to Polyhedral Computations	parametric-region-enumeration	medium	Conference precursor of the retained task-parallel journal treatment	
doi:10.1007/s11081-020-09535-6	candidate		2020	A space exploration algorithm for multiparametric programming via Delaunay triangulation	parametric-region-enumeration	medium	Explores multiparametric-program parameter spaces with Delaunay triangulation and large-region prioritization	
doi:10.1007/s10898-020-00933-9	candidate		2020	The exact solution of multiparametric quadratically constrained quadratic programming problems	parametric-region-enumeration	medium	Constructs complete exact convex multiparametric QCQP solution maps	
doi:10.1016/j.compchemeng.2020.107070	candidate		2020	A method for tackling primal multiplicity of solutions of dynamic flux balance models	parametric-region-enumeration	medium	Uses an auxiliary selection to resolve primal multiplicity in dynamic flux-balance models	
doi:10.1016/j.compchemeng.2022.107882	candidate		2022	A new solution strategy for multiparametric quadratic programming	parametric-region-enumeration	medium	Presents a later exact multiparametric quadratic-program solution strategy	
doi:10.1007/s11081-023-09845-5	candidate		2023	A novel parallel combinatorial algorithm for multiparametric programming	parametric-region-enumeration	medium	Parallelizes active-set combination exploration and pruning for multiparametric programs	
doi:10.1109/lcsys.2024.3405958	screened		2024	reward regions with a common optimal policy	output-relative-equivalence	high	Identifies polyhedral reward sets inducing the same optimal MDP policy and studies invariance and reward-dimension reduction	
doi:10.1109/tac.2024.3430416	screened		2025	Region-Free Explicit Model-Predictive Control for Linear Systems on Hilbert Spaces	parametric-region-enumeration	medium	Avoids explicit state-space region construction and storage through a region-free online method; boundary rather than exhaustive enumerator	
doi:10.1016/j.compchemeng.2025.109157	candidate		2025	Decision rule-based method for multiparametric linear programming	parametric-region-enumeration	medium	Uses decision rules to construct multiparametric linear-program solution maps	
doi:10.1007/s00186-016-0554-0	screened		2016	Equivalence between polyhedral projection, multiple objective linear programming and vector linear programming	polyhedral-enumeration	medium	Proves equivalences among polyhedral projection, multiple-objective linear programming, and vector linear programming without a graph-relative observer or new enumeration guarantee	
doi:10.23919/ecc.2013.6669386	screened		2013	Every continuous piecewise affine function can be obtained by solving a parametric linear program	parametric-region-enumeration	medium	Shows representability of every continuous piecewise-affine function as a parametric linear-program solution; a representation result rather than an observer-relative enumeration method	
doi:10.2139/ssrn.5102698	screened		2025	Optimal Partitions for Multiparametric Semidefinite Programming	parametric-region-enumeration	medium	Analyzes optimal partitions for two multiparametric semidefinite-program examples without exhaustive-enumeration or output-quotient results	
doi:10.21203/rs.3.rs-9430237/v1	excluded	E6-out-of-scope-model	2026	A Compositional Exact-Search Calculus over a Single Binary Primitive: Bounded Enumeration, Macro Closure, and Stability Audits for EML Trees	symbolic-expression-search	medium	Enumerates elementary-function expression trees under a binary arithmetic primitive; terminology overlaps but the program model and represented object are outside the finite pure-dataflow observer questions	
doi:10.1016/j.infsof.2015.03.007	screened		2015	systematic mapping guidance	methodology	low	Methodological guidance for systematic mapping studies in software engineering	
doi:10.1145/2601248.2601268	screened		2014	backward and forward snowballing guidance	methodology	low	Methodological guidance for separately reported backward and forward snowballing	
doi:10.1109/tse.2022.3174092	screened		2023	secondary-study reporting guidance	methodology	low	Reporting guidance for auditable software-engineering secondary studies	
doi:10.1109/tac.2026.3676368	deep-read		2026	Equivalent and Compact Representations of Neural Network Controllers With Decision Trees	neural-output-partitions	critical	Proves a pointwise-equivalent feasibility-pruned soft decision tree for a ReLU argmax controller and bounds its size through hyperplane-region counts	
doi:10.1109/cdc49753.2023.10383761	excluded	E7-duplicate-version	2023	Exact and Cost-Effective Automated Transformation of Neural Network Controllers to Decision Tree Controllers	neural-output-partitions	medium	Conference precursor of the expanded exact neural-controller decision-tree transformation	
doi:10.5220/0012928000003886	deep-read		2024	Analyzing Exact Output Regions of Reinforcement Learning Policy Neural Networks for High-Dimensional Input-Output Spaces	neural-output-partitions	critical	Represents pruned policy-tree paths as exact convex polyhedral output regions with affine leaf functions and neighborhood analyses	
t:nn2eqcdt	screened		2023	NN2EQCDT	neural-output-partitions	high	Constructively transforms feed-forward ReLU policies into compressed trees using feasibility pruning and forced-rule elimination	https://www.thinkmind.org/articles/cognitive_2023_4_10_40107.pdf
arxiv:2210.05189	screened		2022	Neural Networks are Decision Trees	neural-region-enumeration	high	Constructs dense neural decision trees through activation-conditioned effective input filters and states the exponential storage tradeoff	
arxiv:2003.04675	deep-read		2020	Towards Interpretable ANNs	neural-region-enumeration	high	Introduces layer-wise exact-convertible multivariate decision trees with contradictory-rule elimination for ReLU classifiers	
doi:10.1109/cdc57313.2025.11312749	screened		2025	A Compositional Algorithm for Computing a Switched System Representation of Neural Network Controllers	neural-region-enumeration	high	Proves exact single-layer and compositional PWA representations of neural controllers by preimage intersection and affine substitution	
doi:10.1109/ictai52525.2021.00035	screened		2021	Geometric Path Enumeration for Equivalence Verification of Neural Networks	neural-region-enumeration	high	Enumerates geometric neural-network paths to verify equivalence between networks; a dense activation-region comparator rather than a requested sparse observer	
doi:10.1016/j.automatica.2026.113179	screened		2026	Exact feedforward neural network representations of multi-parametric quadratic programs with applications to explicit MPC	parametric-region-enumeration	medium	Constructs exact feed-forward ReLU representations of a class of mpQP solution maps; a representation-direction neighbor rather than an output-region enumerator	
doi:10.70675/b123ad21z9cecz461dz8abeza6e96545d40b	candidate		2017	New algorithmics for polyhedral calculus via parametric linear programming	polyhedral-enumeration	low	Develops parametric-linear-programming algorithms for certified projection convex hull and redundancy-minimized polyhedral calculus	
doi:10.23919/date69613.2026.11539745	screened		2026	Late Breaking Results: Conversion of Neural Networks into Logic Flows for Edge Computing	neural-output-partitions	medium	Converts training-covered neural branches into logic flows with neural fallback outside the covered set and therefore is not a global exact partition	
arxiv:2305.09424	candidate		2023	Unwrapping All ReLU Networks	neural-region-enumeration	medium	Develops an exact decomposition and decision-tree view of ReLU networks without requested-root structural omission	
doi:10.1145/3563212	deep-read		2023	Precise Quantitative Analysis of Binarized Neural Networks	neural-decision-diagrams	critical	Proves exact requested-region per-class BDD compilation for BNNs with feasible-input propagation exact counting and sparse prime-implicant explanations	
doi:10.1007/978-3-030-81685-8_8	excluded	E7-duplicate-version	2021	BDD4BNN: A BDD-Based Quantitative Analysis Framework for Binarized Neural Networks	neural-decision-diagrams	medium	Conference precursor of the expanded exact BDD4BNN journal treatment	
doi:10.1007/978-3-030-24258-9_25	screened		2019	Verifying Binarized Neural Networks by Angluin-Style Learning	neural-decision-diagrams	high	Learns an OBDD exactly equivalent to a BNN on a chosen input region using membership queries and SAT-backed equivalence queries	
doi:10.24963/kr.2020/91	screened		2020	On Tractable Representations of Binary Neural Networks	neural-decision-diagrams	high	Compiles exact binary-neural decision functions into OBDDs and SDDs with a pseudo-polynomial integer-weight neuron construction	
arxiv:2306.05211	screened		2023	Boosting-based Construction of BDDs for Linear Threshold Functions	neural-decision-diagrams	high	Constructs exact margin-qualified aligned BDDs for threshold neurons and composes them into equivalent binary-neural Boolean circuits	
doi:10.1016/j.neunet.2026.109419	screened		2026	Toward Global Interpretability of Neural Networks via Boolean Transformation	neural-decision-diagrams	high	Extends exact binary ABDD conversion to residual and attention structures while real-valued sigmoid conversion remains bounded-error approximate	
doi:10.24963/ijcai.2018/811	candidate		2018	Formal Analysis of Deep Binarized Neural Networks	neural-decision-diagrams	high	Gives an exact Boolean representation and formal-analysis route for deep binarized neural networks	
doi:10.1609/aaai.v32i1.12206	candidate		2018	Verifying Properties of Binarized Deep Neural Networks	neural-decision-diagrams	high	Encodes binarized deep neural networks as Boolean formulas for rigorous SAT-based property verification	
doi:10.1007/978-3-031-72044-4_8	deep-read		2024	Affinitree	neural-output-partitions	critical	Symbolically executes PWL neural networks into exact typed affine decision structures with LP infeasibility pruning and semantics-preserving reductions	
doi:10.1007/s10009-023-00701-6	candidate		2023	The power of typed affine decision structures: a case study	neural-output-partitions	high	Develops typed affine decision structures as exact compositional models for PWL neural-network analysis	
doi:10.1007/s10009-023-00702-5	candidate		2023	Forest GUMP: a tool for verification and explanation	neural-output-partitions	medium	Implements verification and explanation over exact neural decision structures	
arxiv:2604.27008	screened		2026	Compressing ACAS-Xu Lookup Tables with Binary Decision Diagrams	decision-diagrams	medium	Compiles the certified ACAS-Xu lookup-table decision function into an exact BDD; an extensional finite-observer representation rather than neural internal-event observation	
doi:10.1007/978-3-031-43619-2_4	screened		2023	Efficient Computation of SHAP Explanation Scores for Neural Network Classifiers via Knowledge Compilation	neural-decision-diagrams	high	Compiles a BNN exactly into an SDD and smooth deterministic decomposable circuit for repeated exact SHAP computation while eliminating internal activations	
doi:10.1109/fdl68117.2025.11165399	screened		2025	Reachability Analysis of Deep Neural Networks Using Affine Arithmetic Decision Diagrams	neural-region-enumeration	high	Uses affine-arithmetic decision diagrams for sound DNN reachability with correlation-preserving over-approximation rather than exact output-fiber enumeration	
doi:10.1016/j.neunet.2023.06.002	screened		2023	Towards global neural network abstractions with locally-exact reconstruction	neural-abstraction	medium	Builds sound global interval abstractions with exact reconstruction only at a chosen center point; not a globally exact partition	
doi:10.1109/cdc.2016.7798684	screened		2016	Symbolic method for deriving policy in reinforcement learning	neural-output-partitions	low	Uses genetic programming to approximate a value function by a symbolic proxy for policy derivation; not exact policy-region enumeration	
doi:10.1016/j.neucom.2024.127347	screened		2024	VeriPrune: Equivalence verification of node pruned neural network	neural-network-equivalence	medium	Verifies functional equivalence after neural-network node pruning rather than constructing an exact output partition	
doi:10.23919/ecc51009.2020.9143957	screened		2020	Exact representation of piecewise affine functions via neural networks	neural-region-enumeration	medium	Represents piecewise-affine functions exactly by neural networks in the reverse direction from output-region enumeration	
doi:10.1145/3678722.3685535	screened		2024	Sparse Symbolic Loop Execution	symbolic-execution	high	Postpones loop states using sibling edge-pattern observations up to a loop-impact barrier; it is a coverage heuristic rather than exhaustive exact observation-fiber enumeration	
t:verifyingyourbrowser	screened		2023	Verifying your browser	neural-region-enumeration	medium	Uses fixed and floating activation paths to explain local robustness and improve randomized smoothing rather than exhaustively enumerate exact regions	https://openreview.net/forum?id=piIsx-G3Gux
doi:10.4204/eptcs.254.3	screened		2017	Control-Flow Residual Analysis for Symbolic Automata	runtime-monitoring	low	Uses control-flow analysis to remove unreachable instrumentation and property-automaton transitions; a monitoring optimization rather than input-fiber enumeration	
doi:10.1109/synasc.2005.26	screened		2005	Colored Petri Nets State-Space Reduction via Symbolic Execution	symmetry-reduced-state-space	high	Uses numerical color-domain mappings and linear constraints to construct a quotient reachability graph for asymmetric colored Petri nets	
doi:10.1016/s0304-3975(96)00010-2	screened		1997	A Symbolic Reachability Graph for Coloured Petri Nets	symmetry-reduced-state-space	high	Constructs the foundational symbolic reachability graph directly from symbolic markings, quotienting well-formed colored-net states by encoded symmetries while preserving analysis results	
doi:10.1145/2635868.2635872	screened		2014	How We Get There	symbolic-execution-search	high	Prioritizes branches reached under new dominator-filtered path contexts and incrementally widens the context considered for coverage-guided concolic search	
doi:10.14711/thesis-b1477728	screened		2015	Context and Precondition-Guided Search Strategies	target-guided-symbolic-search	high	Learns and merges preconditions characterizing prior executions that fail to reach a requested target branch, then prunes the target-relative DSE search	
doi:10.1109/raai67517.2025.11423317	screened		2025	Discrete Functional Geometry of ReLU Networks via ReLU Transition Graphs	neural-region-enumeration	medium	Builds a discrete ReLU transition graph for functional neural geometry; a dense activation-transition representation rather than a requested sparse event observer	
doi:10.1109/cdc56724.2024.10886414	screened		2024	Reachability analysis for piecewise affine systems with neural network-based controllers	neural-controller-reachability	medium	Computes reachability for PWA plants with neural controllers and fits the existing exact neural/PWA reachability lineage	
doi:10.1007/s10115-012-0525-6	candidate		2013	Reduced ordered binary decision diagram with implied literals: a new knowledge compilation approach	knowledge-compilation	medium	Adds implied literals to reduced ordered BDD nodes as a general knowledge-compilation representation, not a program-observer enumeration method	
doi:10.1109/dac.1990.114842	candidate		1990	Coded time-symbolic simulation using shared binary decision diagram	hardware-symbolic-simulation	medium	Uses shared BDDs in coded time-symbolic circuit simulation and fits the existing hardware symbolic-simulation cluster	
doi:10.1145/2642937.2643011	screened		2014	Exact and approximate probabilistic symbolic execution for nondeterministic programs	probabilistic-symbolic-execution	medium	Optimizes nondeterministic decisions by target-event probability after bounded path exploration; removed choices are suboptimal rather than observer-equivalent	
doi:10.14711/thesis-b1450539	excluded	E7-duplicate-version	2015	Scalable symbolic analysis of large real world programs using API abstraction and execution histories	symbolic-state-equivalence	medium	Expanded thesis treatment of API abstraction and execution-history equivalence represented by retained li2014zequivalent	
doi:10.4204/eptcs.305.10	screened		2019	Query Learning Algorithm for Residual Symbolic Finite Automata	automata-learning	medium	Learns residual symbolic finite automata through queries; an automata-learning residual rather than exact program-observer fiber enumeration	
doi:10.1109/icse.2015.80	screened		2015	Regular Property Guided Dynamic Symbolic Execution	property-guided-symbolic-search	high	Uses event-FSM history and static future reachability to prioritize off-path branches likely to satisfy one requested regular property	
doi:10.1145/3180155.3180227	screened		2018	Symbolic Verification of Regular Properties	property-guided-symbolic-search	high	Ideal slicing rules preserve counterexample discovery under stated Preset/Postset conditions; the evaluated implementation is explicitly unsound because Postset is context-insensitive	
doi:10.1145/3704886	screened		2025	Derivative-Guided Symbolic Execution	property-guided-symbolic-search	high	Uses symbolic derivatives of trace specifications to underapproximate precondition states and proves soundness and falsification completeness relative to its naive semantics	
doi:10.1007/3-540-60029-9_43	screened		1995	Symbolic Reachability Graph and Partial Symmetries	symmetry-reduced-state-space	high	Extends symbolic reachability graphs from global to partial symmetries and states reachability equivalence for the extended graph	
doi:10.3390/sym18071226	screened		2026	A Symmetry-Theoretic Framework for AI-Guided SE	symmetry-guided-symbolic-execution	high	Explores canonical orbit representatives of symmetric symbolic states with quotient-soundness and reuse claims; production-firmware evaluation remains future work	
doi:10.1145/3763163	screened		2025	Large Language Model Powered Symbolic Execution	path-set-partitioning	medium	Partitions possibly infinite path sets by finite coverage sets and property slices, but delegates verification conditions to an explicitly approximate LLM oracle	
doi:10.5220/0008362904240433	screened		2019	Exact and Approximate Rule Extraction	neural-decision-rules	high	Exactly enumerates a small Boolean-feature neural classifier truth table and minimizes it to rules; larger-feature extraction is sampling-based approximation	
doi:10.1109/iccd.2017.36	screened		2017	Qualifying Event Based Search	hardware-symbolic-search	high	Caps repeated RTL branch selection and resets caps after a qualifying coverage event; a bounded coverage heuristic rather than exhaustive observer enumeration	
doi:10.1023/a:1008767206905	deep-read		2001	Partial-Order Reduction in Symbolic State Space	partial-order-reduction	high	Combines partial-order reduction with BDD-based symbolic exploration, representing only selected interleavings of independent concurrent events while preserving local-property verification	
doi:10.1007/3-540-63166-6_34	excluded	E7-duplicate-version	1997	Partial-order reduction in symbolic state space exploration	partial-order-reduction	medium	Conference precursor of the expanded retained journal treatment	
doi:10.1145/2786805.2786841	screened		2015	Assertion-guided symbolic execution	property-guided-symbolic-search	high	Summarizes prior assertion-safe executions and soundly prunes executions covered by those summaries while preserving reachable error locations	
doi:10.1145/3656443	screened		2024	Compatible branch coverage	coverage-guided-symbolic-search	high	Publisher abstract states that dependency-derived compatible branch sets soundly prune paths that cannot add branch coverage within the exploration threshold	
doi:10.1007/978-3-030-72019-3_23	screened		2021	Sound and complete higher-order concolic testing	concolic-input-search	high	Restricts higher-order inputs to an evolving canonical form and proves sound evaluation and bug-finding completeness modulo concretization and SMT incompleteness	
doi:10.1109/tac.2016.2574120	screened		2017	Basis marking reachability representation	symbolic-state-reduction	high	Abstracts an acyclic implicit-transition subnet so a subset of basis markings completely characterizes the Petri-net reachability set	
doi:10.1109/synasc.2011.16	screened		2011	Time-anonymous reachability	symbolic-state-reduction	high	Marks timestamps unable to influence future evolution as time-anonymous to merge states and build finite time-coverage graphs, with disclosed minor information loss	
doi:10.1007/978-3-642-13675-7_11	screened		2010	Symbolic colored-net unfoldings	partial-order-reduction	high	Symbolically unfolds colored-net runs without enumerating concurrent-action interleavings and proves that unfolding commutes with component product	
doi:10.1109/icis.2017.7960112	candidate		2017	Multipoint dynamic symbolic path reduction	path-equivalence	high	Index abstract reports equivalent-path elimination in multipoint DSE; primary full text and a semantic theorem remain unverified	
doi:10.1142/s012905411340011x	screened		2013	Fully symbolic bisimulation	bisimulation-quotient	high	Computes the largest bisimulation of large nondeterministic discrete-event systems with a fully symbolic saturation-based partition-refinement algorithm	
doi:10.1109/etfa.2008.4638383	screened		2008	Partial-observation reachability estimates	partial-observation-state-estimation	medium	Constructs an estimation reachability graph for interpreted Petri nets under partial state and event observation; estimates possible states rather than partitioning inputs	
doi:10.1145/3240765.3240822	screened		2018	Logic synthesis of binarized networks	neural-knowledge-compilation	medium	Synthesizes binarized neural inference into equivalent logic circuits for implementation rather than enumerating observer fibers	
doi:10.1145/3377812.3390895	candidate		2020	Summary-Guided Incremental Symbolic Execution	incremental-symbolic-search	high	Two-page poster proposes path-suffix summaries that identify change-affected paths and prune paths without incremental behaviors	
doi:10.1109/dsn.2009.5270315	screened		2009	Fitness-guided symbolic exploration	target-guided-symbolic-search	high	Uses state-dependent fitness functions to prioritize paths closer to one requested coverage target without exactness or completeness under budgets	
doi:10.1007/978-3-642-02652-2_16	screened		2009	Abstraction-guided concurrent testing	target-guided-symbolic-search	high	Uses a backward-sliced target abstraction to rank thread and data nondeterminism, refining guidance when it stalls	
doi:10.1145/2610384.2610392	screened		2014	Coverage-preserving seed reduction	coverage-preserving-seed-reduction	high	Reduces and prioritizes the concrete seed suite before symbolic exploration while preserving its statement-coverage observation	
doi:10.1093/comjnl/bxn075	candidate		2010	Slicing Execution with Partial Weakest Precondition for Model Abstraction of C Programs	property-guided-program-slicing	high	Publisher abstract describes partial-weakest-precondition slicing as a conservative program abstraction rather than an observer-fiber enumerator	
doi:10.1109/apsec.1997.640172	candidate		1997	Finite symbolic reachability graphs for high-level Petri nets	symbolic-state-reduction	high	Primary abstract proposes finite symbolic reachability graphs for a class of high-level Petri nets; full text remains needed	
doi:10.1109/pnpm.1989.68539	candidate		1989	Colored GSPN models and automatic symmetry detection	symmetry-reduced-state-space	medium	Automatically detects symmetries in colored generalized stochastic Petri nets; retained as an early supporting state-reduction neighbor	
doi:10.1007/978-3-658-12680-3_5	candidate		2016	State Subsumption Reduction	symbolic-state-equivalence	high	Book chapter on subsumption reduction in complete SystemC symbolic simulation; primary verification remains pending	
doi:10.1109/date.1999.761091	candidate		1999	Symbolic reachability analysis of large finite state machines using don't cares	symbolic-state-reduction	medium	Uses don't-cares during symbolic finite-state-machine reachability; two Crossref DOI records describe the same work	
doi:10.1007/s10009-007-0057-7	candidate		2008	Efficient guided symbolic reachability using reachability expressions	symbolic-reachability-order	high	Reachability expressions exploit schedule equivalence to guide traversal order rather than omit exact observer fibers	
doi:10.1007/11691372_8	excluded	E7-duplicate-version	2006	Efficient Guided Symbolic Reachability Using Reachability Expressions	symbolic-reachability-order	medium	Conference precursor of the retained expanded journal treatment	
doi:10.1109/euasic.1992.228061	candidate		1992	Reduction of the number of symbolic outputs of finite state machines	symbolic-output-reduction	high	Title-level candidate on reducing finite-state-machine symbolic outputs; primary full text is required before importing a mechanism	
doi:10.1145/3678188	candidate		2025	SmartExecutor: Coverage-Driven Symbolic Execution Guided via State Prioritization and Function Selection	coverage-guided-symbolic-search	medium	Coverage-driven symbolic execution using state prioritization and function selection rather than an exact observer quotient	
doi:10.1007/978-3-642-45422-6_1	candidate		2013	Dynamic Symbolic Execution Guided by Data Dependency Analysis for High Structural Coverage	coverage-guided-symbolic-search	high	Dependency-guided DSE targets high structural coverage; primary full text remains needed	
doi:10.3724/sp.j.1016.2011.00953	candidate		2011	Target-Directed Concolic Testing	target-guided-symbolic-search	medium	Target-directed concolic testing comparator retained from title and bibliographic screening	
doi:10.1007/978-3-540-71560-3_3	candidate		2007	Reduced Reachability Graphs	symbolic-state-reduction	high	Title-level reduced-reachability-graph candidate requiring primary full text	
doi:10.1109/ipps.1992.222996	candidate		1992	Hierarchically organized Petri net state space for reachability and deadlock analysis	symbolic-state-reduction	high	Hierarchically organizes a Petri-net state space for reachability and deadlock analysis; full text remains needed	
doi:10.1145/800205.806327	candidate		1976	Symbolic evaluation of programs	symbolic-evaluation	medium	Historical symbolic-evaluation title retained for full-text follow-up; no observer-quotient claim is imported	
doi:10.21236/ada538843	candidate		2009	Loop-Extended Symbolic Execution on Binary Programs	loop-symbolic-execution	medium	Loop-extended binary symbolic execution models symbolic loop counts but does not establish an observer quotient	
doi:10.1007/978-3-642-24288-5_19	excluded	E7-duplicate-version	2011	A Fully Symbolic Bisimulation Algorithm	bisimulation-quotient	medium	Conference precursor of the retained expanded journal treatment	
doi:10.32614/rj-2018-080	screened		2019	Consistency Cubes	boolean-minimization	high	Exactly enumerates complete minimal prime implicants while pruning subsets already covered by discovered implicants	
doi:10.1109/ijcnn.1999.833457	candidate		1999	Rule Extraction from Boolean Artificial Neural Networks	neural-rule-extraction	medium	Direct Boolean-neural-network rule-extraction predecessor; exactness and fixed-network semantics still require primary full-text verification	
doi:10.1080/10170660409509384	screened		2004	Boolean-algebra neural rule extraction	neural-rule-extraction	high	Composes exact per-neuron Boolean functions through a binary or bipolar network and removes redundant hidden neurons without changing its function	
doi:10.36227/techrxiv.22122200.v2	candidate		2023	A Boolean Algebra Based Rule Extraction Algorithm That Extracts If-then Classification Rules from Three-layer Neural Networks with General Inputs	neural-rule-extraction	medium	General-input extension discretizes continuous inputs and is retained as an empirical rule-extraction boundary rather than an exact finite-observer result	
doi:10.1049/cp:19991161	screened		1999	Rule Extraction from Binary Neural Networks	neural-rule-extraction	low	Hamming-clustering construction learns a binary classifier and rules from samples rather than exactly compiling a fixed network	
doi:10.1145/3287624.3287722	candidate		2019	Energy-efficient, low-latency realization of neural networks through boolean logic minimization	neural-knowledge-compilation	medium	Minimizes a binarized network into Boolean logic for hardware realization rather than enumerating internal-observer fibers	
doi:10.1007/11691617_10	screened		2006	Abstract subsumption checking	symbolic-state-equivalence	high	Backtracks when an abstract symbolic heap state is subsumed by a previously visited state, yielding finite under-approximate exploration for recursive heaps and arrays	
doi:10.1007/978-3-658-12680-3_6	candidate		2016	Heuristic Symbolic Subsumption	symbolic-state-equivalence	high	Heuristic companion to complete SystemC subsumption reduction; exact preservation conditions require primary reconciliation	
doi:10.1145/3368089.3409755	screened		2020	Learned aggressive state pruning	coverage-guided-symbolic-search	high	Learns an aggressive probabilistic state-pruning strategy for coverage and bug finding and intentionally sacrifices exhaustive state retention	
doi:10.1109/tse.2025.3555622	screened		2025	LLM-pruning symbolic execution	target-guided-symbolic-search	high	Uses an LLM to prune functions judged irrelevant to numerical-defect discovery; retained as an explicitly approximate requested-defect boundary	
doi:10.1109/acsd.2012.18	screened		2012	DPOR for concolic testing	partial-order-reduction	high	Combines concolic execution with dynamic partial-order reduction to omit schedules redundant under read commutativity and dependency analysis	
doi:10.1145/2774975.2774978	screened		2015	Counterexample-complete higher-order verification	concolic-input-search	high	Uses controlled dynamic dispatch and progressive higher-order unfolding to obtain sound proofs and counterexample-complete search for terminating pure programs	
doi:10.1109/tac.2020.2983088	screened		2021	Hierarchical basis reachability graphs	partial-observation-state-estimation	high	A two-layer hierarchical basis reachability graph accelerates marking estimation under unobservable transitions; claim is primary-abstract limited	
doi:10.1007/978-3-642-84524-6_13	candidate		1991	Well-formed colored-net symbolic reachability	symmetry-reduced-state-space	high	Early well-formed colored-net symbolic reachability graph predecessor to the retained 1997 journal treatment; exact version relationship remains to be verified	
doi:10.1016/j.tcs.2006.07.008	candidate		2006	Complete symbolic reachability analysis using back-and-forth narrowing	symbolic-state-reduction	high	Complete symbolic reachability through back-and-forth narrowing in rewriting logic; different state model and no requested input observer	
doi:10.3233/fi-222162	screened		2023	Efficient colored-net unfolding	symbolic-state-reduction	high	Quotients behaviorally equivalent colors and excludes impossible place colors while preserving a bisimilar unfolded Petri net	
doi:10.1007/978-3-642-02658-4_31	screened		2009	Monotonic partial-order reduction	partial-order-reduction	high	Uses SAT/SMT quasi-monotonic schedule constraints for sound symbolic POR with no redundant interleavings under its optimality criterion	
doi:10.1007/978-3-642-20398-5_29	screened		2011	Symbolic model checking with POR	partial-order-reduction	high	Combines BDD symbolic model checking with partial-order reduction while preserving LTL without next	
doi:10.1007/11560548_25	screened		2005	Symbolic POR for rule systems	partial-order-reduction	high	Encodes transition independence symbolically and uses SAT to retain representative rule-system interleavings	
doi:10.1109/ase.2011.6100044	screened		2011	Local partial-order reduction	partial-order-reduction	high	Locally checkable stubborn-set conditions support sound domain-specific state-space reductions	
doi:10.1007/s10009-019-00507-5	screened		2019	Combining sequentialization-based verification of multi-threaded C programs with symbolic Partial Order Reduction	partial-order-reduction	high	Bound-aware symbolic POR removes redundant schedules from sequentialized multithreaded C while preserving bounded reachability according to the publisher abstract	
doi:10.1007/978-3-319-95582-7_35	screened		2018	Approximate partial-order reduction	partial-order-reduction	high	Generalizes POR to approximately commuting actions and nearby initial states with explicit epsilon and delta approximation parameters	
doi:10.1007/978-3-030-64354-6_13	deep-read		2020	Symbolic execution meets POR	partial-order-reduction	critical	Schedule-bearing symbolic paths are merged and pruned by POR with correctness and completeness relative to concrete multithreaded executions	
doi:10.1007/3-540-56496-9_9	candidate		1993	Symbolic bisimulation minimisation	bisimulation-quotient	high	Foundational BDD symbolic bisimulation-minimization algorithm; retained as lineage evidence pending direct primary full-text verification	
doi:10.1023/a:1016091902809	deep-read		2002	Bisimulation minimization and symbolic checking	bisimulation-quotient	high	Computes an atomic-proposition-relative symbolic bisimulation quotient and shows that quotient construction can cost more than direct invariant checking	
doi:10.1016/s1571-0661(04)80547-4	screened		2002	Rank-based symbolic bisimulation	bisimulation-quotient	high	Computes maximum bisimulation through a rank-based fully symbolic algorithm	
doi:10.1007/11901914_35	screened		2006	Symbolic bisimulation toolbox	bisimulation-quotient	high	Provides signature-based BDD algorithms and a toolbox for multiple strong and weak bisimulation relations	
doi:10.1007/s10009-017-0468-z	screened		2018	Multi-core symbolic bisimulation	bisimulation-quotient	high	Parallel signature refinement and quotient construction scale symbolic bisimulation and can sharply reduce the BDD encoding of the quotient	
doi:10.1016/b978-0-444-89874-6.50028-3	deep-read		1992	Coverage-preserving reachability reductions	partial-order-reduction	high	Two partial-order strategies remove redundant concurrent sequences while preserving full state coverage, alongside state compression	
doi:10.1145/1005920.1005924	screened		1981	Program Reduction Using Symbolic Execution	program-specialization	medium	Uses symbolic execution to specialize a correct program to a restricted input domain; retained as a historical program-reduction boundary	
doi:10.1109/acc.2003.1238961	deep-read		2003	Marking estimation under partial observation	partial-observation-state-estimation	critical	Represents exactly the markings consistent with an observed transition-label word by a fixed-structure linear system independent of word length	
doi:10.1007/s10626-009-0060-0	deep-read		2009	Timed Petri-net state observer	partial-observation-state-estimation	high	Combines temporal constraints with a class-graph observer to estimate current state and event scenarios under unobservable events	
doi:10.1109/tac.2012.2203050	excluded	E7-duplicate-version	2013	Minimum initial marking estimation	partial-observation-state-estimation	medium	Expanded continuation retained as lineage metadata; detailed claims are pinned to the deep-read 2009 primary precursor	
doi:10.1109/acc.2009.5160266	deep-read		2009	Minimum initial marking estimation	partial-observation-state-estimation	high	Full primary text supports the detailed definitions, complete algorithm, and complexity scope used in the evidence matrix	
doi:10.1109/cdc.1997.652507	candidate		1997	Petri-net state estimators from events	partial-observation-state-estimation	high	Direct event-observation Petri-net state-estimator antecedent; detailed construction remains primary-full-text pending	
doi:10.1109/etfa.2003.1247722	deep-read		2003	Nondeterministic labeled-net observers	partial-observation-state-estimation	high	Characterizes exactly the current markings consistent with an observed word in a nondeterministic lambda-free labeled Petri net	
doi:10.1109/cdc.1988.194300	candidate		1988	Dynamical Logic Observers for Finite Automata	partial-observation-state-estimation	high	Finite-automaton dynamical-logic observer computes state sets consistent with observation history; primary detail remains pending	
doi:10.1109/tac.2002.802769	screened		2002	Observability of Place/Transition Nets	partial-observation-state-estimation	medium	Defines observability properties for place/transition nets as supporting lineage rather than an input-fiber enumerator	
doi:10.1109/saner67736.2026.00112	deep-read		2026	Path-optimal heap symbolic execution	heap-symbolic-execution	critical	Embeds heap-alias alternatives in ite-valued fields and empirically achieves one symbolic trace per program path; formal GSE equivalence is explicitly future work	
doi:10.1145/2429069.2429081	deep-read		2013	Relatively complete higher-order verification	higher-order-verification	critical	Proves a quantified refinement type system sound and relatively complete for higher-order functional safety while documenting practical inference incompleteness	
doi:10.1145/2480359.2429081	excluded	E7-duplicate-version	2013	Automating relatively complete verification of higher-order functional programs	higher-order-verification	medium	Journal-record alias of the retained POPL proceedings article	
doi:10.1145/3158100	screened		2018	Relatively complete nondeterministic refinement types	higher-order-verification	high	Extends sound relative completeness to universal and existential reasoning about higher-order nondeterministic safety and termination properties	
doi:10.4204/eptcs.99.6	screened		2012	Abstract graph-state subsumption	symbolic-state-equivalence	high	Discards an abstract graph shape when another denotes a superset of its concrete states, reducing an over-approximate graph state space	
doi:10.1109/access.2019.2894352	deep-read		2019	Minimum markings with silent transitions	partial-observation-state-estimation	critical	Computes the complete minimum-token initial-marking set for an observed label word under contact-free unobservable transitions	
doi:10.1109/tsmc.2024.3357742	screened		2024	Minimum markings via minimal explanations	partial-observation-state-estimation	high	Uses minimal explanations to estimate minimum-token initial markings in nets with unobservable transitions under the stated firing assumption	
doi:10.1109/tac.2024.3510521	screened		2025	Minimum-token-number prediction	partial-observation-state-estimation	high	Predicts the minimum token number with a label-synthesis net and reports polynomial dependence on observed-word length	
doi:10.1016/j.ins.2023.119922	screened		2024	Timed marking estimation from observations	partial-observation-state-estimation	high	Builds an observed modified state-class graph for timed states consistent with a time-label observation under silent transitions	
doi:10.1016/j.ins.2025.122618	screened		2026	Minimum timed initial-state estimation	partial-observation-state-estimation	high	Returns minimum-token initial markings with firing-delay constraints consistent with an observed time-label sequence under bounded silent firings	
doi:10.1007/s10626-026-00450-z	screened		2026	Estimation without observed transitions	partial-observation-state-estimation	high	Infers transition firings and full markings from observable place markings even when no transition firing is directly observed	
doi:10.1007/s10626-007-0036-x	deep-read		2008	Reduced Petri-net observer	partial-observation-state-estimation	critical	Enumerates minimal explanations and basis markings whose unobservable reach exactly equals the complete current-marking estimate	
doi:10.1109/tac.2015.2496500	deep-read		2016	Observation-equivalent Petri-net generators	observer-equivalence	critical	Defines observation equivalence by equal consistent firing-sequence sets and compiles bounded marking-output observers to equivalent adaptive labels	
doi:10.3182/20140514-3-fr-4046.00060	excluded	E7-duplicate-version	2014	Observation Equivalence of Petri Net Generators	observer-equivalence	medium	Conference precursor of the retained expanded journal treatment	
doi:10.1109/tac.2014.2343373	screened		2015	Probabilistic marking estimation	partial-observation-state-estimation	high	Recursively computes conditional probabilities for every possible marking given observed labels and a finite prior-weighted initial set	
doi:10.1109/cdc.2013.6760886	excluded	E7-duplicate-version	2013	Probabilistic marking estimation in labeled Petri nets	partial-observation-state-estimation	medium	Conference precursor of the retained expanded probabilistic journal treatment	
doi:10.1109/cdc.2014.7040445	candidate		2014	53rd IEEE Conference on Decision and Control	partial-observation-state-estimation	high	Computes posterior probabilities over a finite candidate set of initial markings from an observed label sequence; relationship to the 2015 current-marking article needs full-text reconciliation	
doi:10.1109/smc.2013.401	candidate		2013	IEEE International Conference on Systems, Man, and Cybernetics	partial-observation-state-estimation	high	Direct marking-observer treatment with uncertainty in the initial marking retained from primary metadata	
doi:10.1007/978-3-319-89963-3_14	deep-read		2018	Optimal DPOR with future observers	partial-order-reduction	critical	Makes operation dependencies conditional on future observer events and explores exactly one representative per maximal observational-equivalence class	
doi:10.1016/j.jss.2023.111730	deep-read		2023	Context-sensitive optimal DPOR with observers	partial-order-reduction	critical	Combines state-sensitive commutation with future-event observers in an exact optimal schedule quotient and reports exponential reductions	
doi:10.1145/3293882.3330565	excluded	E7-duplicate-version	2019	Optimal context-sensitive dynamic partial order reduction with observers	partial-order-reduction	medium	Conference precursor of the retained expanded journal treatment	
doi:10.1145/2535838.2535845	candidate		2014	Optimal Dynamic Partial Order Reduction	partial-order-reduction	high	Foundational optimal DPOR wakeup-tree lineage rediscovered by the observer-conditioned query	
doi:10.1145/3073408	candidate		2017	Source Sets	partial-order-reduction	high	Source-set DPOR predecessor retained as supporting exact schedule-reduction lineage	
doi:10.1007/s10703-020-00350-4	candidate		2021	Quasi-Optimal Partial Order Reduction	partial-order-reduction	high	Quasi-optimal partial-order reduction comparator surfaced by the exact optimal-schedule query	
doi:10.1145/3498711	candidate		2022	Truly Stateless, Optimal Dynamic Partial Order Reduction	partial-order-reduction	high	Truly stateless optimal DPOR lineage retained as a later schedule-enumeration comparator	
doi:10.1109/codit.2019.8820467	candidate		2019	Towards a Minimum Initial Marking Estimation Procedure for P-Time Labelled Petri net Systems	partial-observation-state-estimation	high	Minimum-token initial-marking procedure for P-time labeled nets consistent with partial label and timing observations; primary details remain limited	
doi:10.1016/j.ic.2020.104674	screened		2022	Pomset Bisimulation and Unfolding for Reset Petri Nets	partial-order-reduction	high	Defines pomset bisimulation and finite complete unfolding prefixes for reset nets to represent concurrency without all interleavings	
doi:10.1109/ddecs.2006.1649562	candidate		2006	IEEE Design and Diagnostics of Electronic Circuits and Systems	bisimulation-quotient	high	Early BDD and signature-refinement implementation for symbolic branching-bisimulation minimization	
doi:10.1145/1228784.1228880	candidate		2007	ACM Great Lakes Symposium on VLSI	bisimulation-quotient	high	Block forwarding split-driven refinement and ordering optimizations for BDD-based bisimulation computation	
doi:10.1145/1993498.1993565	candidate		2011	Precise and compact modular procedure summaries for heap manipulating programs	heap-symbolic-execution	high	Builds precise compact modular procedure summaries for heap-manipulating programs; direct guarded-summary lineage preceding exact heap initialization	
doi:10.1145/1047659.1040334	candidate		2005	Scalable error detection using boolean satisfiability	heap-symbolic-execution	high	Uses SAT-backed guarded heap values in scalable error detection; retained as an antecedent to conditional heap summaries	
doi:10.1007/978-3-662-46081-8_22	candidate		2015	Automatic Inference of Heap Properties Exploiting Value Domains	heap-analysis	medium	Infers heap properties by combining shape and value domains; supporting abstract-heap lineage rather than an observer-fiber enumerator	
doi:10.1145/1328897.1328467	candidate		2008	Generating precise and concise procedure summaries	heap-analysis	medium	Generates precise concise procedure summaries for heap behavior; supporting modular-summary lineage	
doi:10.1145/2557833.2560579	excluded	E7-duplicate-version	2014	Towards a lazier symbolic pathfinder	heap-symbolic-execution	medium	Precursor of the retained exact-heap-summary treatment	
doi:10.1145/3183440.3194964	excluded	E7-duplicate-version	2018	Testing heap-based programs with Java StarFinder	heap-symbolic-execution	medium	Tool-demonstration precursor in the retained Java StarFinder heap-testing lineage	
doi:10.1007/978-3-030-31784-3_12	screened		2019	Enhancing Symbolic Execution of Heap-Based Programs with Separation Logic for Test Input Generation	heap-symbolic-execution	high	Combines separation logic with heap symbolic execution for test-input generation; close successor to exact guarded summaries	
doi:10.1007/978-3-030-30942-8_27	screened		2019	Concolic Testing Heap-Manipulating Programs	heap-symbolic-execution	high	Concolic testing lineage for heap-manipulating programs using a compact heap representation	
doi:10.4230/lipics.ecoop.2023.19	screened		2023	Exact Separation Logic (Extended Version)	separation-logic	high	Exact separation-logic specifications compose precise success and error behaviors; exactness concerns specifications rather than observer fibers	
doi:10.1007/bf00264295	candidate		1983	A sound and relatively complete Hoare-logic for a language with higher type procedures	higher-order-verification	high	Sound and relatively complete Hoare logic for a language with higher-type procedures; historical relative-completeness anchor	
doi:10.1007/11787006_31	candidate		2006	Descriptive and Relative Completeness of Logics for Higher-Order Functions	higher-order-verification	high	Studies descriptive and relative completeness of logics for higher-order functions; supporting metatheoretic lineage	
doi:10.1109/lics.2011.22	candidate		2011	Linear Dependent Types and Relative Completeness	higher-order-verification	high	Linear dependent types yield a relative-completeness result preceding automated refinement-type verification	
doi:10.1145/3607831	candidate		2023	Higher-Order Property-Directed Reachability	higher-order-verification	high	Higher-order property-directed reachability extends the verification lineage without enumerating exact observer fibers	
doi:10.1007/s10626-005-5239-4	screened		2005	Exact marking estimation with silent transitions	partial-observation-state-estimation	high	Represents the complete marking set consistent with an observed label word by a fixed-structure linear system for contact-free nondeterministic silent transitions	
doi:10.1016/j.ifacol.2017.08.1240	screened		2017	Representative-marking estimation	partial-observation-state-estimation	high	Uses representative markings and linear systems to characterize the full consistent-marking set without exhaustive reachability	
doi:10.1109/tsmc.2014.2353575	screened		2015	Marking Estimation of P-Time Petri Nets With Unobservable Transitions	partial-observation-state-estimation	high	Returns the complete marking set consistent with timed observations in P-time Petri nets with silent transitions	
doi:10.1109/tase.2013.2290314	candidate		2014	State Estimation of Timed Labeled Petri Nets With Unobservable Transitions	partial-observation-state-estimation	high	Characterizes least and greatest silent timed-Petri firing sequences consistent with an observation by finite algebraic and linear-programming constraints	
doi:10.1109/tac.2016.2592952	screened		2017	Marking Observer in Labeled Petri Nets With Application to Supervisory Control	partial-observation-state-estimation	high	Constructs a marking observer for labeled Petri nets and applies the exact estimate to supervisory control	
doi:10.1109/tac.2019.2907413	screened		2020	Complete timed marking-set estimation	partial-observation-state-estimation	high	Determines the complete timed-labeled-Petri marking consistency set by a linear characterization without constructing the full state-class graph	
doi:10.1109/etfa46521.2020.9211942	screened		2020	State estimation without event observation	partial-observation-state-estimation	high	Computes exact possible-state and clock-region sets for timed automata under state observation without event observation	
doi:10.1007/978-3-319-63387-9_26	candidate		2017	Context-Sensitive Dynamic Partial Order Reduction	partial-order-reduction	high	Introduces context-sensitive independence for DPOR, preceding its combination with future observers	
doi:10.1145/3158119	candidate		2018	Data-centric dynamic partial order reduction	partial-order-reduction	high	Data-centric DPOR coarsens schedule equivalence around shared-data observations	
doi:10.1145/3360576	screened		2019	Optimal reads-from schedule quotient	partial-order-reduction	high	Explores one representative per reads-from equivalence class for sequentially consistent programs under the stated optimality result	
doi:10.1007/978-3-030-53288-8_18	candidate		2020	Symbolic Partial-Order Execution for Testing Multi-Threaded Programs	partial-order-reduction	high	Symbolic partial-order execution combines symbolic inputs with an unfolding-style concurrency representation	
doi:10.1007/978-3-030-81685-8_16	screened		2021	Reads-value-from stateless model checking	partial-order-reduction	high	Soundly and completely checks local safety with at most one maximal trace per reads-value-from equivalence class	
doi:10.1145/3591247	screened		2023	Canonical symbolic distributed exploration	partial-order-reduction	high	Uses canonical fine-grained symbolic configurations to avoid redundant distributed states, interleavings, and computation	
doi:10.1007/978-3-031-65630-9_2	screened		2024	Parsimonious Optimal Dynamic Partial Order Reduction	partial-order-reduction	high	Enumerates one representative per declared schedule class with polynomial worst-case memory	
doi:10.1007/978-3-032-06847-7_9	screened		2025	Dynamic cone-of-influence reduction	property-directed-reduction	high	Simplifies statements on the fly relative to the current property, state, and interleaving; close requested-observer relevance analogue	
doi:10.1145/3236024.3236028	candidate		2018	Adversarial symbolic execution for detecting concurrency-related cache timing leaks	partial-order-reduction	medium	Adversarial symbolic execution exhaustively combines feasible paths and schedules for concurrency cache-leak detection without an input quotient	
doi:10.1007/978-3-030-21759-4_13	candidate		2019	Unfolding-Based Dynamic Partial Order Reduction of Asynchronous Distributed Programs	partial-order-reduction	medium	Uses unfoldings to drive DPOR for asynchronous distributed programs	
doi:10.1007/978-3-031-37706-8_12	candidate		2023	Unblocking Dynamic Partial Order Reduction	partial-order-reduction	high	Sound complete strongly optimal DPOR avoids useless blocked executions	
doi:10.1145/3591243	candidate		2023	Dynamic Partial Order Reduction for Checking Correctness against Transaction Isolation Levels	partial-order-reduction	high	Sound complete optimal polynomial-space DPOR under weak transaction-isolation semantics	
doi:10.1145/3656449	candidate		2024	SPORE: Combining Symmetry and Partial Order Reduction	partial-order-reduction	high	Combines symmetry and partial-order reduction in stateless model checking	
doi:10.1007/s10703-025-00479-0	candidate		2025	Awaiting for Godot: stateless model checking that avoids executions where nothing happens	partial-order-reduction	high	Explores exactly one class representative while omitting await and pure-loop executions where no visible progress occurs	
doi:10.1109/csmr.2003.1192425	deep-read		2003	Conditional-value preprocessing	merged-evaluation	critical	Uses nested conditional values to compute exact compilation guards and macro values without enumerating preprocessor paths	
doi:10.1109/iccq65694.2025.11314570	screened		2025	Path-minimal TypeScript objects	heap-symbolic-execution	high	Constructs entry objects containing exactly the properties required to replay one chosen TypeScript execution path	
doi:10.1109/tse.2017.2659751	deep-read		2018	Postconditioned path subsumption	symbolic-state-equivalence	critical	Summarizes explored paths with weakest preconditions and exactly prunes a suffix subsumed by previously covered behavior	
doi:10.1109/sefm.2007.43	screened		2007	Case-optimal bounded heap exploration	heap-symbolic-execution	high	Generates a minimum bounded set of non-isomorphic heap cases for strong-property analysis; explicit exact-heap-summary predecessor	
doi:10.1109/tse.2026.3667998	screened		2026	FENSE: Feedback-Driven Incremental Symbolic Execution for Redundant Path Elimination	incremental-symbolic-search	high	Uses prior path summaries and monitored divergence variables to prune paths with identical incremental behavior	
doi:10.1145/2345156.1993565	excluded	E7-duplicate-version	2011	Precise and compact modular procedure summaries for heap manipulating programs	heap-symbolic-execution	medium	Crossref container alias of the retained PLDI article	
doi:10.1145/1993316.1993565	excluded	E7-duplicate-version	2011	Precise and compact modular procedure summaries for heap manipulating programs	heap-symbolic-execution	medium	Crossref proceedings alias of the retained PLDI article	
doi:10.1145/2737924.2737971	deep-read		2015	Relatively complete higher-order counterexamples	higher-order-verification	critical	Symbolically decomposes unknown higher-order functions and proves sound relatively complete concrete counterexample generation modulo the base solver	
doi:10.1145/2813885.2737971	excluded	E7-duplicate-version	2015	Relatively complete counterexamples for higher-order programs	higher-order-verification	medium	Journal-record alias of the retained PLDI proceedings article	
doi:10.1017/s0956796816000216	screened		2017	Higher-order symbolic contract execution	higher-order-verification	high	Extends higher-order symbolic execution to first-class contracts and concrete functional counterexamples with qualified relative completeness	
doi:10.1007/978-3-540-27793-4_15	screened		2004	New Canonical Representative Marking Algorithms for Place/Transition-Nets	symmetry-reduced-reachability	high	Computes exactly one canonical representative marking per declared place-symmetry orbit	
doi:10.1109/etfa.2013.6648063	screened		2013	Timed marking estimation with silent transitions	partial-observation-state-estimation	high	Uses a modified state-class graph and linear programs for timed marking estimation with silent transitions; later corrections limit imported claims	
doi:10.1109/tii.2022.3200598	candidate		2023	Digital-Twin Consistency Checking Based on Observed Timed Events With Unobservable Transitions in Smart Manufacturing	partial-observation-state-estimation	high	Partitions timed colored-Petri state classes to generate candidate next observed events through silent behavior in digital-twin consistency checking	
doi:10.1145/2737924.2737975	screened		2015	Maximal-causality schedule reduction	partial-order-reduction	high	Partitions the trace space into maximal causal models and claims a provably minimal number of explored executions	
doi:10.1145/2813885.2737975	excluded	E7-duplicate-version	2015	Stateless model checking concurrent programs with maximal causality reduction	partial-order-reduction	medium	Journal-record alias of the retained PLDI proceedings article	
doi:10.1145/2814270.2814297	screened		2015	SATCheck: SAT-directed stateless model checking for SC and TSO	partial-order-reduction	high	Uses SAT-directed stateless exploration to retain interleavings that expose new concrete behaviors under SC and TSO	
doi:10.1145/2858965.2814297	excluded	E7-duplicate-version	2015	SATCheck: SAT-directed stateless model checking for SC and TSO	partial-order-reduction	medium	Crossref container alias of the retained OOPSLA paper	
doi:10.1145/3276505	screened		2018	Optimal stateless model checking under the release-acquire semantics	partial-order-reduction	high	Explores each program-order and reads-from relation once under release-acquire semantics while omitting unneeded coherence choices	
doi:10.1145/3360550	deep-read		2019	Value-centric DPOR	partial-order-reduction	critical	Partitions maximal traces by value-happens-before, sometimes exponentially more coarsely, with polynomial time per class for bounded threads	
doi:10.1145/3293882.3338987	candidate		2019	Conditional dynamic partial order reduction and optimality results	partial-order-reduction	medium	Doctoral-symposium synthesis of conditional independence and optimal DPOR rather than a separate completed result	
doi:10.1145/1040305.1040315	screened		2005	Dynamic partial-order reduction	partial-order-reduction	high	Foundational dynamic partial-order reduction explores persistent schedule representatives during stateless model checking	
doi:10.1145/1047659.1040315	excluded	E7-duplicate-version	2005	Dynamic partial-order reduction for model checking software	partial-order-reduction	medium	Crossref journal-record alias of the retained POPL proceedings article	
doi:10.1145/2043556.2043582	screened		2011	Dynamic interface reduction	property-directed-reduction	high	Dynamically discovers component interface behavior and omits internal behavior that cannot propagate through the interface	
doi:10.1002/spe.2321	screened		2016	A graph-labeling approach for efficient cone-of-influence computation in model-checking problems with multiple properties	property-directed-reduction	high	Computes property-specific cones of influence with graph labeling while sharing reduction work across multiple properties	
doi:10.1109/icsm.2000.883045	screened		2000	Conditional-compilation symbolic analysis	merged-evaluation	high	Symbolically computes simplest and full compilation conditions for C and C++ preprocessor lines and directives	
doi:10.1109/csmr.2004.1281417	screened		2004	Rewrite semantics for conditional preprocessing	merged-evaluation	high	Formalizes convergent rewrite systems over conditional values for precise symbolic C-like preprocessing	
t:redundantstatedetectionfordynamicsymbolicexecution	deep-read		2013	Redundant State Detection for Dynamic Symbolic Execution	property-directed-reduction	high	Soundly prunes dynamic-symbolic-execution states that cannot reach a new declared code observation	https://www.usenix.org/conference/atc13/technical-sessions/presentation/bugrara
doi:10.1145/2384616.2384655	screened		2012	Higher-order symbolic values from contracts	higher-order-verification	high	Uses contracts as symbolic higher-order values to obtain a sound behavioral overapproximation for open functional programs	
doi:10.1007/978-3-662-46669-8_33	screened		2015	Type Targeted Testing	higher-order-testing	high	Decodes refinement-type constraints into systematic test suites, including solver-generated functional arguments	
doi:10.4230/lipics.fscd.2020.27	screened		2020	Symbolic execution game semantics	higher-order-verification	high	Gives a sound complete symbolic game semantics for bounded higher-order open-program behavior under recursion and callback bounds	
doi:10.1145/3158139	screened		2018	Soft contract verification for higher-order stateful programs	higher-order-verification	high	Extends higher-order contract symbolic execution to stateful programs with a mechanized sound behavioral approximation	
doi:10.1145/3689788	screened		2024	Semantic-Type-Guided Bug Finding	higher-order-verification	high	Uses symbolic evaluation in a sound complete semantic-type refuter for property counterexamples rather than observer enumeration	
doi:10.1007/978-3-030-88806-0_3	candidate		2021	Backward Symbolic Execution with Loop Folding	property-directed-reduction	high	Folds backward symbolic loops with inferred invariants and relates the search to k-induction	
doi:10.1145/3276531	candidate		2018	Test generation for higher-order functions in dynamic languages	higher-order-testing	medium	Generates callbacks and oracles for higher-order JavaScript testing heuristically without an exhaustive exactness guarantee	
doi:10.1007/978-3-662-46681-0_28	candidate		2015	Stateless Model Checking for TSO and PSO	partial-order-reduction	high	Extends stateless model checking to the TSO and PSO weak-memory models using chronological traces	
doi:10.1145/2983990.2984025	screened		2016	Maximal causality under TSO and PSO	partial-order-reduction	high	Extends maximal-causality reduction from sequential consistency to TSO and PSO executions	
doi:10.1145/3022671.2984025	excluded	E7-duplicate-version	2016	Maximal causality reduction for TSO and PSO	partial-order-reduction	medium	Journal-record alias of the retained OOPSLA proceedings article	
doi:10.4230/lipics.ecoop.2017.16	screened		2017	Static-dependency maximal causality reduction	partial-order-reduction	high	Uses static dependency analysis to reduce maximal-causality constraint size while explicitly controlling new redundancy	
doi:10.1145/3158105	candidate		2018	Effective stateless model checking for C/C++ concurrency	partial-order-reduction	high	Develops effective stateless checking for C and C++ concurrency under weak memory	
doi:10.1145/3632873	candidate		2024	Coarser Equivalences for Causal Concurrency	partial-order-reduction	high	Studies causal-concurrency equivalences coarser than standard happens-before-style partitions	
doi:10.1145/3591251	candidate		2023	Optimal Reads-From Consistency Checking for C11-Style Memory Models	partial-order-reduction	high	Gives an optimal consistency checker relative to reads-from observations for C11-style memory models	
doi:10.1145/3290379	candidate		2019	JaVerT 2.0: compositional symbolic execution for JavaScript	heap-symbolic-execution	medium	Compositional JavaScript symbolic execution with separation-logic specifications and concrete test generation	
doi:10.1145/3092282.3092295	candidate		2017	ExpoSE: practical symbolic execution of standalone JavaScript	heap-symbolic-execution	medium	Practical dynamic symbolic execution for standalone JavaScript and its dynamic object behavior	
doi:10.1109/cscwd68734.2026.11582111	candidate		2026	Dataflow-Based Path Pruning in Symbolic Execution for Hardware Verification	property-directed-reduction	high	Dataflow-based symbolic-execution path pruning for hardware verification; retained as a recent title-level close candidate pending accessible primary evidence	
doi:10.1109/icst.2015.7102601	excluded	E7-duplicate-version	2015	Postconditioned Symbolic Execution	symbolic-state-equivalence	medium	Conference predecessor of the retained expanded postconditioned-symbolic-execution journal article	
doi:10.1145/2398857.2384655	excluded	E7-duplicate-version	2012	Higher-order symbolic execution via contracts	higher-order-verification	medium	Crossref container alias of the retained OOPSLA proceedings article	
doi:10.1145/2688500.2688533	screened		2015	Lazy happens-before equivalence	partial-order-reduction	high	Defines a lazy happens-before relation that ignores mutex-only edges to obtain a more precise schedule-state equivalence	
doi:10.1145/2858788.2688533	excluded	E7-duplicate-version	2015	The lazy happens-before relation: better partial-order reduction for systematic concurrency testing	partial-order-reduction	medium	Journal-record alias of the retained PPoPP proceedings article	
doi:10.1109/tse.2008.72	screened		2008	Interface grammars for modular checking	property-directed-reduction	high	Compiles context-free interface grammars with semantic constraints into environment stubs for modular model checking	
doi:10.1145/1273463.1273471	excluded	E7-duplicate-version	2007	Interface grammars for modular software model checking	property-directed-reduction	medium	Conference predecessor of the retained expanded TSE article	
doi:10.1145/2737924.2737956	screened		2015	DPOR for relaxed memory	partial-order-reduction	high	Soundly models scheduling and store-buffer nondeterminism together for DPOR under TSO and PSO, with an explicitly incomplete optional buffer bound	
doi:10.1145/2813885.2737956	excluded	E7-duplicate-version	2015	Dynamic partial order reduction for relaxed memory models	partial-order-reduction	medium	Journal-record alias of the retained PLDI proceedings article	
doi:10.1145/1375581.1375625	candidate		2008	Fair stateless model checking	partial-order-reduction	high	Extends stateless model checking with fairness constraints; retained as a schedule-enumeration boundary	
doi:10.1145/1379022.1375625	excluded	E7-duplicate-version	2008	Fair stateless model checking	partial-order-reduction	medium	Crossref container alias of the retained fair stateless model checking article	
doi:10.1145/1869459.1869493	screened		2010	Symbolic heap abstraction with demand-driven axiomatization of memory invariants	heap-symbolic-execution	high	Combines symbolic heap abstraction with demand-driven memory-invariant axioms to avoid explicit heap case analysis	
doi:10.1145/1932682.1869493	excluded	E7-duplicate-version	2010	Symbolic heap abstraction with demand-driven axiomatization of memory invariants	heap-symbolic-execution	medium	Crossref container alias of the retained OOPSLA proceedings article	
doi:10.1145/2259016.2259049	candidate		2012	Efficient bottom-up heap analysis for symbolic path-based data access summaries	heap-symbolic-execution	high	Computes bottom-up symbolic path-based heap data-access summaries	
doi:10.1007/s10817-014-9319-8	candidate		2015	Symbolic Execution Proofs for Higher Order Store Programs	higher-order-verification	high	Develops symbolic-execution proofs for programs with higher-order store rather than functional-input counterexample enumeration	
doi:10.1145/512950.512961	screened		1977	Global symbolic value graph	merged-evaluation	high	Uses a global value graph to compactly represent symbolic expression values and their flow across arbitrary control-flow graphs	
doi:10.1007/978-3-642-00255-7_22	candidate		2009	Dynamic Path Reduction for Software Model Checking	property-directed-reduction	high	Dynamic path reduction for software model checking; title-level neighbor pending stronger primary reconciliation	
doi:10.1007/978-3-319-52234-0_14	candidate		2017	Dynamic Reductions for Model Checking Concurrent Software	property-directed-reduction	medium	Surveys or develops dynamic reductions for concurrent-software model checking at a title-level evidence tier	
doi:10.1109/etfa.2014.7005100	excluded	E7-duplicate-version	2014	Estimation of P-time labeled Petri nets with unobservable transitions	partial-observation-state-estimation	medium	Conference predecessor of the retained expanded P-time marking-estimation article	
doi:10.1145/2950290.2983940	candidate		2016	JBSE: a symbolic executor for Java programs with complex heap inputs	heap-symbolic-execution	medium	Java symbolic execution with complex heap inputs; a tool comparator without a title-level exact quotient claim	
doi:10.1145/3510454.3528650	candidate		2022	GARUDA	heap-symbolic-execution	medium	Heap-aware symbolic-execution tool record without a title-level exact observer guarantee	
doi:10.1145/1869542.1869544	screened		2010	Explicit happens-before schedule analysis	partial-order-reduction	high	Extracts a static schedule abstraction from explicit happens-before task constraints and classifies task pairs as sequential, exclusive, or parallel	
doi:10.1145/2632362.2632365	screened		2014	May-happen-before relevance	partial-order-reduction	high	Combines static and dynamic information in a sound may-happen-before analysis to omit unnecessary thread-scheduling choices	
doi:10.1023/a:1011202615884	screened		2001	Relaxed POR visibility	partial-order-reduction	high	Relaxes the visibility condition used by partial-order reduction to admit stronger state-space reduction	
doi:10.1007/3-540-63166-6_33	excluded	E7-duplicate-version	1997	Relaxed visibility enhances partial order reduction	partial-order-reduction	medium	Conference predecessor of the retained expanded FMSD article	
doi:10.1145/2345156.1993521	candidate		2012	Partial-coherence abstractions for relaxed memory models	partial-order-reduction	high	Partial-coherence abstraction for relaxed memory models; retained as an adjacent weak-memory state abstraction	
doi:10.1145/1993316.1993521	excluded	E7-duplicate-version	2011	Partial-coherence abstractions for relaxed memory models	partial-order-reduction	medium	Crossref proceedings alias of the retained partial-coherence article	
doi:10.1145/1993498.1993521	excluded	E7-duplicate-version	2011	Partial-coherence abstractions for relaxed memory models	partial-order-reduction	medium	Crossref journal-record alias of the retained partial-coherence article	
doi:10.1145/1108768.1108808	screened		2005	Symbolic path simulation for dataflow	property-directed-reduction	high	Provides a general symbolic path simulator whose global feasibility facts improve path-sensitive dataflow analysis	
doi:10.1145/1108792.1108808	excluded	E7-duplicate-version	2006	Symbolic path simulation in path-sensitive dataflow analysis	property-directed-reduction	medium	Journal-record alias of the retained PASTE proceedings article	
doi:10.1145/2807702	candidate		2016	Value State Flow Graph	property-directed-reduction	medium	Value-state flow graph representation for sparse value-flow analysis; adjacent graph representation without a title-level observer guarantee	
doi:10.1016/j.infsof.2014.07.012	candidate		2015	Infeasible path generalization in dynamic symbolic execution	property-directed-reduction	high	Generalizes infeasible dynamic-symbolic-execution paths to prune related paths; retained as a path-relative reduction neighbor	
doi:10.1109/csit56902.2022.10000433	candidate		2022	Input decomposition by clusterization for symbolic execution	symbolic-search	medium	Clusters the input domain to guide symbolic execution without a title-level exact quotient guarantee	
doi:10.1145/3798243	candidate		2026	Online Input Grammar Synthesis Aided Symbolic Execution	symbolic-search	medium	Synthesizes input grammars online to aid symbolic execution; retained as a recent search-guidance comparator	
doi:10.1145/3428245	candidate		2020	Dataflow-based pruning for speeding up superoptimization	property-directed-reduction	medium	Dataflow-based pruning for superoptimization; adjacent property-directed search rather than caller-input-fiber enumeration	
doi:10.1145/1869459.1869461	screened		2010	Modular glass-box model checking	symbolic-state-equivalence	high	Safely groups and checks large sets of similar states together, with modular abstractions further reducing bounded all-input and all-schedule model checking	
doi:10.1145/1932682.1869461	excluded	E7-duplicate-version	2010	Efficient modular glass box software model checking	symbolic-state-equivalence	medium	Journal-record alias of the retained OOPSLA proceedings article	
doi:10.1007/978-3-319-24953-7_18	candidate		2015	Lazy-CSeq-SP: Boosting Sequentialization-Based Verification of Multi-threaded C Programs via Symbolic Pruning of Redundant Schedules	partial-order-reduction	high	Symbolically prunes redundant schedules in a sequentialized concurrent program; retained as a schedule-reduction neighbor	
doi:10.1109/fmcad.2016.7886672	candidate		2016	Hybrid partial order reduction with under-approximate dynamic points-to and determinacy information	partial-order-reduction	medium	Hybrid POR with explicitly under-approximate points-to and determinacy information; no exact exhaustive guarantee is imported	
doi:10.1145/224538.224570	candidate		1995	Enhancing array dataflow dependence analysis with on-demand global value propagation	merged-evaluation	medium	Uses on-demand global value propagation to improve array dataflow-dependence analysis	
doi:10.1145/3007898	candidate		2017	Symbolic Analyses of Dataflow Graphs	merged-evaluation	medium	Symbolic analyses of dataflow graphs; retained as a representation-level neighbor pending stronger claim-level evidence	
doi:10.1145/2889160.2891042	candidate		2016	Maximally stateless model checking for concurrent bugs under relaxed memory models	partial-order-reduction	medium	Maximally stateless checking for concurrent bugs under relaxed memory; title-level supporting comparator	
doi:10.1145/2983990.2984036	candidate		2016	Stateless model checking with data-race preemption points	partial-order-reduction	medium	Restricts stateless model-checking preemptions to data-race points; schedule-pruning comparator without a title-level observer quotient	
doi:10.1145/3022671.2984036	excluded	E7-duplicate-version	2016	Stateless model checking with data-race preemption points	partial-order-reduction	medium	Journal-record alias of the retained OOPSLA proceedings article	
doi:10.1145/2814270.2814282	candidate		2015	Stateless model checking of event-driven applications	partial-order-reduction	medium	Stateless model checking for event-driven applications; supporting schedule-exploration comparator	
doi:10.1145/2858965.2814282	excluded	E7-duplicate-version	2015	Stateless model checking of event-driven applications	partial-order-reduction	medium	Crossref container alias of the retained event-driven stateless-checking article	
doi:10.1007/s00236-016-0275-0	excluded	E7-duplicate-version	2017	Stateless model checking for TSO and PSO	partial-order-reduction	medium	Expanded journal version of the retained TACAS stateless-checking work for TSO and PSO	
doi:10.1145/202529.202535	candidate		1995	Optimizing sparse representations for dataflow analysis	property-directed-reduction	medium	Optimizes sparse program representations for conventional dataflow analysis rather than an input-observer partition	
doi:10.1145/202530.202535	excluded	E7-duplicate-version	1995	Optimizing sparse representations for dataflow analysis	property-directed-reduction	medium	Crossref container alias of the retained sparse-dataflow-analysis article	
doi:10.1007/978-3-319-45994-3_7	screened		2016	Safety-property-driven stubborn sets	partial-order-reduction	high	Drives stubborn-set construction from the checked safety property rather than a property-independent visibility boundary	
doi:10.1007/s10703-006-0006-1	screened		2006	Question-guided stubborn sets	partial-order-reduction	high	Guides stubborn-set reduction by state-property questions and is a direct property-observer precedent	
doi:10.1007/s10703-011-0126-0	screened		2012	Transparent partial-order reduction	partial-order-reduction	high	Transparent partial-order reduction retained as a close visibility and reduction-condition comparator	
doi:10.1007/978-3-642-13675-7_5	excluded	E7-duplicate-version	2010	Optimal stubborn sets	partial-order-reduction	medium	Conference predecessor of the retained expanded 2011 journal article	
doi:10.1007/978-3-642-04761-9_4	candidate		2009	Exploring the Scope for Partial Order Reduction	partial-order-reduction	high	Explores the sound scope of partial-order reduction as an adjacent reduction-boundary result	
doi:10.1007/978-3-030-94583-1_8	screened		2022	Automata-driven POR and guided search	partial-order-reduction	high	Uses an LTL-property automaton to drive partial-order reduction and guided search	
doi:10.1007/3-540-56922-7_36	candidate		1993	Refining dependencies improves partial-order verification methods (extended abstract)	partial-order-reduction	high	Historical result showing that refined dependency relations improve partial-order verification	
doi:10.1109/lics.1996.561357	candidate		1996	Partial-order methods for model checking: from linear time to branching time	partial-order-reduction	high	Extends partial-order model-checking methods from linear-time to branching-time properties	
doi:10.1007/bf02252682	candidate		1992	Verification of distributed programs using representative interleaving sequences	partial-order-reduction	medium	Historical representative-interleaving-sequence reduction for distributed-program verification	
doi:10.1016/0304-3975(92)90054-j	candidate		1992	Defining conditional independence using collapses	partial-order-reduction	medium	Foundational conditional-independence treatment discovered in the relaxed-visibility lineage	
doi:10.1109/lics.1991.151664	candidate		1991	A partial approach to model checking	partial-order-reduction	medium	Historical partial-order approach to model checking	
doi:10.1007/bf00121262	candidate		1996	Combining partial order reductions with on-the-fly model-checking	partial-order-reduction	medium	Combines partial-order reduction with on-the-fly model checking	
doi:10.1007/bf00709154	candidate		1992	A stubborn attack on state explosion	partial-order-reduction	medium	Foundational stubborn-set state-explosion reduction	
doi:10.1007/3-540-56922-7_33	candidate		1993	On-the-fly verification with stubborn sets	partial-order-reduction	medium	Historical on-the-fly verification with stubborn sets	
doi:10.3233/fi-2011-613	screened		2011	Optimal stubborn sets	partial-order-reduction	high	Expanded journal treatment of optimality limits and possibilities for stubborn-set reduction	
doi:10.1007/3-540-48745-x_4	screened		1999	Stubborn sets for standard properties	partial-order-reduction	high	Direct property-specific stubborn-set predecessor for standard checked properties	
doi:10.1007/s10703-005-4594-y	screened		2005	Stubborn sets for linear-time properties	partial-order-reduction	high	Expanded journal treatment of stubborn sets for linear-time temporal properties	
doi:10.1007/3-540-69108-1_8	excluded	E7-duplicate-version	1998	On Stubborn Sets in the Verification of Linear Time Temporal Properties	partial-order-reduction	medium	Conference predecessor of the retained expanded 2005 journal article	
doi:10.1007/978-3-642-31131-4_13	screened		2012	Stubborn sets for simple linear-time properties	partial-order-reduction	high	Stubborn-set reduction specialized to simple linear-time properties	
doi:10.1007/3-540-44988-4_17	excluded	E7-duplicate-version	2000	Improved Question-Guided Stubborn Set Methods for State Properties	partial-order-reduction	medium	Conference predecessor of the retained expanded 2006 question-guided journal article	
doi:10.7146/dpb.v29i543.7077	excluded	E7-duplicate-version	2000	Improved Question-Guided Stubborn Set Methods for State Properties	partial-order-reduction	low	Technical-report version superseded by the retained expanded 2006 journal article	
doi:10.1016/j.scico.2010.02.008	screened		2011	POR for state/event LTL	partial-order-reduction	high	Expanded treatment of partial-order reduction for state/event LTL and component-interaction automata	
doi:10.1007/978-3-642-00255-7_21	excluded	E7-duplicate-version	2009	Partial Order Reduction for State/Event LTL	partial-order-reduction	medium	Conference predecessor of the retained expanded 2011 journal article	
doi:10.1007/978-3-030-02215-0_3	screened		2019	Symbolic simulation of synchronous dataflow with timers	dataflow-symbolic-simulation	high	Expanded symbolic simulation treatment for synchronous dataflow programs with timers	
doi:10.1109/fdl.2017.8303894	excluded	E7-duplicate-version	2017	Symbolic simulation of dataflow synchronous programs with timers	dataflow-symbolic-simulation	medium	Conference predecessor of the retained expanded 2019 chapter	
doi:10.1109/icst.2010.13	excluded	E7-duplicate-version	2010	Explanation-Based Generalization of Infeasible Path	property-directed-reduction	medium	Conference predecessor of the retained expanded infeasible-path-generalization journal article	
doi:10.1109/icsess47205.2019.9040767	candidate		2019	Detecting Interprocedural Infeasible Paths via Symbolic Propagation and Dataflow Analysis	property-directed-reduction	medium	Combines symbolic propagation and dataflow analysis to detect interprocedural infeasible paths	
doi:10.1007/11823230_27	candidate		2006	Path-Sensitive Dataflow Analysis with Iterative Refinement	property-directed-reduction	high	Path-sensitive dataflow analysis with iterative feasibility refinement	
doi:10.1145/2771284.2771285	candidate		2015	Using targeted symbolic execution for reducing false-positives in dataflow analysis	property-directed-reduction	high	Uses target-directed symbolic execution to reduce dataflow-analysis false positives	
doi:10.1007/978-3-319-51046-0_6	candidate		2017	Abstractions for Transition Systems with Applications to Stubborn Sets	partial-order-reduction	medium	Transition-system abstractions applied to stubborn-set reasoning	
doi:10.1007/978-3-319-51046-0_13	candidate		2017	More Stubborn Set Methods for Process Algebras	partial-order-reduction	medium	Additional stubborn-set methods for process algebras	
doi:10.1007/3-540-58152-9_30	candidate		1994	On combining the stubborn set method with the sleep set method	partial-order-reduction	medium	Combines stubborn-set and sleep-set reductions	
doi:10.1007/3-540-58152-9_28	candidate		1994	Symbolic, symmetry, and stubborn set searches	partial-order-reduction	medium	Combines symbolic symmetry and stubborn-set searches	
doi:10.1007/3-540-53863-1_36	excluded	E7-duplicate-version	1991	Stubborn sets for reduced state space generation	partial-order-reduction	medium	Conference predecessor of the retained 1992 journal stubborn-set treatment	
doi:10.1007/3-540-55676-1_25	candidate		1992	The stubborn set method in practice	partial-order-reduction	medium	Early practical stubborn-set implementation experience	
doi:10.1007/s10009-017-0481-2	candidate		2018	Fair testing and stubborn sets	partial-order-reduction	high	Relates fair-testing semantics to stubborn-set reduction	
doi:10.3233/fi-2021-2001	candidate		2021	Stubborn Sets, Frozen Actions, and Fair Testing	partial-order-reduction	high	Combines frozen-action stubborn sets with fair testing	
doi:10.1007/978-3-642-21834-7_14	candidate		2011	On the Origin of Events: Branching Cells as Stubborn Sets	event-structures	medium	Relates event-structure branching cells to stubborn sets without introducing a caller-input observer	
doi:10.1109/acsd.2011.25	candidate		2011	Compositional Analysis for Weak Stubborn Sets	partial-order-reduction	high	Compositional analysis for weak stubborn sets; a component-level schedule reduction rather than an input fiber	
doi:10.1007/s10817-017-9418-4	candidate		2018	Formal Verification of an Executable LTL Model Checker with Partial Order Reduction	partial-order-reduction	high	Expanded formal verification of an executable LTL model checker with partial-order reduction	
doi:10.1007/978-3-319-40648-0_23	excluded	E7-duplicate-version	2016	Formal Verification of an Executable LTL Model Checker with Partial Order Reduction	partial-order-reduction	medium	Conference predecessor of the retained expanded 2018 journal article	
doi:10.1007/978-3-319-13338-6_20	candidate		2014	Partial-Order Reduction for Multi-core LTL Model Checking	partial-order-reduction	medium	Multi-core partial-order reduction for LTL model checking	
doi:10.1093/logcom/exw004	candidate		2016	Partial order reduction for checking LTL formulae with the next-time operator	partial-order-reduction	high	Partial-order reduction that handles LTL formulae with the next-time operator	
doi:10.1016/j.tcs.2009.03.002	candidate		2009	Efficient model checking for LTL with partial order snapshots	partial-order-reduction	high	Efficient LTL checking with partial-order snapshots	
doi:10.1016/j.ipl.2007.11.015	candidate		2008	Ant colony optimization with partial order reduction for discovering safety property violations in concurrent models	partial-order-reduction	medium	Uses ant-colony search with POR to discover safety-property violations	
doi:10.1109/issre55969.2022.00054	candidate		2022	Learning to Prune Infeasible Paths in Generalized Symbolic Execution	property-directed-reduction	medium	Learns to prune infeasible generalized-symbolic-execution paths without an exact fiber guarantee	
doi:10.1109/qrs.2016.26	candidate		2016	A Method for Pruning Infeasible Paths via Graph Transformations and Symbolic Execution	property-directed-reduction	medium	Prunes infeasible paths through graph transformations and symbolic execution	
doi:10.1145/222124.222139	candidate		1995	State abstraction and modular software development	symbolic-state-equivalence	medium	State abstraction for modular software development without a requested-input observer	
doi:10.1145/222132.222139	excluded	E7-duplicate-version	1995	State abstraction and modular software development	symbolic-state-equivalence	low	Journal-record alias of the retained FSE proceedings article	
doi:10.1007/s11704-015-4492-4	candidate		2016	An operational happens-before memory model	partial-order-reduction	medium	Expanded operational account of a happens-before memory model	
doi:10.1109/tase.2013.24	excluded	E7-duplicate-version	2013	An Operational Approach to Happens-Before Memory Model	partial-order-reduction	medium	Conference predecessor of the retained expanded 2016 journal article	
doi:10.1145/2578855.2535845	excluded	E7-duplicate-version	2014	Optimal dynamic partial order reduction	partial-order-reduction	medium	Journal-record alias of the retained POPL optimal-DPOR article	
doi:10.1145/3603288.3603296	candidate		2024	Approximate Partial Order Reduction	partial-order-reduction	low	Same-title approximate-POR record with incomplete Crossref authorship retained for explicit adjudication	
doi:10.1109/rtas54340.2022.00018	excluded	E7-duplicate-version	2022	Partial-Order Reduction for Schedule-Abstraction-based Response-Time Analyses of Non-Preemptive Tasks	partial-order-reduction	medium	Conference predecessor of the retained expanded 2023 journal treatment	
doi:10.1007/978-3-319-10936-7_13	candidate		2014	Sparse Dataflow Analysis with Pointers and Reachability	property-directed-reduction	medium	Sparse pointer and reachability dataflow analysis without a symbolic input partition	
doi:10.1016/s1571-0661(05)80436-0	screened		2002	Symbolic simulation of synchronous programs	dataflow-symbolic-simulation	high	Direct early symbolic simulation of synchronous programs	
doi:10.1006/inco.1996.0012	screened		1996	Schematological dataflow equivalence	dataflow-equivalence	high	Schematological equivalence for dataflow networks as a network-level semantic-equivalence boundary	
doi:10.1006/inco.1997.2658	screened		1997	Partially interpreted dataflow equivalence	dataflow-equivalence	high	Extends schematological equivalence to partially interpreted dataflow networks	
doi:10.1109/date.2011.5763043	candidate		2011	Pruning infeasible paths for tight WCRT analysis of synchronous programs	property-directed-reduction	high	Prunes infeasible synchronous-program paths for tight worst-case reaction-time analysis	
doi:10.1007/s11241-023-09398-x	candidate		2023	Partial-order reduction in reachability-based response-time analyses of limited-preemptive DAG tasks	partial-order-reduction	high	Expanded POR treatment for schedule-abstraction response-time analysis of limited-preemptive DAG tasks	
doi:10.1007/978-3-642-19835-9_31	candidate		2011	Boosting Lazy Abstraction for SystemC with Partial Order Reduction	partial-order-reduction	high	Combines lazy abstraction and partial-order reduction for SystemC	
doi:10.1109/icppw.2006.26	candidate		2006	Automatic Flow Analysis Using Symbolic Execution and Path Enumeration	property-directed-reduction	medium	Automatic flow analysis using symbolic execution and path enumeration	
doi:10.1007/11691372_18	excluded	E7-duplicate-version	2006	Efficient Model Checking for LTL with Partial Order Snapshots	partial-order-reduction	medium	Conference predecessor of the retained expanded 2009 journal article	
doi:10.1007/978-3-319-32582-8_16	excluded	E7-duplicate-version	2016	Fair Testing and Stubborn Sets	partial-order-reduction	medium	Conference predecessor of the retained expanded 2018 journal article	
doi:10.1145/2680541	candidate		2015	Stubborn Sets for Time Petri Nets	partial-order-reduction	high	Stubborn-set reduction for time Petri nets	
doi:10.1023/a:1008629725384	candidate		1997	Stubborn Sets for Real-Time Petri Nets	partial-order-reduction	high	Stubborn-set reduction for real-time Petri nets	
doi:10.1007/978-3-319-67089-8_12	candidate		2017	Stubborn Sets with Frozen Actions	partial-order-reduction	high	Extends stubborn-set reduction with frozen actions	
doi:10.1007/978-3-032-27879-1_9	candidate		2026	Preserving LTL Properties in Sweep-Line State Space Exploration with Partial-Order Reduction	partial-order-reduction	high	Preserves LTL properties when combining sweep-line exploration and partial-order reduction	
doi:10.22152/programming-journal.org/2021/5/12	screened		2021	Transparent synchronous dataflow	dataflow-semantics	high	Transparent synchronous dataflow language and semantics as a direct program-model boundary	
doi:10.1006/inco.2000.9999	screened		2000	Compositional synchronous dataflow languages	dataflow-semantics	high	Compositionality in synchronous dataflow languages with specification and distributed code generation	
doi:10.1109/memcod.2014.6961838	candidate		2014	An abstraction-refinement framework for priority-driven scheduling of static dataflow graphs	dataflow-analysis	medium	Abstraction refinement for priority-driven scheduling of static dataflow graphs	
doi:10.1145/2968478.2968489	candidate		2016	A refinement theory for timed-dataflow analysis with support for reordering	dataflow-analysis	medium	Refinement theory for timed-dataflow analysis with action reordering	
doi:10.1109/desec.2018.8625128	candidate		2018	Dynamic Path Pruning in Symbolic Execution	property-directed-reduction	medium	Dynamic path pruning in symbolic execution without a stated exact observer quotient	
doi:10.1007/978-3-319-43144-4_3	candidate		2016	Infeasible Paths Elimination by Symbolic Execution Techniques	property-directed-reduction	medium	Eliminates infeasible paths with symbolic-execution techniques	
doi:10.1007/978-3-540-69166-2_16	candidate		1998	SLR: Path-Sensitive Analysis through Infeasible-Path Detection and Syntactic Language Refinement	property-directed-reduction	high	Path-sensitive analysis through infeasible-path detection and syntactic language refinement	
doi:10.1109/access.2019.2894593	candidate		2019	Detecting Interprocedural Infeasible Paths Based on Unsatisfiable Path Constraint Patterns	property-directed-reduction	medium	Detects interprocedural infeasible paths through unsatisfiable path-constraint patterns	
doi:10.1109/rtas.2014.6926000	candidate		2014	Trickle: Automated infeasible path detection using all minimal unsatisfiable subsets	property-directed-reduction	high	Detects infeasible paths through all minimal unsatisfiable subsets	
doi:10.1145/1450058.1450060	candidate		2008	Event order abstraction for parametric real-time system verification	partial-order-reduction	high	Event-order abstraction for parametric real-time system verification	
doi:10.1007/s11241-017-9297-0	candidate		2018	Delay-dependent partial order reduction technique for real time systems	partial-order-reduction	high	Delay-dependent POR for real-time systems	
doi:10.1145/1529282.1529400	candidate		2009	Abstraction of multiple executions of object-oriented programs	symbolic-state-equivalence	medium	Abstracts multiple object-oriented program executions rather than caller-input fibers	
doi:10.1007/10692867_13	candidate		1998	Abstraction and Modular Verification of Infinite-State Reactive Systems	symbolic-state-equivalence	high	Abstraction and modular verification for infinite-state reactive systems	
doi:10.1145/1555754.1555777	candidate		2009	Multi-execution	symbolic-state-equivalence	medium	Multi-execution architecture record; execution grouping rather than a requested input observer	
doi:10.1145/1555815.1555777	excluded	E7-duplicate-version	2009	Multi-execution	symbolic-state-equivalence	low	Crossref container alias of the retained ISCA proceedings article	
doi:10.1007/978-3-642-15769-1_22	candidate		2010	Thread-Modular Counterexample-Guided Abstraction Refinement	symbolic-state-equivalence	high	Thread-modular counterexample-guided abstraction refinement	
doi:10.1109/tc.2009.187	candidate		2010	Modular Model Checking of Large Asynchronous Designs with Efficient Abstraction Refinement	symbolic-state-equivalence	high	Modular checking of asynchronous designs with abstraction refinement	
doi:10.3233/fi-1995-22128	screened		1995	An algebra of dataflow networks	dataflow-semantics	high	Algebraic treatment of dataflow networks as a foundational network-semantics boundary	
doi:10.1007/bfb0013470	screened		1991	Dataflow networks are fibrations	dataflow-semantics	high	Fibrational account of dataflow networks as a categorical network-semantics boundary	
doi:10.1109/sfcs.1989.63474	screened		1989	Full abstraction for dataflow networks	dataflow-semantics	high	Full-abstraction result for nondeterministic dataflow networks	
doi:10.1109/lics.1992.185527	screened		1992	A calculus of dataflow networks	dataflow-semantics	high	Calculus of dataflow networks as a foundational intensional semantics boundary	
doi:10.1007/bfb0018344	screened		1989	Compositional relational dataflow semantics	dataflow-semantics	high	Compositional relational semantics for indeterminate dataflow networks	
doi:10.1016/0164-1212(91)90004-p	candidate		1991	Specification of concurrent processes using a dataflow model of computation and partially ordered events	dataflow-semantics	high	Concurrent-process specification combining a dataflow model with partially ordered events	
doi:10.1007/bfb0032041	screened		1990	Stability and sequentiality in dataflow networks	dataflow-semantics	high	Stability and sequentiality properties for dataflow networks	
doi:10.1109/date.2003.1253608	screened		2003	Exact synchronous-program WCET analysis	dataflow-symbolic-simulation	high	Exact WCET analysis of synchronous programs by symbolic state-space exploration	
doi:10.1109/date.2003.1186386	excluded	E7-duplicate-version	2003	Exact high level WCET analysis of synchronous programs by symbolic state space exploration	dataflow-symbolic-simulation	low	Duplicate DOI record for the retained exact synchronous-program WCET article	
doi:10.1145/1755952.1755960	candidate		2010	From synchronous programs to symbolic representations of hybrid systems	dataflow-symbolic-simulation	medium	Translation from synchronous programs to symbolic hybrid-system representations	
doi:10.1109/isqed.2006.61	candidate		2006	Equivalence Checking of C Programs by Locally Performing Symbolic Simulation on Dependence Graphs	output-symbolic-execution	high	C-program equivalence checking by local symbolic simulation over dependence graphs	
doi:10.1007/3-540-49213-5_3	excluded	E7-duplicate-version	1998	Compositionality in dataflow synchronous languages: specification &amp; code generation	dataflow-semantics	medium	Preliminary report superseded by the retained significantly revised 2000 journal article	
doi:10.1007/3-540-49213-5_16	candidate		1998	Compositionality Criteria for Defining Mixed-Styles Synchronous Languages	dataflow-semantics	high	Compositionality criteria for defining mixed-style synchronous languages	
doi:10.1145/3211332.3211339	candidate		2018	Compositionality in scenario-aware dataflow: a rendezvous perspective	dataflow-semantics	high	Compositional semantics for scenario-aware dataflow under a rendezvous perspective	
doi:10.1145/3299710.3211339	excluded	E7-duplicate-version	2018	Compositionality in scenario-aware dataflow: a rendezvous perspective	dataflow-semantics	low	Journal-record alias of the retained LCTES proceedings article	
doi:10.1016/j.entcs.2006.02.024	candidate		2006	Synchronous Dataflow Pattern Matching	dataflow-semantics	medium	Variant types and pattern matching for synchronous dataflow languages	
doi:10.1145/3371112	candidate		2020	Mechanized semantics and verified compilation for a dataflow synchronous language with reset	dataflow-semantics	high	Mechanized semantics and verified compilation for synchronous dataflow with reset	
doi:10.70675/0d242e5czfe16z49f6za04ezf51f4dabb08e	excluded	E7-duplicate-version	2020	Mechanized semantics and verified compilation for a dataflow synchronous language with reset	dataflow-semantics	low	Dissertation record superseded for the surveyed claim by the retained POPL article	
doi:10.1145/3608102	candidate		2023	Verified Compilation of Synchronous Dataflow with State Machines	dataflow-semantics	high	Verified compilation of synchronous dataflow extended with state machines	
doi:10.70675/39a5d53bzce3fz4517z9ee1z77b5242313f9	excluded	E7-duplicate-version	2023	Verified compilation of a synchronous dataflow language with state machines	dataflow-semantics	low	Dissertation record superseded for the surveyed claim by the retained EMSOFT article	
doi:10.21236/ada538756	candidate		2009	Compositionality in Synchronous Data Flow: Modular Code Generation from Hierarchical SDF Graphs	dataflow-semantics	medium	Compositional modular code generation from hierarchical synchronous-dataflow graphs	
doi:10.1145/2024724.2024837	candidate		2011	Efficient WCRT analysis of synchronous programs using reachability	property-directed-reduction	high	Reachability-based WCRT analysis of synchronous programs	
doi:10.1109/date.2009.5090639	candidate		2009	WCRT algebra and interfaces for esterel-style synchronous processing	property-directed-reduction	high	WCRT algebra and interfaces for Esterel-style synchronous processing	
doi:10.1145/1629395.1629424	candidate		2009	Tight WCRT analysis of synchronous C programs	property-directed-reduction	high	Tight WCRT analysis of synchronous C programs	
doi:10.1145/3126520	candidate		2017	Timing Analysis of Synchronous Programs using WCRT Algebra	property-directed-reduction	high	Timing analysis of synchronous programs using WCRT algebra	
doi:10.1016/j.jlamp.2021.100678	candidate		2021	Formal verification of timed synchronous dataflow graphs using Lustre	dataflow-analysis	medium	Formal verification of timed synchronous-dataflow graphs using Lustre	
doi:10.17760/d20328155	excluded	E6-out-of-scope-model	2019	Resource-aware program analysis using observation sequences	program-analysis	medium	Resource-parameterized concurrent-program analysis whose observation sequence tracks behavior across resource bounds	
doi:10.1007/978-3-031-33620-1_19	candidate		2023	Experimenting with Stubborn Sets on Petri Nets	partial-order-reduction	medium	Experimental study of stubborn sets on Petri nets	
doi:10.1007/3-540-69108-1_7	candidate		1998	Finding Stubborn Sets of Coloured Petri Nets without Unfolding	partial-order-reduction	medium	Finds stubborn sets directly on colored nets without unfolding	
doi:10.1007/978-3-642-31131-4_14	candidate		2012	Hybrid On-the-Fly LTL Model Checking with the Sweep-Line Method	partial-order-reduction	medium	Hybrid on-the-fly LTL model checking with the sweep-line method	
doi:10.1109/isvlsi.2009.16	candidate		2009	Synchronization-Based Abstraction Refinement for Modular Verification of Asynchronous Designs	symbolic-state-equivalence	medium	Synchronization-based abstraction refinement for modular asynchronous-design verification	
doi:10.1007/978-3-540-45069-6_27	candidate		2003	Thread-Modular Abstraction Refinement	symbolic-state-equivalence	high	Foundational thread-modular abstraction-refinement method	
doi:10.1145/1993316.1993567	candidate		2011	Scaling abstraction refinement via pruning	symbolic-state-equivalence	medium	Scales abstraction refinement by pruning irrelevant refinement work	
doi:10.1145/2345156.1993567	excluded	E7-duplicate-version	2012	Scaling abstraction refinement via pruning	symbolic-state-equivalence	low	Duplicate journal-record alias of the retained PLDI article	
doi:10.1109/fmcad.2007.4401989	candidate		2007	Automatic Abstraction Refinement for Generalized Symbolic Trajectory Evaluation	symbolic-state-equivalence	high	Automatic abstraction refinement for generalized symbolic trajectory evaluation	
doi:10.1007/bf01186644	screened		1995	Compositional dataflow semantics for Petri nets	dataflow-semantics	high	Compositional fixed-point input-output semantics for place-transition nets consistent with step-sequence semantics	
doi:10.1007/s002360050029	excluded	E7-duplicate-version	1995	A compositional dataflow semantics for Petri nets	dataflow-semantics	low	Duplicate DOI record for the retained Acta Informatica article	
doi:10.1017/s0960129504004293	screened		2004	Relational nondeterministic dataflow	dataflow-semantics	high	Profunctor-based relational semantics and bisimulation for nondeterministic dataflow	
doi:10.7146/brics.v4i36.18962	excluded	E7-duplicate-version	1997	Relational Semantics of Non-Deterministic Dataflow	dataflow-semantics	medium	Technical-report precursor superseded by the retained expanded 2004 journal article	
doi:10.1007/978-1-4471-3860-0_10	candidate		1990	A Simple Generalization of Kahn’s Principle to Indeterminate Dataflow Networks	dataflow-semantics	high	Generalizes Kahn's fixed-point principle to indeterminate dataflow networks	
doi:10.1007/978-1-4471-3860-0_11	candidate		1990	Defining Fair Merge as a Colimit: Towards a Fixed-Point Theory for Indeterminate Dataflow	dataflow-semantics	high	Categorical fixed-point treatment of fair merge in indeterminate dataflow	
doi:10.1016/0890-5401(92)90043-f	screened		1992	Expressiveness of indeterminate dataflow	dataflow-semantics	high	Expressiveness hierarchy for indeterminate fair-merge primitives under network composition	
doi:10.1016/0304-3975(81)90108-0	screened		1981	Extensional dataflow deadlock	dataflow-semantics	high	Extensional Kahn-semantics proof rule for deadlock freedom in equational dataflow	
doi:10.1007/bfb0022475	excluded	E7-duplicate-version	1979	An extensional treatment of dataflow deadlock	dataflow-semantics	medium	Conference version superseded by the retained 1981 journal article	
doi:10.1109/5.381846	candidate		1995	Dataflow process networks	dataflow-semantics	high	Foundational dataflow process-network model and implementation survey	
doi:10.1017/cbo9780511770524.005	candidate		2009	The semantics of dataflow with firing	dataflow-semantics	medium	Semantics of dataflow with firing as a network-model boundary	
doi:10.1007/978-3-642-13414-2_7	candidate		2010	Compositional Construction of Real-Time Dataflow Networks	dataflow-semantics	medium	Compositional construction of real-time dataflow networks	
doi:10.1007/3-540-54415-1_47	candidate		1991	Towards a complete hierarchy of compositional dataflow models	dataflow-semantics	high	Hierarchy of compositional dataflow models	
doi:10.1145/331119.331418	candidate		1996	Specification of a functional synchronous dataflow language for parallel implementations with the denotational semantics	dataflow-semantics	medium	Denotational specification of a functional synchronous-dataflow language for parallel implementation	
doi:10.1111/j.1749-6632.1992.tb26038.x	candidate		1992	The LUSTRE Synchronous Dataflow Programming Language: Design and Semantics	dataflow-semantics	high	Design and semantics of the Lustre synchronous-dataflow language	
doi:10.1145/3609131	candidate		2023	A Constructive State-based Semantics and Interpreter for a Synchronous Data-flow Language with State Machines	dataflow-semantics	high	Constructive state-based semantics and interpreter for synchronous dataflow with state machines	
doi:10.1145/3373108	excluded	E7-duplicate-version	2020	Models, Algorithms, and Proofs for &amp;quot;Mechanized Semantics and Verified Compilation for a Dataflow Synchronous Language with Reset&amp;quot;	dataflow-semantics	low	Artifact record for the retained POPL semantics and verified-compilation article	
doi:10.1145/215465.215582	candidate		1995	Clock analysis of synchronous dataflow programs	dataflow-analysis	high	Clock analysis for synchronous-dataflow programs	
doi:10.1109/tcad.2023.3239538	candidate		2023	Efficient Computation of the Max-Plus Semantics of Synchronous Dataflow Graphs	dataflow-analysis	medium	Efficient max-plus semantics for synchronous-dataflow graphs	
doi:10.1109/dsd.2018.00034	candidate		2018	Compositional Dataflow Modelling for Cyclo-Static Applications	dataflow-semantics	medium	Compositional modeling for cyclo-static dataflow applications	
doi:10.1145/3127041.3127055	candidate		2017	Compositional dataflow circuits	dataflow-semantics	medium	Compositional dataflow-circuit semantics and implementation boundary	
doi:10.1109/lics.1991.151638	candidate		1991	Sequentiality and strong stability	dataflow-semantics	medium	Sequentiality and strong-stability semantics	
doi:10.1109/lics.1994.316082	candidate		1994	On strong stability and higher-order sequentiality	dataflow-semantics	medium	Higher-order sequentiality and strong-stability semantics	
doi:10.1145/1629335.1629354	candidate		2009	Symbolic state traversal for WCET analysis	property-directed-reduction	high	Symbolic state traversal for WCET analysis	
doi:10.14236/ewic/vecos2008.12	candidate		2008	Computing WCET using symbolic execution	property-directed-reduction	high	WCET computation using symbolic execution	
doi:10.1360/jos170628	candidate		2006	Symbolic WCET Analysis of Programs Containing Input-Dependent Branches	property-directed-reduction	high	Symbolic WCET analysis of programs with input-dependent branches	
doi:10.1145/2038642.2038692	candidate		2011	Symbolic simulation on complicated loops for WCET path analysis	property-directed-reduction	high	Symbolic simulation of complicated loops for WCET path analysis	
doi:10.1145/3147413	candidate		2017	Symbolic WCET Computation	property-directed-reduction	high	General symbolic WCET computation	
doi:10.1007/978-3-642-29709-0_20	candidate		2012	Symbolic Loop Bound Computation for WCET Analysis	property-directed-reduction	medium	Symbolic loop-bound computation for WCET analysis	
doi:10.1109/fpl.2012.6339261	candidate		2012	Verification of streaming designs by combining symbolic simulation and equivalence checking	hardware	medium	Streaming-design verification combining symbolic simulation and equivalence checking	
doi:10.1109/icccas.2009.5250316	candidate		2009	Equivalence checking of high-level designs based on symbolic simulation	hardware	medium	High-level design equivalence checking based on symbolic simulation	
doi:10.1109/date.1998.655923	candidate		1998	On the reuse of symbolic simulation results for incremental equivalence verification of switch-level circuits	hardware	medium	Reuses switch-level symbolic-simulation results for incremental equivalence verification	
doi:10.1007/3-540-40922-x_26	candidate		2000	Sequential Equivalence Checking by Symbolic Simulation	hardware	medium	Sequential equivalence checking by symbolic simulation	
doi:10.1093/ietfec/e88-a.12.3315	candidate		2005	An Equivalence Checking Method for C Descriptions Based on Symbolic Simulation with Textual Differences	output-symbolic-execution	medium	C-description equivalence checking by symbolic simulation under textual differences	
doi:10.29007/7b44	screened		2017	Symbolic observation graph	partial-order-reduction	high	Symbolic observation graph groups states connected by unobserved transitions and retains observed transitions as explicit edges	
doi:10.1109/hpcs48598.2019.9188053	excluded	E7-duplicate-version	2019	Parallel construction of the Symbolic Observation Graph	partial-order-reduction	low	Short later treatment superseded by the retained fuller 2017 construction	
doi:10.1016/j.sysarc.2024.103086	screened		2024	Procedure-argument-dependent WCET formulas	property-directed-reduction	high	Procedure-argument-dependent WCET formulas whose conditions capture input-dependent control flow	
doi:10.70675/3aae1dacz8e78z4548zb112z283138654eb5	excluded	E7-duplicate-version	2023	Efficient tree-based symbolic WCET computation	property-directed-reduction	low	Dissertation record superseded for this claim by the retained 2024 journal article	
doi:10.1145/3720432	screened		2025	Mechanized semantics for dataflow circuits	dataflow-semantics	high	Coq-mechanized operational semantics for asynchronously connected dataflow circuits with determinacy and representation-equivalence results	
doi:10.1016/j.scico.2021.102624	screened		2021	Compositional observer semantics for timed properties	property-directed-reduction	high	Compositional time-Petri-net observer semantics generated from real-time property patterns	
doi:10.1007/s00165-003-0018-1	screened		2003	Intensional and extensional dataflow semantics	dataflow-semantics	high	Equivalence of extensional Kahn functions and intensional token-production semantics under a deadlock-freedom condition	
doi:10.1007/978-3-540-85762-4_5	candidate		2008	Non-interleaving Semantics with Causality for Nondeterministic Dataflow	dataflow-semantics	high	Non-interleaving causal semantics for nondeterministic dataflow	
doi:10.1007/3-540-51486-4_79	candidate		1989	An iterative metric fully abstract semantics for nondeterministic dataflow (extended abstract)	dataflow-semantics	high	Iterative-metric fully abstract semantics for nondeterministic dataflow	
doi:10.1007/3-540-58468-4_169	candidate		1994	Specification and refinement of finite dataflow networks — a relational approach	dataflow-semantics	high	Relational specification and compositional refinement rules for finite dataflow networks	
doi:10.1007/3-540-55808-x_26	excluded	E7-duplicate-version	1992	Dataflow semantics for Petri nets	dataflow-semantics	medium	Conference predecessor superseded by the retained 1995 Acta Informatica article	
doi:10.1007/bfb0055651	excluded	E7-duplicate-version	1998	A relational model of non-deterministic dataflow	dataflow-semantics	medium	Conference predecessor superseded by the retained 2004 journal article	
doi:10.1016/j.sysarc.2010.06.009	candidate		2011	An efficient algorithm for parametric WCET calculation	property-directed-reduction	high	Efficient parametric WCET calculation	
doi:10.1109/rtcsa.2009.9	excluded	E7-duplicate-version	2009	An Efficient Algorithm for Parametric WCET Calculation	property-directed-reduction	low	Conference predecessor superseded by the retained 2011 journal article	
doi:10.1007/978-3-642-24349-3_6	candidate		2011	Improving the Precision of WCET Analysis by Input Constraints and Model-Derived Flow Constraints	property-directed-reduction	medium	WCET precision from input constraints and model-derived flow constraints	
doi:10.5220/0003178801060115	candidate		2011	EFFICIENT SYMBOLIC SUPERVISORY SYNTHESIS AND GUARD GENERATION - Evaluating Partitioning Techniques for the State-space Exploration	property-directed-reduction	medium	Symbolic supervisory synthesis and guard generation over partitioned state-space exploration	
doi:10.1007/bfb0055650	candidate		1998	Fibrational semantics of dataflow networks	dataflow-semantics	high	Operational fibrational semantics and equivalence up to deterministic internal dataflow computations	
doi:10.1145/1176887.1176895	candidate		2006	A causality interface for deadlock analysis in dataflow	dataflow-analysis	high	Composable actor causality interfaces for static deadlock analysis in dataflow	
doi:10.1007/3-540-12896-4_352	candidate		1984	Compactness in semantics for merge and fair merge	dataflow-semantics	medium	Compactness semantics for merge and fair merge	
doi:10.1016/0890-5401(91)90054-6	candidate		1991	A model of concurrency with fair merge and full recursion	dataflow-semantics	medium	Interaction semantics for concurrency with strict fair merge and full recursion	
doi:10.70675/33859af0z9c09z423dzb345z62ae1ec51d10	screened		2026	From dataflow semantics to hardware semantics	dataflow-semantics	high	Rocq-mechanized dataflow-specification and hardware-implementation semantics for dynamically scheduled HLS circuits	
doi:10.1109/cicsyn.2013.26	screened		2013	Guard dependencies in dataflow traces	dataflow-analysis	high	Dynamic-dataflow execution traces with explicit guard-enable and guard-disable dependency kinds	
doi:10.5075/epfl-thesis-6663	screened		2015	Execution-trace graphs for dynamic dataflow	dataflow-analysis	high	Expanded execution-trace-graph treatment of action firings and token, state, port, and guard dependencies	
doi:10.1109/acssc.2013.6810613	candidate		2013	Systems design space exploration by serial dataflow program execution	dataflow-analysis	medium	Finite approximate design-space reconstruction from serial dynamic-dataflow execution	
doi:10.1109/access.2022.3170094	screened		2022	MTL-directed Time Petri-net slicing	property-directed-reduction	high	Initial-marking and MTL-property-directed Time Petri Net slicing with property-checking path preservation	
doi:10.1145/3543622.3573196	screened		2023	Eliminating unnecessary dataflow-circuit dynamism	property-directed-reduction	high	Model-checking proof that generic dataflow-handshake behaviors are unnecessary before behavior-preserving circuit simplification	
doi:10.1109/iccad57390.2023.10323796	screened		2023	Inductive invariants for dataflow circuits	property-directed-reduction	high	HLS-informed automatic inductive invariants for scalable dataflow-circuit property verification	
doi:10.1109/async.2003.1199172	candidate		2003	An analysis of determinacy using a trace-theoretic model of asynchronous circuits	dataflow-semantics	medium	Trace-theoretic determinacy and compositional hiding for asynchronous circuits	
doi:10.1109/async65240.2025.00020	candidate		2025	Translating General Slack Elastic Programs into Dataflow Circuits	dataflow-runtime	medium	Translation of general slack-elastic programs with repeated channel actions into dataflow circuits	
doi:10.1109/tmscs.2018.2790921	screened		2018	Complete execution-trace graphs for DPNs	dataflow-analysis	high	Complete execution-trace-graph representation intended to cover all admissible trajectories of a dynamic dataflow process network	
doi:10.1109/acssc.2017.8335388	candidate		2017	Execution trace graph based interface synthesis of signal processing dataflow programs for heterogeneous MPSoCs	dataflow-analysis	medium	Systematic MPSoC interface identification and synthesis from execution-trace-graph data exchanges	
doi:10.1007/s11265-015-0971-y	screened		2016	Conformance between dataflow and hardware	dataflow-semantics	high	Formal conformance from synchronous hardware FSMs to asynchronous queued-dataflow processes preserving worst-case throughput and latency	
doi:10.1109/samos.2014.6893194	excluded	E7-duplicate-version	2014	On tokens and signals: Bridging the semantic gap between dataflow models and hardware implementations	dataflow-semantics	medium	Conference predecessor superseded by the retained 2016 journal article	
doi:10.21236/ada563897	excluded	E7-duplicate-version	2012	On Tokens and Signals: Bridging the Semantic Gap between Dataflow Models and Hardware Implementations	dataflow-semantics	medium	Technical-report predecessor superseded by the retained 2016 journal article	
doi:10.3233/fi-222148	screened		2023	Maximal and minimal dynamic Petri-net slices	property-directed-reduction	high	Proved maximal and minimal Petri-net slices for token contribution to requested places	
doi:10.46298/.7346	excluded	E7-duplicate-version	2023	Maximal and minimal dynamic Petri net slicing	property-directed-reduction	low	Broken metadata alias of the retained canonical journal record	
doi:10.1002/asjc.1031	screened		2015	Structural-dependency dynamic Petri-net slicing	property-directed-reduction	high	Marking-sensitive dynamic Petri-net slicing built from a structural dependency graph	
doi:10.1145/3626202.3637570	screened		2024	Balancing away spurious circuit dynamism	property-directed-reduction	high	Latency and occupancy balancing that suppresses spurious stalls and exposes dataflow-handshake simplifications	
doi:10.1109/memcod.2009.5185393	screened		2009	Bounded dataflow and latency-insensitive circuits	dataflow-semantics	high	Modular refinement from synchronous machines to bounded latency-insensitive dataflow networks with cycle-accurate preservation	
doi:10.1007/bf02280834	screened		1994	Fully abstract dataflow trace semantics	dataflow-semantics	high	Fully abstract compositional trace model for nondeterministic FIFO dataflow and more general asynchronous channels	
doi:10.1145/75277.75291	excluded	E7-duplicate-version	1989	A fully abstract trace model for dataflow networks	dataflow-semantics	medium	Conference predecessor superseded by the retained 1994 journal article	
doi:10.1109/samos.2016.7818327	screened		2016	Translating Kahn processes to firing actors	dataflow-semantics	high	Meaning-preserving translation from Kahn processes to firing-based dataflow actors	
doi:10.1007/978-3-662-48650-4_3	screened		2015	Timed aggregate graphs for Time Petri Nets	property-directed-reduction	high	Finite timed aggregate graph preserving timed traces and reachable states of bounded strong-semantics Time Petri Nets	
doi:10.1007/s10626-018-0272-2	screened		2018	Observers from dynamic observation policies	observer-equivalence	high	Deterministic observer construction for the observed-event language induced by state-dependent observation policies	
doi:10.3390/math14061058	screened		2026	Minimal event observation for supervision	observer-equivalence	high	MILP minimization of an observable event alphabet while preserving supervisor control equivalence	
doi:10.1145/3706628.3708872	candidate		2025	Latency Insensitivity Testing for Dataflow HLS Designs	hardware	high	Schedule-guided latency-insensitivity testing over input-delay and backpressure scenarios for dataflow HLS designs	
doi:10.1007/bfb0040252	screened		1990	Generalized Kahn principle	dataflow-semantics	high	Generalized Kahn principle for nondeterministic systems over abstract asynchronous networks and event-structure models	
doi:10.1109/pdp.2016.34	screened		2016	Composite dataflow/Kahn execution	dataflow-runtime	high	Hierarchical parametric composite dataflow and Kahn-process execution model with dynamic distributed scheduling	
doi:10.1109/memcod.2015.7340485	screened		2015	Latency-insensitive dataflow blocks	hardware	high	Latency-insensitive dataflow buffers proved to preserve token sequences without loss duplication or reordering under eventual progress	
doi:10.1109/fdl.2018.8524052	screened		2018	SCADE to multicore Kahn implementation	dataflow-semantics	high	Scade 6 path from Kahn denotational semantics to a multicore Kahn implementation	
doi:10.4204/eptcs.323.1	screened		2020	Complete language for faceted dataflow	dataflow-semantics	high	Complete categorical language for value-routed faceted dataflow programs and workflow equivalence	
doi:10.1007/3-540-51285-3_43	screened		1989	Comparing fully abstract dataflow models	dataflow-semantics	high	Isomorphism comparison of the Jonsson and Kok fully abstract dataflow models	
doi:10.1007/978-3-642-02424-5_2	screened		2009	Unifying Petri-net token-flow semantics	dataflow-semantics	high	Unifying Petri-net semantics based on token-flow objects	
doi:10.1109/tc.2008.214	screened		2009	Process algebra for latency insensitivity	dataflow-semantics	high	Process-algebraic latency-insensitive model with composition liveness deadlock-freedom and stream latency-equivalence checks	
doi:10.1007/978-3-031-61433-0_9	screened		2024	Petri-net token-trail language	dataflow-semantics	high	Token-trail semantics relating Petri nets to their net language	
doi:10.1007/s11265-012-0682-6	screened		2013	Port-based mixed actor model	dataflow-runtime	high	Per-port actor model combining Kahn-process dynamism with decidable-dataflow analysis	
doi:10.1007/978-3-642-31131-4_15	screened		2012	Safety slicing for Petri nets	property-directed-reduction	high	Petri-net slicing that preserves scoped stutter-invariant linear-time safety properties	
doi:10.1109/coase.2016.7743519	screened		2016	Petri-net reconstruction from observations	observer-equivalence	high	Reconstructs unknown Petri-net structure from asynchronous observations of token-change sequences	
doi:10.1109/date.2004.1269025	screened		2004	Generalized latency-insensitive systems	hardware	high	Extends latency-insensitive systems to conditional channel use arbitrary network topology and multiple clock domains	
doi:10.1109/tc.2006.188	screened		2006	Validation of latency-insensitive protocols	hardware	high	Dynamic and formal validation frameworks for families of latency-insensitive protocols using latency equivalence	
doi:10.1109/emsoft.2015.7318265	screened		2015	Translating dataflow actors to Kahn processes	dataflow-semantics	high	Classifies Kahn-compatible dataflow actors and translates compatible actors into Kahn processes	
doi:10.3233/fi-2009-134	screened		2009	Token-flow unfolding semantics	dataflow-semantics	high	Token-flow and reduced-token-flow unfoldings preserve complete partial-order behavior while avoiding redundant process representations	
doi:10.3233/fi-2009-148	screened		2009	Modular finite complete prefixes	dataflow-semantics	high	Modular message-passing construction of a finite complete Petri-net unfolding prefix from component interface summaries without constructing the global system	
doi:10.3233/fi-242196	screened		2024	Symbolic high-level complete prefixes	dataflow-semantics	high	Complete finite prefixes for symbolic unfoldings of safe high-level Petri nets and an extended infinite-marking class	
doi:10.1007/978-3-540-89287-8_12	screened		2008	Complete prefixes for contextual nets	dataflow-semantics	high	Complete-prefix construction directly over contextual nets while preserving concurrent read-only access	
doi:10.1007/11767589_8	screened		2006	Symbolic complete prefixes for safe time nets	dataflow-semantics	high	Complete finite prefixes of symbolic unfoldings for safe Time Petri Nets using bounded symbolic token-age information	
doi:10.1007/s10703-013-0188-2	screened		2013	Parametric-stopwatch symbolic unfoldings	dataflow-semantics	high	Symbolic unfoldings carry stopwatch and parameter constraints; finite complete prefixes are proved only for the ordinary safe Time Petri Net subclass	
doi:10.1109/access.2022.3165185	screened		2022	Full prefixes for transition information flow	observer-equivalence	high	Finite full prefix for reveals, excludes, and exact maximal-run transition-footprint computation in 1-safe free-choice nets	
doi:10.1007/978-3-662-53401-4_3	deep-read		2016	Reveals/excludes observer semantics	observer-equivalence	high	Reveals, excludes, extended-reveals, and occurrence-count-sensitive repeated-reveals semantics over maximal Petri-net runs	
doi:10.1007/978-3-662-68191-6_3	deep-read		2024	Count-sensitive reveals on bounded equal-conflict nets	observer-equivalence	high	Correct terminating full-prefix computation of count-sensitive parametric reveals relations for bounded equal-conflict Petri nets	
doi:10.4230/lipics.concur.2017.18	deep-read		2017	Goal-driven Petri-net unfolding	property-directed-reduction	high	Finite goal-driven unfolding prefixes preserve all minimal configurations to a requested marking while omitting transitions outside every such configuration	
doi:10.1016/j.tcs.2014.07.003	deep-read		2014	User-parametric complete unfolding prefixes	property-directed-reduction	high	General unfolding framework lets users declare preserved information and cutoff conditions while weakening adequate orders and separating extension selection from cutoff correctness	
arxiv:2608.04513	candidate		2026	Technical Report: A Formal Semantics for Java Symbolic Evaluation using Large-Block Encoding	symbolic-execution	medium	Formal semantics for Java symbolic evaluation with large-block encoding, a guarded symbolic-execution route and SMT-encoding baseline comparator	
doi:10.1109/isca66397.2026.00130	excluded	E2-ml-graph-runtime	2026	SegFold: Accelerating Sparse Gemm with a Fine-Grained Dynamic Dataflow	dataflow-demand	low	Fine-grained dynamic dataflow accelerator for sparse GEMM, ML kernel execution under dataflow vocabulary	
doi:10.1109/isca66397.2026.00129	excluded	E6-out-of-scope-model	2026	Lotus: A Multi-FPGA Task Dataflow Architecture to Accelerate Cycle-Level Simulation	dataflow-demand	low	Multi-FPGA task-dataflow architecture for cycle-level simulation, dataflow as a hardware execution style	
doi:10.2139/ssrn.7228045	excluded	E6-out-of-scope-model	2026	An Operational and Denotational Semantics for the Complete Transaction Pattern of DEMO Method	dataflow-demand	low	Operational and denotational semantics of DEMO business transaction patterns rather than of a dataflow graph's selection sites	
doi:10.1109/isca66397.2026.00018	excluded	E6-out-of-scope-model	2026	CODO: An Automated Compiler for Comprehensive Dataflow Optimization	dataflow-demand	low	Automated compiler for dataflow optimization, analysis facts over an abstraction rather than concrete-input observations	
doi:10.24297/jam.v3i3.7222	excluded	E6-out-of-scope-model	2013	Nondeterministic Relational Semantics of a while Program	dataflow-demand	low	Nondeterministic relational semantics of a while-language, an imperative input-output relation rather than selection-site outcomes	
doi:10.52202/085713-0792	excluded	E6-out-of-scope-model	2025	A Counterfactual Semantics for Hybrid Dynamical Systems	dataflow-demand	low	Counterfactual semantics for hybrid dynamical systems, continuous-time trajectories rather than requested-root evaluations of a finite graph	
doi:10.46298/jfp.17800	excluded	E6-out-of-scope-model	2026	Don't exhaust, don't waste: Resource-aware soundness for big-step semantics	dataflow-demand	low	Resource-aware soundness for big-step semantics, relating evaluation to resource exhaustion without partitioning inputs by selection outcomes	
doi:10.52202/085713-0123	excluded	E6-out-of-scope-model	2025	Evaluating Program Semantics Reasoning with Type Inference in System $F$	dataflow-demand	low	Evaluation study of model reasoning about System F type inference, program-semantics vocabulary without enumeration or compilation	
doi:10.23919/edcccps00001.2026.00026	excluded	E6-out-of-scope-model	2026	Towards a Compositional Semantics for Quantitative Confidence Assessment in Assurance Arguments	dataflow-demand	low	Compositional semantics for assurance-argument confidence rather than guarded dataflow summaries	
doi:10.31274/td-20260804-208	candidate			Symbolic execution for probabilistic programs: path probabilities testing and verification in prism model checker	demand	medium	Symbolic execution of probabilistic programs with path probabilities in PRISM, a guarded symbolic-execution route with path-partition semantics	
doi:10.1007/978-3-032-25552-5_2	excluded	E6-out-of-scope-model	2026	Efficient Construction of Reachability Graphs for Petri Net Product Lines	unfoldings	low	Reachability-graph construction for Petri-net product lines, an observer over markings and transitions of net variants rather than requested-root evaluations	
doi:10.1109/access.2026.3719810	excluded	E6-out-of-scope-model	2026	Input-Output Constrained Colored Petri Nets for Dependable System Controllers	unfoldings	low	Input-output constrained coloured Petri nets for controllers, constraining transition behaviour rather than evaluating a deterministic graph	
doi:10.1109/codit70676.2026.11630829	excluded	E6-out-of-scope-model	2026	Diagnosability Verification in Petri Nets Under Unknown Initial Marking	unfoldings	low	Petri-net diagnosability under unknown initial marking, an observer over transition sequences rather than deterministic graph evaluation	
doi:10.1007/s10626-026-00447-8	excluded	E6-out-of-scope-model	2026	Optimization based on timed Petri nets using CP-SAT - an integrated SAT and CP solver	unfoldings	low	Timed Petri-net schedule optimization via CP-SAT, solver-driven optimization rather than exhaustive observation enumeration	
doi:10.52202/085713-1489	candidate		2025	SORTeD Rashomon Sets of Sparse Decision Trees: Anytime Enumeration	neural-regions	medium	Anytime exact enumeration of Rashomon sets of sparse decision trees, exhaustive enumeration of decision structures; abstract check needed on whether the enumerated object is a model space rather than input fibers	
doi:10.52202/085713-2151	excluded	E6-out-of-scope-model	2025	Compositional Neural Network Verification via Assume-Guarantee Reasoning	neural-regions	low	Compositional assume-guarantee verification of neural networks, proving properties over continuous inputs rather than enumerating selection outcomes	
doi:10.52202/085713-5815	excluded	E6-out-of-scope-model	2025	Clip-and-Verify: Linear Constraint-Driven Domain Clipping for Accelerating Neural Network Verification	neural-regions	low	Neural-network verification by linear-constraint input-domain clipping, splitting a continuous domain for soundness rather than exactly enumerating selection outcomes of a discrete graph	
doi:10.52202/085713-1550	excluded	E6-out-of-scope-model	2025	Embeddings as Probabilistic Equivalence in Logic Programs	observer-equivalence	low	Approximate equivalence of probabilistic logic programs via embeddings, a probabilistic and approximate quotient rather than an exact selection-fiber partition	
doi:10.1109/lcsys.2026.3721668	candidate		2026	Shared-Partition Multi-Output Hinge Regression Trees for Explicit MPC Distillation in Chassis Control	observer-equivalence	medium	Shared-partition hinge regression trees distilling explicit MPC, touching the parametric-region and compiled-decision-structure routes; abstract check needed on whether the critical-region partition is enumerated exactly	
doi:10.52202/085713-2431	excluded	E6-out-of-scope-model	2025	Relaxing partition admissibility in Cluster-DAGs: a causal calculus with arbitrary variable clustering	observer-equivalence	low	Cluster-DAG partition admissibility in causal calculus, quotienting causal variables rather than selection observations	
doi:10.52202/085713-5229	excluded	E6-out-of-scope-model	2025	Multi-Environment POMDPs: Discrete Model Uncertainty Under Partial Observability	model-enumeration	low	Multi-environment POMDPs under partial observability, an observer over nondeterministic process behaviour	
doi:10.52202/085713-3533	excluded	E6-out-of-scope-model	2025	EnCompass: Enhancing Agent Programming with Search Over Program Execution Paths	symbolic-execution	low	Search over program execution paths for LLM agent programming, path search over agent programs with model calls rather than exhaustive selection-fiber enumeration	
doi:10.33915/etd.11058	excluded	E6-out-of-scope-model		A graph theoretic approach to assessing tradeoffs on memory usage for model checking.	term-graphs	low	Graph-theoretic memory tradeoffs for model checking, state-space representation cost over transition systems	
doi:10.4230/lipics.esa.2021.80	deep-read		2021	A General Framework for Enumerating Equivalence Classes of Solutions	enumeration-complexity	high	Polynomial-delay enumeration of locally colored equivalence classes from acyclic decomposable AND/OR solution graphs; direct quotient-enumeration precedent under a different representation and output contract	""
doi:10.1145/2491411.2491459	deep-read		2013	SPLat: Lightweight Dynamic Analysis for Reducing Combinatorics in Testing Configurable Systems	demand-guided-testing	high	Demand-populated exploration of accessed configuration variables with SAT-feasible partial assignments and one execution per distinct reachable test trace	""
doi:10.4230/lipics.mfcs.2022.38	screened		2022	Enumeration Classes Defined by Circuits	enumeration-complexity	medium	Sub-DelayP enumeration classes defined by successor circuits; adjacent until the target receives a comparable circuit-complexity classification	""
doi:10.1145/1064978.1065036	screened		2005	DART: Directed Automated Random Testing	concolic-input-search	high	Foundational concrete-plus-symbolic path exploration with solver-generated inputs; model-guided lineage for the local generator but not full-fiber grouping	""
