date	kind	id	source	query_or_seed	direction	hits	screened	included_keys	excluded_keys	notes
2026-08-04	search	closure-concept-1	OpenAlex API	SELECT formal system testing debugging programs symbolic execution	query	6753	25	doi:10.1145/800027.808445	-	First 25 relevance-ranked results; snapshot screening/baseline-2026-08-04/concept-1-01.tsv
2026-08-04	search	closure-concept-1	OpenAlex API	knowledge compilation d-DNNF disjoint partial model enumeration	query	125	25	doi:10.24963/kr.2024/48,doi:10.24963/ijcai.2022/358,doi:10.1016/j.dam.2024.10.021	-	First 25 relevance-ranked results; snapshot screening/baseline-2026-08-04/concept-1-02.tsv
2026-08-04	search	closure-concept-1	OpenAlex API	projected model enumeration short models AllSAT	query	31	25	doi:10.1016/j.dam.2024.10.021,doi:10.1145/2975585,doi:10.1609/aaai.v38i8.28652,doi:10.1016/j.artint.2025.104346	-	First 25 relevance-ranked results; snapshot screening/baseline-2026-08-04/concept-1-03.tsv
2026-08-04	search	closure-concept-1	OpenAlex API	enumeration complexity output polynomial delay models	query	6330	25	doi:10.1016/j.dam.2019.02.025	-	Noisy cross-disciplinary result set; snapshot screening/baseline-2026-08-04/concept-1-04.tsv
2026-08-04	search	closure-concept-1	OpenAlex API	configuration structures event structures propositional models	query	99192	25	doi:10.1016/j.tcs.2009.06.014	-	Noisy cross-disciplinary result set; snapshot screening/baseline-2026-08-04/concept-1-05.tsv
2026-08-04	search	closure-concept-1	OpenAlex API	Lurette automatic testing reactive systems Lustre	query	21	21	doi:10.1109/real.1998.739746	-	All results screened; snapshot screening/baseline-2026-08-04/concept-1-06.tsv
2026-08-04	search	closure-concept-1	OpenAlex API	symbolic graph execution dataflow graph	query	3153	25	doi:10.1007/978-3-642-28872-2_19	doi:10.1145/3477141,doi:10.1145/3597428,doi:10.1145/3597503.3623345,doi:10.1007/bf01277522,doi:10.1145/1880050.1880052,doi:10.1109/seaa.2012.20	False-positive control; snapshot screening/baseline-2026-08-04/concept-1-07.tsv
2026-08-04	search	closure-concept-2	OpenAlex API	A Knowledge Compilation Map Darwiche Marquis	query	532	25	doi:10.1613/jair.989	-	Exact-title refinement; snapshot screening/baseline-2026-08-04/concept-2-01.tsv
2026-08-04	search	closure-concept-2	OpenAlex API	enumeration complexity polynomial delay output-sensitive	query	49	25	doi:10.1016/j.dam.2019.02.025	arxiv:2309.17042	Secondary survey excluded from claim evidence; snapshot screening/baseline-2026-08-04/concept-2-02.tsv
2026-08-04	search	closure-concept-2	OpenAlex API	On enumerating short projected models	query	10	10	doi:10.1016/j.dam.2024.10.021,doi:10.1609/aaai.v38i8.28652,doi:10.1016/j.artint.2025.104346	-	All results screened and duplicate versions merged by DOI; snapshot screening/baseline-2026-08-04/concept-2-03.tsv
2026-08-04	search	closure-concept-2	OpenAlex API	"configuration structures ""event structures"""	query	142	25	doi:10.1016/j.tcs.2009.06.014	-	Remaining results are concurrency-specific refinements; snapshot screening/baseline-2026-08-04/concept-2-04.tsv
2026-08-04	search	closure-concept-2	OpenAlex API	Automatic testing of reactive systems Lurette	query	8	8	doi:10.1109/real.1998.739746	-	Later applications did not define a closer semantic object; snapshot screening/baseline-2026-08-04/concept-2-05.tsv
2026-08-04	snowball	closure-seeds-1	Primary DATE paper bibliography	DOI:10.1109/DATE.2004.1268825	backward	10	10	doi:10.1109/iccad.1996.569909,doi:10.1109/tc.1986.1676819	-	seed-key:doi:10.1109/date.2004.1268825; primary bibliography used because the OpenAlex record is sparse; post-review audit linked the existing exact frozen copy; snapshot screening/baseline-2026-08-04/primary-feng2004dynamic-backward.tsv
2026-08-04	snowball	closure-seeds-1	Semantic Scholar Graph API	CorpusId:c709e9524e49394686ef5e0e3c7b1cd9c7412658	forward	2	2	doi:10.1145/1109118.1109122	doi:10.1109/test.2006.297666	seed-key:doi:10.1109/date.2004.1268825; citation graph is known incomplete and cannot establish forward closure; post-review reconstruction preserves the logged two works but not the unavailable original API ranking; snapshot screening/baseline-2026-08-04/semantic-scholar-feng2004dynamic-forward.tsv
2026-08-04	snowball	closure-seeds-1	OpenAlex API	DOI:10.1007/978-3-642-02658-4_33;W2107426858	backward	34	33	doi:10.1145/360248.360252	-	seed-key:doi:10.1007/978-3-642-02658-4_33; one identifier unresolved; snapshot screening/baseline-2026-08-04/seed-1-kanade2009-backward.tsv
2026-08-04	snowball	closure-seeds-1	OpenAlex API	W2107426858	forward	49	49	doi:10.1145/2248418.2248437,doi:10.1007/978-3-642-28891-3_33	-	seed-key:doi:10.1007/978-3-642-02658-4_33; all returned titles screened; snapshot screening/baseline-2026-08-04/seed-1-kanade2009-forward.tsv
2026-08-04	snowball	closure-seeds-1	OpenAlex API	DOI:10.1145/3341694;W2958869096	backward	34	32	-	-	seed-key:doi:10.1145/3341694; two identifiers unresolved; snapshot screening/baseline-2026-08-04/seed-1-mokhov2019-backward.tsv
2026-08-04	snowball	closure-seeds-1	OpenAlex API	W2958869096	forward	14	14	-	-	seed-key:doi:10.1145/3341694; selective parser and effect applications; snapshot screening/baseline-2026-08-04/seed-1-mokhov2019-forward.tsv
2026-08-04	snowball	closure-seeds-1	OpenAlex API	DOI:10.1145/1190215.1190226;W2133612077	backward	35	32	doi:10.1145/360248.360252	-	seed-key:doi:10.1145/1190215.1190226; three identifiers unresolved; snapshot screening/baseline-2026-08-04/seed-1-godefroid2007-backward.tsv
2026-08-04	snowball	closure-seeds-1	OpenAlex API	W2133612077	forward	411	411	doi:10.1007/978-3-540-78800-3_28,doi:10.1007/978-3-642-19811-3_18,doi:10.1109/icse.2015.79,doi:10.1007/978-3-642-28872-2_19	-	seed-key:doi:10.1145/1190215.1190226; all returned titles screened; snapshot screening/baseline-2026-08-04/seed-1-godefroid2007-forward.tsv
2026-08-04	snowball	closure-seeds-1	OpenAlex API	DOI:10.1145/3498709;W4205913186	backward	41	39	doi:10.1145/2666356.2594340,doi:10.1145/2786805.2786830,doi:10.1016/j.jsc.2016.07.012,doi:10.1145/3385412.3386014	-	seed-key:doi:10.1145/3498709; two identifiers unresolved; snapshot screening/baseline-2026-08-04/seed-1-porncharoenwase2022-backward.tsv
2026-08-04	snowball	closure-seeds-1	OpenAlex API	W4205913186	forward	12	12	doi:10.1145/3571209,doi:10.1016/j.tcs.2025.115263	-	seed-key:doi:10.1145/3498709; all returned titles screened; snapshot screening/baseline-2026-08-04/seed-1-porncharoenwase2022-forward.tsv
2026-08-04	snowball	closure-seeds-1	OpenAlex API	DOI:10.1016/j.tcs.2025.115263;W4409538590	backward	39	24	doi:10.1145/3498709,doi:10.1016/j.jsc.2016.07.012	-	seed-key:doi:10.1016/j.tcs.2025.115263; fifteen identifiers unresolved; row cannot establish closure; snapshot screening/baseline-2026-08-04/seed-1-voogd2025-backward.tsv
2026-08-04	snowball	closure-seeds-1	OpenAlex API	W4409538590	forward	0	0	-	-	seed-key:doi:10.1016/j.tcs.2025.115263; recent paper; zero indexed citations is weak evidence, not saturation; snapshot screening/baseline-2026-08-04/seed-1-voogd2025-forward.tsv
2026-08-04	snowball	closure-seeds-1	OpenAlex API	DOI:10.1145/3276487;W2891174825	backward	64	63	doi:10.1145/1806799.1806864,doi:10.1145/2063239.2063245,doi:10.1145/2786805.2786830,arxiv:1807.03837	-	seed-key:doi:10.1145/3276487; one identifier unresolved; snapshot screening/baseline-2026-08-04/seed-1-wong2018-backward.tsv
2026-08-04	snowball	closure-seeds-1	OpenAlex API	W2891174825	forward	27	27	-	-	seed-key:doi:10.1145/3276487; no closer pure-graph observation enumerator; snapshot screening/baseline-2026-08-04/seed-1-wong2018-forward.tsv
2026-08-04	snowball	closure-seeds-1	OpenAlex API	DOI:10.1145/3408984;W3047503662	backward	13	13	doi:10.1145/158511.158707	-	seed-key:doi:10.1145/3408984; snapshot screening/baseline-2026-08-04/seed-1-palmer2020-backward.tsv
2026-08-04	snowball	closure-seeds-1	OpenAlex API	W3047503662	forward	5	5	doi:10.1145/3649852	-	seed-key:doi:10.1145/3408984; contextual terminology neighbor; snapshot screening/baseline-2026-08-04/seed-1-palmer2020-forward.tsv
2026-08-04	snowball	closure-seeds-2	OpenAlex API	DOI:10.1145/2786805.2786830	backward	64	64	doi:10.1007/978-3-642-02658-4_41,doi:10.1145/2568225.2568293,doi:10.1145/2254064.2254088,doi:10.1109/tc.1986.1676819,doi:10.1145/360248.360252,doi:10.1145/1190215.1190226,doi:10.1007/978-3-540-78800-3_28	-	seed-key:doi:10.1145/2786805.2786830; complete index export; snapshot screening/baseline-2026-08-04/seed-2-sen2015multise-backward.tsv
2026-08-04	snowball	closure-seeds-2	OpenAlex API	DOI:10.1145/2786805.2786830	forward	107	107	doi:10.1145/3180155.3180251,doi:10.1109/tse.2016.2584063,doi:10.1145/3276519,doi:10.1145/3571209,doi:10.1145/3276487,doi:10.1007/978-3-319-47846-3_5,doi:10.1145/3498709,doi:10.1145/3158150	-	seed-key:doi:10.1145/2786805.2786830; all returned titles screened; snapshot screening/baseline-2026-08-04/seed-2-sen2015multise-forward.tsv
2026-08-04	snowball	closure-seeds-2	OpenAlex API	DOI:10.1007/978-3-540-78800-3_28	backward	32	32	doi:10.1145/360248.360252,doi:10.1145/1190215.1190226	-	seed-key:doi:10.1007/978-3-540-78800-3_28; complete index export; snapshot screening/baseline-2026-08-04/seed-2-anand2008demand-backward.tsv
2026-08-04	snowball	closure-seeds-2	OpenAlex API	DOI:10.1007/978-3-540-78800-3_28	forward	220	220	doi:10.1145/2568225.2568293,doi:10.1145/2254064.2254088,doi:10.1145/2786805.2786830,doi:10.1145/3180155.3180251,doi:10.1145/1831708.1831733,doi:10.1109/tse.2016.2584063,doi:10.1007/978-3-642-02658-4_41,doi:10.1007/978-3-319-02444-8_15,doi:10.1109/icse.2015.79,doi:10.1007/978-3-319-47846-3_5,doi:10.1007/978-3-642-19811-3_18,doi:10.1109/iwast.2012.6228982	-	seed-key:doi:10.1007/978-3-540-78800-3_28; all returned titles screened; snapshot screening/baseline-2026-08-04/seed-2-anand2008demand-forward.tsv
2026-08-04	snowball	closure-seeds-2	OpenAlex API	DOI:10.4230/LIPIcs.ECOOP.2024.25	backward	0	0	-	-	seed-key:doi:10.4230/lipics.ecoop.2024.25; index exposes no references despite a real bibliography; snapshot screening/baseline-2026-08-04/seed-2-loow2024compositional-backward.tsv
2026-08-04	snowball	closure-seeds-2	OpenAlex API	DOI:10.4230/LIPIcs.ECOOP.2024.25	forward	6	6	-	-	seed-key:doi:10.4230/lipics.ecoop.2024.25; all returned titles screened; snapshot screening/baseline-2026-08-04/seed-2-loow2024compositional-forward.tsv
2026-08-04	snowball	closure-seeds-2	OpenAlex API	DOI:10.1145/3571209	backward	58	55	doi:10.1007/978-3-642-04694-0_6,doi:10.1145/2568225.2568293,doi:10.1145/2254064.2254088,doi:10.1145/360248.360252,doi:10.1145/2786805.2786830,doi:10.1145/800027.808445,doi:10.1145/3276519,doi:10.1145/3498709	-	seed-key:doi:10.1145/3571209; three identifiers unresolved and index omits further primary citations; snapshot screening/baseline-2026-08-04/seed-2-lu2023grisette-backward.tsv
2026-08-04	snowball	closure-seeds-2	OpenAlex API	DOI:10.1145/3571209	forward	9	9	-	-	seed-key:doi:10.1145/3571209; all returned titles screened; snapshot screening/baseline-2026-08-04/seed-2-lu2023grisette-forward.tsv
2026-08-04	snowball	closure-seeds-2	OpenAlex API	DOI:10.1017/S1471068411000263	backward	12	11	-	-	seed-key:doi:10.1017/s1471068411000263; one identifier unresolved and index omits primary citations; snapshot screening/baseline-2026-08-04/seed-2-antoy2011pull-backward.tsv
2026-08-04	snowball	closure-seeds-2	OpenAlex API	DOI:10.1017/S1471068411000263	forward	10	10	-	-	seed-key:doi:10.1017/s1471068411000263; all returned titles screened; snapshot screening/baseline-2026-08-04/seed-2-antoy2011pull-forward.tsv
2026-08-04	snowball	closure-seeds-2	OpenAlex API	DOI:10.34727/2023/isbn.978-3-85448-060-0_19	backward	0	0	-	-	seed-key:doi:10.34727/2023/isbn.978-3-85448-060-0_19; index exposes no references despite a real bibliography; snapshot screening/baseline-2026-08-04/seed-2-ryan2023sylvia-backward.tsv
2026-08-04	snowball	closure-seeds-2	OpenAlex API	DOI:10.34727/2023/isbn.978-3-85448-060-0_19	forward	10	10	doi:10.1145/3676642.3736123,doi:10.1109/fdl68117.2025.11165271,doi:10.1109/cscwd68734.2026.11582111	-	seed-key:doi:10.34727/2023/isbn.978-3-85448-060-0_19; all returned titles screened; snapshot screening/baseline-2026-08-04/seed-2-ryan2023sylvia-forward.tsv
2026-08-04	snowball	closure-seeds-2	OpenAlex API	DOI:10.1145/378239.378278	backward	10	10	doi:10.1007/bf01383966,doi:10.1109/tc.1986.1676819	-	seed-key:doi:10.1145/378239.378278; complete index export; snapshot screening/baseline-2026-08-04/seed-2-kolbl2001rtl-backward.tsv
2026-08-04	snowball	closure-seeds-2	OpenAlex API	DOI:10.1145/378239.378278	forward	52	52	doi:10.1109/test.2017.8242038	-	seed-key:doi:10.1145/378239.378278; all returned titles screened; snapshot screening/baseline-2026-08-04/seed-2-kolbl2001rtl-forward.tsv
2026-08-04	snowball	closure-seeds-2	OpenAlex API	DOI:10.1109/ICCAD.1996.569909	backward	26	25	doi:10.1109/tc.1986.1676819	-	seed-key:doi:10.1109/iccad.1996.569909; one identifier unresolved and primary list is longer; snapshot screening/baseline-2026-08-04/seed-2-narayan1996partitioned-backward.tsv
2026-08-04	snowball	closure-seeds-2	OpenAlex API	DOI:10.1109/ICCAD.1996.569909	forward	63	63	doi:10.1109/tc.2006.153,doi:10.1109/date.2004.1268860,doi:10.1109/12.966501,doi:10.1007/bfb0029959,doi:10.1109/date.2004.1268825	-	seed-key:doi:10.1109/iccad.1996.569909; all returned titles screened; snapshot screening/baseline-2026-08-04/seed-2-narayan1996partitioned-forward.tsv
2026-08-04	snowball	closure-seeds-2	OpenAlex API surrogate record	DOI:10.1145/347476.347484;W1604972677	backward	36	32	-	-	seed-key:doi:10.1145/347476.347484; discovery-only wrong-version record with four unresolved identifiers; snapshot screening/baseline-2026-08-04/seed-2-antoy2000needed-backward.tsv
2026-08-04	snowball	closure-seeds-2	OpenAlex API surrogate record	W1604972677	forward	5	5	-	-	seed-key:doi:10.1145/347476.347484; discovery-only wrong-version neighborhood and not forward closure for the JACM paper; snapshot screening/baseline-2026-08-04/seed-2-antoy2000needed-forward.tsv
2026-08-04	snowball	closure-seeds-2	OpenAlex API	DOI:10.1609/aaai.v38i8.28652	backward	46	31	doi:10.1007/978-3-540-24605-3_21,doi:10.1007/978-3-540-31980-1_19,doi:10.1007/978-3-540-30494-4_20,doi:10.1109/fmcad.2013.6679390,doi:10.1109/vlsid.2014.22,doi:10.1007/978-3-030-51825-7_5,doi:10.1145/3324884.3416569,doi:10.4230/lipics.sat.2024.13	-	seed-key:doi:10.1609/aaai.v38i8.28652; index omits fifteen primary citations; snapshot screening/baseline-2026-08-04/seed-2-spallitta2024disjoint-backward.tsv
2026-08-04	snowball	closure-seeds-2	OpenAlex API	DOI:10.1609/aaai.v38i8.28652	forward	4	4	doi:10.1016/j.artint.2025.104346,doi:10.1613/jair.1.16870,doi:10.3233/faia241007	-	seed-key:doi:10.1609/aaai.v38i8.28652; all returned titles screened; snapshot screening/baseline-2026-08-04/seed-2-spallitta2024disjoint-forward.tsv
2026-08-04	snowball	closure-seeds-2	OpenAlex API	DOI:10.1109/ARES.2015.14	backward	50	41	doi:10.1145/360248.360252,doi:10.1007/11817963_39	-	seed-key:doi:10.1109/ares.2015.14; nine identifiers unresolved and primary list differs; snapshot screening/baseline-2026-08-04/seed-2-phan2015allsmtr-backward.tsv
2026-08-04	snowball	closure-seeds-2	OpenAlex API	DOI:10.1109/ARES.2015.14	forward	22	22	doi:10.1016/j.artint.2025.104346,doi:10.1613/jair.1.16870,doi:10.1007/978-3-031-99984-0_37	-	seed-key:doi:10.1109/ares.2015.14; all returned titles screened; snapshot screening/baseline-2026-08-04/seed-2-phan2015allsmtr-forward.tsv
2026-08-04	snowball	closure-seeds-2	OpenAlex API	DOI:10.1016/j.artint.2025.104346	backward	66	38	doi:10.1007/978-3-540-31980-1_19,doi:10.1007/978-3-540-30494-4_20,doi:10.1109/ares.2015.14,doi:10.1145/2975585,doi:10.1007/11817963_39,doi:10.1109/vlsid.2014.22,doi:10.1109/ictai.2018.00111,doi:10.1007/978-3-030-51825-7_5,doi:10.1145/3324884.3416569,doi:10.1016/j.dam.2024.10.021,doi:10.1007/978-3-031-43369-6_11,doi:10.1609/aaai.v38i8.28652,doi:10.24963/kr.2024/48,doi:10.3233/faia241007	-	seed-key:doi:10.1016/j.artint.2025.104346; index omits twenty-eight primary citations; snapshot screening/baseline-2026-08-04/seed-2-spallitta2025projected-backward.tsv
2026-08-04	snowball	closure-seeds-2	OpenAlex API	DOI:10.1016/j.artint.2025.104346	forward	6	6	doi:10.1007/978-3-031-99984-0_37,doi:10.1007/978-3-032-32589-1_18	-	seed-key:doi:10.1016/j.artint.2025.104346; all returned titles screened; snapshot screening/baseline-2026-08-04/seed-2-spallitta2025projected-forward.tsv
2026-08-04	snowball	closure-seeds-2	OpenAlex API	DOI:10.3233/FAIA241007	backward	35	34	doi:10.1109/tc.1986.1676819,doi:10.1007/11817963_39,doi:10.1609/aaai.v38i8.28652	-	seed-key:doi:10.3233/faia241007; one identifier unresolved; snapshot screening/baseline-2026-08-04/seed-2-michelutti2024canonical-backward.tsv
2026-08-04	snowball	closure-seeds-2	OpenAlex API	DOI:10.3233/FAIA241007	forward	3	3	doi:10.1016/j.artint.2025.104346,doi:10.1007/978-3-031-99984-0_37,doi:10.1007/978-3-032-32589-1_18	-	seed-key:doi:10.3233/faia241007; all returned titles screened; snapshot screening/baseline-2026-08-04/seed-2-michelutti2024canonical-forward.tsv
2026-08-04	snowball	closure-seeds-2	OpenAlex API	DOI:10.24963/kr.2024/48	backward	0	0	-	-	seed-key:doi:10.24963/kr.2024/48; index exposes no references despite a real bibliography; snapshot screening/baseline-2026-08-04/seed-2-lagniez2024decisiondnnf-backward.tsv
2026-08-04	snowball	closure-seeds-2	OpenAlex API	DOI:10.24963/kr.2024/48	forward	4	4	doi:10.1016/j.artint.2025.104346,doi:10.1007/978-3-031-99984-0_37,doi:10.1007/978-3-032-04590-4_9	-	seed-key:doi:10.24963/kr.2024/48; all returned titles screened; snapshot screening/baseline-2026-08-04/seed-2-lagniez2024decisiondnnf-forward.tsv
2026-08-04	snowball	closure-seeds-2	OpenAlex API	DOI:10.1016/j.dam.2024.10.021	backward	89	45	doi:10.1007/s00224-013-9447-2,doi:10.1613/jair.989,doi:10.1007/11817963_39,doi:10.1109/ictai.2018.00111	-	seed-key:doi:10.1016/j.dam.2024.10.021; index neighborhood contains duplicates and omits primary citations; snapshot screening/baseline-2026-08-04/seed-2-moehle2025short-backward.tsv
2026-08-04	snowball	closure-seeds-2	OpenAlex API	DOI:10.1016/j.dam.2024.10.021	forward	3	3	doi:10.1016/j.artint.2025.104346,doi:10.1613/jair.1.16870,doi:10.1007/978-3-031-99984-0_37	-	seed-key:doi:10.1016/j.dam.2024.10.021; all returned titles screened; snapshot screening/baseline-2026-08-04/seed-2-moehle2025short-forward.tsv
2026-08-04	snowball	closure-seeds-2	OpenAlex API	DOI:10.24963/ijcai.2022/358	backward	26	23	doi:10.1109/tc.1986.1676819	-	seed-key:doi:10.24963/ijcai.2022/358; three identifiers unresolved and primary list is longer; snapshot screening/baseline-2026-08-04/seed-2-decolnet2022prime-backward.tsv
2026-08-04	snowball	closure-seeds-2	OpenAlex API	DOI:10.24963/ijcai.2022/358	forward	5	5	-	-	seed-key:doi:10.24963/ijcai.2022/358; all returned titles screened; snapshot screening/baseline-2026-08-04/seed-2-decolnet2022prime-forward.tsv
2026-08-04	snowball	closure-seeds-3	OpenAlex API	DOI:10.1109/IWAST.2012.6228982	backward	20	19	doi:10.1145/1831708.1831733,doi:10.1145/360248.360252,doi:10.1007/978-3-540-78800-3_28	doi:10.1145/24039.24041	seed-key:doi:10.1109/iwast.2012.6228982; one identifier unresolved; snapshot screening/baseline-2026-08-04/seed-3-denaro2012allvalues-backward.tsv
2026-08-04	snowball	closure-seeds-3	OpenAlex API	DOI:10.1109/IWAST.2012.6228982	forward	0	0	-	-	seed-key:doi:10.1109/iwast.2012.6228982; zero indexed citations is known incomplete and not saturation; snapshot screening/baseline-2026-08-04/seed-3-denaro2012allvalues-forward.tsv
2026-08-04	snowball	closure-seeds-3	OpenAlex API	DOI:10.1145/1831708.1831733	backward	43	43	doi:10.1145/360248.360252,doi:10.1007/978-3-540-78800-3_28	doi:10.1145/24039.24041	seed-key:doi:10.1145/1831708.1831733; complete index export; snapshot screening/baseline-2026-08-04/seed-3-santelices2010dependencies-backward.tsv
2026-08-04	snowball	closure-seeds-3	OpenAlex API	DOI:10.1145/1831708.1831733	forward	62	62	doi:10.1109/tse.2016.2584063,doi:10.1007/978-3-319-02444-8_15,doi:10.1145/2522920.2522925,doi:10.1145/2652484,doi:10.1109/iwast.2012.6228982	-	seed-key:doi:10.1145/1831708.1831733; all returned titles screened; snapshot screening/baseline-2026-08-04/seed-3-santelices2010dependencies-forward.tsv
2026-08-04	snowball	closure-seeds-3	OpenAlex API	DOI:10.1145/2522920.2522925	backward	27	27	doi:10.1145/1831708.1831733,doi:10.1145/1190215.1190226	-	seed-key:doi:10.1145/2522920.2522925; complete index export; snapshot screening/baseline-2026-08-04/seed-3-qi2013output-backward.tsv
2026-08-04	snowball	closure-seeds-3	OpenAlex API	DOI:10.1145/2522920.2522925	forward	22	22	doi:10.1109/tse.2016.2584063	-	seed-key:doi:10.1145/2522920.2522925; all returned titles screened; snapshot screening/baseline-2026-08-04/seed-3-qi2013output-forward.tsv
2026-08-04	snowball	closure-seeds-3	OpenAlex API	DOI:10.1109/TSE.2016.2584063	backward	73	70	doi:10.1145/1831708.1831733,doi:10.1145/2522920.2522925,doi:10.1145/360248.360252,doi:10.1145/1190215.1190226,doi:10.1145/2786805.2786830,doi:10.1007/978-3-540-78800-3_28	-	seed-key:doi:10.1109/tse.2016.2584063; index contains alternates and three unresolved identifiers; snapshot screening/baseline-2026-08-04/seed-3-wang2017dependence-backward.tsv
2026-08-04	snowball	closure-seeds-3	OpenAlex API	DOI:10.1109/TSE.2016.2584063	forward	46	46	-	-	seed-key:doi:10.1109/tse.2016.2584063; all returned titles screened; snapshot screening/baseline-2026-08-04/seed-3-wang2017dependence-forward.tsv
2026-08-04	snowball	closure-seeds-3	OpenAlex API	DOI:10.1613/jair.1.16870	backward	61	59	doi:10.1007/978-3-540-24605-3_21,doi:10.1007/978-3-540-31980-1_19,doi:10.1007/978-3-540-72200-7_13,doi:10.1007/978-3-540-30494-4_20,doi:10.1109/ares.2015.14,doi:10.1016/s0004-3702(99)00035-1,doi:10.1007/s00224-013-9447-2,doi:10.1007/11817963_39,doi:10.1109/vlsid.2014.22,doi:10.2197/ipsjjip.25.459,doi:10.1109/ddecs.2018.00028,doi:10.4230/lipics.sat.2023.9,doi:10.1109/ictai.2018.00111,doi:10.1007/978-3-030-51825-7_5,doi:10.1145/3324884.3416569,doi:10.1016/j.dam.2024.10.021,doi:10.1109/iccad51958.2021.9643520,doi:10.1109/date.2004.1268860,doi:10.4230/lipics.sat.2024.13,doi:10.1609/aaai.v38i8.28652	doi:10.4230/lipics.sat.2023.15	seed-key:doi:10.1613/jair.1.16870; two identifiers unresolved and primary list is longer; snapshot screening/baseline-2026-08-04/seed-3-masina2025cnf-backward.tsv
2026-08-04	snowball	closure-seeds-3	OpenAlex API	DOI:10.1613/jair.1.16870	forward	4	4	doi:10.1007/978-3-032-32589-1_18	-	seed-key:doi:10.1613/jair.1.16870; all returned titles screened; snapshot screening/baseline-2026-08-04/seed-3-masina2025cnf-forward.tsv
2026-08-04	snowball	closure-seeds-3	OpenAlex API	DOI:10.1007/978-3-031-99984-0_37	backward	33	33	doi:10.1007/978-3-642-01929-6_7,doi:10.1109/ares.2015.14,doi:10.1109/tc.1986.1676819,doi:10.1613/jair.989,doi:10.1007/11817963_39,doi:10.1109/ictai.2018.00111,doi:10.1007/978-3-030-51825-7_5,doi:10.1016/j.dam.2024.10.021,doi:10.24963/kr.2024/48,doi:10.3233/faia241007,doi:10.1016/j.artint.2025.104346	-	seed-key:doi:10.1007/978-3-031-99984-0_37; complete index export; snapshot screening/baseline-2026-08-04/seed-3-sebastiani2025entailment-backward.tsv
2026-08-04	snowball	closure-seeds-3	OpenAlex API	DOI:10.1007/978-3-031-99984-0_37	forward	0	0	-	-	seed-key:doi:10.1007/978-3-031-99984-0_37; recent paper with zero indexed citations, not saturation; snapshot screening/baseline-2026-08-04/seed-3-sebastiani2025entailment-forward.tsv
2026-08-04	snowball	closure-seeds-4	OpenAlex API	DOI:10.1007/978-3-642-01929-6_7	backward	18	18	doi:10.1007/978-3-540-72200-7_13	-	seed-key:doi:10.1007/978-3-642-01929-6_7; complete index export; snapshot screening/baseline-2026-08-04/seed-4-gebser2009projected-backward.tsv
2026-08-04	snowball	closure-seeds-4	OpenAlex API	DOI:10.1007/978-3-642-01929-6_7	forward	79	79	doi:10.1145/2975585,doi:10.1109/ictai.2018.00111,doi:10.1145/3324884.3416569,doi:10.1007/978-3-031-99984-0_37	-	seed-key:doi:10.1007/978-3-642-01929-6_7; all returned titles screened; snapshot screening/baseline-2026-08-04/seed-4-gebser2009projected-forward.tsv
2026-08-04	snowball	closure-seeds-4	OpenAlex API	DOI:10.1007/978-3-030-51825-7_5	backward	35	34	doi:10.1007/978-3-540-30494-4_20,doi:10.1007/s00224-013-9447-2,doi:10.1145/2975585,doi:10.1007/11817963_39,doi:10.1109/ddecs.2018.00028,doi:10.1109/ictai.2018.00111	arxiv:2003.04225	seed-key:doi:10.1007/978-3-030-51825-7_5; one stale OpenAlex identifier is absent from the 34-item primary bibliography; snapshot screening/baseline-2026-08-04/seed-4-moehle2020flavors-backward.tsv
2026-08-04	snowball	closure-seeds-4	OpenAlex API	DOI:10.1007/978-3-030-51825-7_5	forward	6	6	doi:10.1016/j.artint.2025.104346,doi:10.1609/aaai.v38i8.28652,doi:10.1613/jair.1.16870,doi:10.1007/978-3-031-43369-6_11,doi:10.1007/978-3-031-99984-0_37	-	seed-key:doi:10.1007/978-3-030-51825-7_5; all returned titles screened; snapshot screening/baseline-2026-08-04/seed-4-moehle2020flavors-forward.tsv
2026-08-04	snowball	closure-seeds-5	OpenAlex API	DOI:10.4230/LIPIcs.SAT.2024.13	backward	0	0	-	-	seed-key:doi:10.4230/lipics.sat.2024.13; index exposes no references despite a 52-item bibliography; snapshot screening/baseline-2026-08-04/seed-5-fried2024entailing-backward.tsv
2026-08-04	snowball	closure-seeds-5	OpenAlex API	DOI:10.4230/LIPIcs.SAT.2024.13	forward	3	3	doi:10.1609/aaai.v38i8.28652,doi:10.1613/jair.1.16870	-	seed-key:doi:10.4230/lipics.sat.2024.13; third result is an obvious unrelated false citation; snapshot screening/baseline-2026-08-04/seed-5-fried2024entailing-forward.tsv
2026-08-04	snowball	closure-primary-1	Primary paper bibliography	DOI:10.1145/347476.347484	backward	73	73	doi:10.1007/bfb0027000,doi:10.1016/s0020-0190(98)00016-7	doi:10.1145/174675.177907	seed-key:doi:10.1145/347476.347484; primary-complete; exact primary bibliography title-screened; snapshot screening/baseline-2026-08-04/primary-antoy2000needed-backward.tsv
2026-08-04	snowball	closure-primary-1	Primary paper bibliography	DOI:10.1017/s1471068411000263	backward	32	32	doi:10.1007/bfb0027000,doi:10.1016/j.entcs.2006.10.026,doi:10.1145/1599410.1599420,doi:10.1145/1273920.1273947,doi:10.1007/978-3-540-78969-7_12	-	seed-key:doi:10.1017/s1471068411000263; primary-complete; exact primary bibliography title-screened; snapshot screening/baseline-2026-08-04/primary-antoy2011pull-backward.tsv
2026-08-04	snowball	closure-primary-1	Primary paper bibliography	DOI:10.24963/ijcai.2022/358	backward	31	31	doi:10.1109/tc.1986.1676819	-	seed-key:doi:10.24963/ijcai.2022/358; primary-complete; exact primary bibliography title-screened; snapshot screening/baseline-2026-08-04/primary-decolnet2022prime-backward.tsv
2026-08-04	snowball	closure-primary-1	Primary paper bibliography	DOI:10.1109/iwast.2012.6228982	backward	20	20	doi:10.1145/360248.360252,doi:10.1145/1190215.1190226,doi:10.1007/978-3-540-78800-3_28,doi:10.1145/1831708.1831733,doi:10.1145/2522920.2522925,doi:10.1007/978-3-540-78800-3_27	doi:10.1145/24039.24041	seed-key:doi:10.1109/iwast.2012.6228982; primary-complete; exact primary bibliography title-screened; snapshot screening/baseline-2026-08-04/primary-denaro2012allvalues-backward.tsv
2026-08-04	snowball	closure-primary-1	Primary paper bibliography	DOI:10.1109/date.2004.1268825	backward	10	10	doi:10.1109/iccad.1996.569909,doi:10.1145/1015090.1015263,legacy:feng2003arrays	-	seed-key:doi:10.1109/date.2004.1268825; primary-complete; exact primary bibliography title-screened; snapshot screening/baseline-2026-08-04/primary-feng2004dynamic-backward.tsv
2026-08-04	snowball	closure-primary-1	Primary paper bibliography	DOI:10.4230/lipics.sat.2024.13	backward	52	52	doi:10.4230/lipics.sat.2023.9,doi:10.1007/978-3-540-31980-1_19,doi:10.1007/978-3-540-24605-3_21,doi:10.1109/iccad51958.2021.9643520,doi:10.1109/ictai.2018.00111,doi:10.1007/978-3-030-51825-7_5,doi:10.1016/j.dam.2024.10.021,doi:10.1007/978-3-540-24730-2_3,doi:10.1109/ddecs.2018.00028,doi:10.1145/2975585	doi:10.4230/lipics.sat.2023.15	seed-key:doi:10.4230/lipics.sat.2024.13; primary-complete; exact primary bibliography title-screened; snapshot screening/baseline-2026-08-04/primary-fried2024entailing-backward.tsv
2026-08-04	snowball	closure-primary-1	Primary paper bibliography	DOI:10.1145/1190215.1190226	backward	25	25	doi:10.1145/360248.360252	-	seed-key:doi:10.1145/1190215.1190226; primary-complete; exact primary bibliography title-screened; snapshot screening/baseline-2026-08-04/primary-godefroid2007compositional-backward.tsv
2026-08-04	snowball	closure-primary-1	Primary paper bibliography	DOI:10.4230/lipics.iclp.2012.130	backward	53	53	doi:10.1017/s1471068411000263,doi:10.1145/347476.347484,doi:10.1145/1273920.1273947	-	seed-key:doi:10.4230/lipics.iclp.2012.130; primary-complete; exact primary bibliography title-screened; snapshot screening/baseline-2026-08-04/primary-hanus2012demand-backward.tsv
2026-08-04	snowball	closure-primary-1	Primary paper bibliography	DOI:10.1007/978-3-030-75333-7_4	backward	30	30	doi:10.1017/s1471068411000263,doi:10.1145/347476.347484,doi:10.4230/lipics.iclp.2012.130	-	seed-key:doi:10.1007/978-3-030-75333-7_4; primary-complete; exact primary bibliography title-screened; snapshot screening/baseline-2026-08-04/primary-hanus2021memoized-backward.tsv
2026-08-04	snowball	closure-primary-1	Primary paper bibliography	DOI:10.1007/978-3-642-02658-4_33	backward	35	35	doi:10.1145/1450058.1450071	-	seed-key:doi:10.1007/978-3-642-02658-4_33; primary-complete; exact primary bibliography title-screened; snapshot screening/baseline-2026-08-04/primary-kanade2009simulink-backward.tsv
2026-08-04	snowball	closure-primary-1	Primary paper bibliography	DOI:10.24963/kr.2024/48	backward	31	31	doi:10.1109/tc.1986.1676819,doi:10.1007/978-3-540-30494-4_20,doi:10.1007/978-3-540-31980-1_19,doi:10.1007/978-3-540-24605-3_21,doi:10.1109/date.2004.1268860,doi:10.1609/aaai.v38i8.28652,doi:10.1145/2975585,doi:10.1109/vlsid.2014.22	-	seed-key:doi:10.24963/kr.2024/48; primary-complete; exact primary bibliography title-screened; snapshot screening/baseline-2026-08-04/primary-lagniez2024decisiondnnf-backward.tsv
2026-08-04	snowball	closure-primary-1	Primary paper bibliography	DOI:10.4230/lipics.ecoop.2024.25	backward	35	35	doi:10.1145/3385412.3386014,doi:10.1145/3498709	-	seed-key:doi:10.4230/lipics.ecoop.2024.25; primary-complete; exact primary bibliography title-screened; snapshot screening/baseline-2026-08-04/primary-loow2024compositional-backward.tsv
2026-08-04	snowball	closure-primary-1	Primary paper bibliography	DOI:10.1145/3571209	backward	70	70	doi:10.1145/2568225.2568293,doi:10.1145/3276519,doi:10.1145/800027.808445,doi:10.1145/3158150,doi:10.1145/1190215.1190226,doi:10.1007/978-3-642-04694-0_6,doi:10.1145/360248.360252,doi:10.1145/2254064.2254088,doi:10.1145/3498709,doi:10.1145/2786805.2786830	-	seed-key:doi:10.1145/3571209; primary-complete; exact primary bibliography title-screened; snapshot screening/baseline-2026-08-04/primary-lu2023grisette-backward.tsv
2026-08-04	snowball	closure-primary-1	Primary paper bibliography	DOI:10.1613/jair.1.16870	backward	81	81	doi:10.1007/s00224-013-9447-2,doi:10.4230/lipics.sat.2023.9,doi:10.4230/lipics.sat.2024.13,doi:10.1007/978-3-540-72200-7_13,doi:10.1007/978-3-540-30494-4_20,doi:10.1007/978-3-540-31980-1_19,doi:10.1007/978-3-540-24605-3_21,doi:10.24963/kr.2024/48,doi:10.1007/11817963_39,doi:10.1109/date.2004.1268860,doi:10.24963/ijcai.2022/259,doi:10.1109/iccad51958.2021.9643520,doi:10.1109/ictai.2018.00111,doi:10.1007/978-3-030-51825-7_5,doi:10.1016/j.dam.2024.10.021,doi:10.1016/s0004-3702(99)00035-1,doi:10.1109/ares.2015.14,doi:10.1007/978-3-540-24730-2_3,doi:10.1007/978-3-031-99984-0_37,doi:10.1609/aaai.v38i8.28652,doi:10.1016/j.artint.2025.104346,doi:10.1109/ddecs.2018.00028,doi:10.2197/ipsjjip.25.459,doi:10.1145/2975585,doi:10.1109/vlsid.2014.22,doi:10.1145/3324884.3416569	doi:10.4230/lipics.sat.2023.15,arxiv:2003.04225	seed-key:doi:10.1613/jair.1.16870; primary-complete; exact primary bibliography title-screened; snapshot screening/baseline-2026-08-04/primary-masina2025cnf-backward.tsv
2026-08-04	snowball	closure-primary-1	Primary paper bibliography	DOI:10.3233/faia241007	backward	42	42	doi:10.1109/tc.1986.1676819,doi:10.1613/jair.989,doi:10.1007/11817963_39,doi:10.1609/aaai.v38i8.28652	-	seed-key:doi:10.3233/faia241007; primary-complete; exact primary bibliography title-screened; snapshot screening/baseline-2026-08-04/primary-michelutti2024canonical-backward.tsv
2026-08-04	snowball	closure-primary-1	Primary paper bibliography	DOI:10.1007/978-3-030-51825-7_5	backward	34	34	doi:10.1007/s00224-013-9447-2,doi:10.1007/978-3-540-30494-4_20,doi:10.1007/11817963_39,doi:10.1109/date.2004.1268860,doi:10.1109/ictai.2018.00111,doi:10.1109/ddecs.2018.00028,doi:10.1145/2975585	arxiv:2003.04225	seed-key:doi:10.1007/978-3-030-51825-7_5; primary-complete; exact primary bibliography title-screened; snapshot screening/baseline-2026-08-04/primary-moehle2020flavors-backward.tsv
2026-08-04	snowball	closure-primary-1	Primary paper bibliography	DOI:10.1016/j.dam.2024.10.021	backward	67	67	doi:10.1007/s00224-013-9447-2,doi:10.4230/lipics.sat.2024.13,doi:10.1007/978-3-642-01929-6_7,doi:10.1007/978-3-540-30494-4_20,doi:10.1007/978-3-540-31980-1_19,doi:10.1007/11817963_39,doi:10.1109/date.2004.1268860,doi:10.1109/ictai.2018.00111,doi:10.1007/978-3-030-51825-7_5,doi:10.1007/978-3-540-24730-2_3,doi:10.1609/aaai.v38i8.28652,doi:10.1145/2975585	arxiv:2003.04225	seed-key:doi:10.1016/j.dam.2024.10.021; primary-complete; exact primary bibliography title-screened; snapshot screening/baseline-2026-08-04/primary-moehle2025short-backward.tsv
2026-08-04	snowball	closure-primary-1	Primary paper bibliography	DOI:10.1145/3341694	backward	47	47	-	-	seed-key:doi:10.1145/3341694; primary-complete; exact primary bibliography title-screened; snapshot screening/baseline-2026-08-04/primary-mokhov2019selective-backward.tsv
2026-08-04	snowball	closure-primary-1	Primary paper bibliography	DOI:10.1109/iccad.1996.569909	backward	29	29	doi:10.1109/tc.1986.1676819	-	seed-key:doi:10.1109/iccad.1996.569909; primary-complete; exact primary bibliography title-screened; snapshot screening/baseline-2026-08-04/primary-narayan1996partitioned-backward.tsv
2026-08-04	snowball	closure-primary-1	Primary paper bibliography	DOI:10.1109/ares.2015.14	backward	42	42	-	-	seed-key:doi:10.1109/ares.2015.14; primary-complete; exact primary bibliography title-screened; snapshot screening/baseline-2026-08-04/primary-phan2015allsmtr-backward.tsv
2026-08-04	snowball	closure-primary-1	Primary paper bibliography	DOI:10.1145/3498709	backward	49	49	doi:10.1145/3276519,doi:10.1145/3158150,doi:10.1145/3385412.3386014,doi:10.1145/360248.360252,doi:10.1016/j.jsc.2016.07.012,doi:10.1145/2786805.2786830,doi:10.1145/2666356.2594340	-	seed-key:doi:10.1145/3498709; primary-complete; exact primary bibliography title-screened; snapshot screening/baseline-2026-08-04/primary-porncharoenwase2022merging-backward.tsv
2026-08-04	snowball	closure-primary-1	Primary paper bibliography	DOI:10.34727/2023/isbn.978-3-85448-060-0_19	backward	50	50	doi:10.1145/123186.128296,doi:10.1145/378239.378278,doi:10.1007/bf01383966	doi:10.34727/2022/isbn.978-3-85448-053-2_16	seed-key:doi:10.34727/2023/isbn.978-3-85448-060-0_19; primary-complete; exact primary bibliography title-screened; snapshot screening/baseline-2026-08-04/primary-ryan2023sylvia-backward.tsv
2026-08-04	snowball	closure-primary-1	Primary paper bibliography	DOI:10.1609/aaai.v38i8.28652	backward	35	35	doi:10.1109/fmcad.2013.6679390,doi:10.4230/lipics.sat.2023.9,doi:10.1007/978-3-540-30494-4_20,doi:10.1007/978-3-540-31980-1_19,doi:10.1007/978-3-540-24605-3_21,doi:10.1109/date.2004.1268860,doi:10.24963/ijcai.2022/259,doi:10.1007/978-3-030-51825-7_5,doi:10.1016/j.dam.2024.10.021,doi:10.1145/2975585,doi:10.1109/vlsid.2014.22,doi:10.1145/3324884.3416569	arxiv:2003.04225	seed-key:doi:10.1609/aaai.v38i8.28652; primary-complete; exact primary bibliography title-screened; snapshot screening/baseline-2026-08-04/primary-spallitta2024disjoint-backward.tsv
2026-08-04	snowball	closure-primary-1	Primary paper bibliography	DOI:10.1016/j.artint.2025.104346	backward	46	46	doi:10.1007/978-3-540-24605-3_21,doi:10.1007/978-3-540-31980-1_19,doi:10.3233/faia241007,doi:10.1007/11817963_39,doi:10.1007/978-3-540-30494-4_20,doi:10.1109/vlsid.2014.22,doi:10.1109/date.2004.1268860,doi:10.4230/lipics.sat.2024.13,doi:10.1007/978-3-030-51825-7_5,doi:10.1016/j.dam.2024.10.021,doi:10.24963/kr.2024/48,doi:10.1007/978-3-031-43369-6_11,doi:10.1609/aaai.v38i8.28652,doi:10.1145/2975585,doi:10.1145/3324884.3416569,doi:10.24963/ijcai.2022/259,doi:10.4230/lipics.sat.2023.9,doi:10.1109/ictai.2018.00111,doi:10.1613/jair.1.16870	arxiv:2003.04225,doi:10.4230/lipics.sat.2023.15	seed-key:doi:10.1016/j.artint.2025.104346; primary-complete; exact primary bibliography title-screened; snapshot screening/baseline-2026-08-04/primary-spallitta2025projected-backward.tsv
2026-08-04	snowball	closure-primary-1	Primary paper bibliography	DOI:10.1016/j.tcs.2025.115263	backward	41	41	doi:10.1016/j.jsc.2016.07.012,doi:10.1145/3498709,doi:10.1007/978-3-031-76554-4_13	doi:10.1007/978-3-031-47963-2_22	seed-key:doi:10.1016/j.tcs.2025.115263; primary-complete; exact primary bibliography title-screened; snapshot screening/baseline-2026-08-04/primary-voogd2025compositional-backward.tsv
2026-08-04	snowball	closure-primary-1	Primary paper bibliography	DOI:10.1109/tse.2016.2584063	backward	65	65	doi:10.1145/360248.360252,doi:10.1145/2522920.2522925,doi:10.1145/1190215.1190226,doi:10.1007/978-3-540-78800-3_28,doi:10.1145/1831708.1831733,doi:10.1007/978-3-540-78800-3_27,doi:10.1145/2786805.2786830	-	seed-key:doi:10.1109/tse.2016.2584063; primary-complete; exact primary bibliography title-screened; snapshot screening/baseline-2026-08-04/primary-wang2017dependence-backward.tsv
2026-08-04	snowball	closure-primary-1	Primary paper bibliography	DOI:10.1145/3276487	backward	60	60	doi:10.1145/2465106.2465121,arxiv:1807.03837,doi:10.1145/1806799.1806864,doi:10.1145/2786805.2786830	-	seed-key:doi:10.1145/3276487; primary-complete; exact primary bibliography title-screened; snapshot screening/baseline-2026-08-04/primary-wong2018variational-backward.tsv
2026-08-04	snowball	closure-seeds-semantic-1	Semantic Scholar Graph API	DOI:10.1145/347476.347484;paperId:c8ce0711dfbed7297395707127e6db789bd7473d	forward	396	396	doi:10.1145/3776699,doi:10.1007/978-3-030-75333-7_4,doi:10.1007/978-3-030-16202-3_6,doi:10.1007/978-3-319-90686-7_10,doi:10.1007/978-3-319-51676-9_1,doi:10.1145/2505879.2505881,doi:10.1016/j.entcs.2006.10.026,doi:10.1145/1273920.1273947,doi:10.1007/978-3-540-87405-8_7,doi:10.1016/s1571-0661(04)80784-9,doi:10.1016/s0020-0190(98)00016-7,doi:10.4230/lipics.iclp.2012.130,t:demanddrivensearchinfunctionallogicprograms	-	seed-key:doi:10.1145/347476.347484; exact DOI record; two unresolved citation stubs retained, one readable and one adjudicated by citation context; malformed duplicate metadata retained; snapshot screening/baseline-2026-08-04/semantic-antoy2000needed-forward.tsv
2026-08-04	snowball	closure-primary-2	Primary paper bibliography	DOI:10.1145/2652484	backward	38	38	doi:10.1145/1190215.1190226,doi:10.1145/360248.360252,doi:10.1145/2254064.2254088,doi:10.1145/1831708.1831733,doi:10.1145/800027.808445,doi:10.1007/978-3-540-78800-3_27	-	seed-key:doi:10.1145/2652484; primary-complete; exact accepted-manuscript bibliography title-screened; snapshot screening/baseline-2026-08-04/primary-li2014zequivalent-backward.tsv
2026-08-04	snowball	closure-seeds-semantic-2	Semantic Scholar Graph API	DOI:10.1145/2652484	forward	7	7	doi:10.1145/3797074	-	seed-key:doi:10.1145/2652484; exact DOI record; all reported citing titles screened; snapshot screening/baseline-2026-08-04/semantic-li2014zequivalent-forward.tsv
2026-08-04	snowball	closure-precursor-2	Primary conference-precursor bibliography	DOI:10.34727/2022/isbn.978-3-85448-053-2_16	backward	11	11	doi:10.1007/bf01383966,doi:10.1109/tc.1986.1676819	-	seed-key:doi:10.1007/s10703-025-00478-1; precursor-complete; exact bibliography of the 2022 conference precursor title-screened because the expanded 2025 journal bibliography was not openly accessible; snapshot screening/baseline-2026-08-04/precursor-kaivola2025causalfanin-backward.tsv
2026-08-04	snowball	closure-seeds-openalex-2	OpenAlex API	DOI:10.1007/s10703-025-00478-1	forward	0	0	-	-	seed-key:doi:10.1007/s10703-025-00478-1; exact journal DOI record exposed zero citations at capture time, which is not a global no-citation claim; snapshot screening/baseline-2026-08-04/openalex-kaivola2025causalfanin-forward.tsv
2026-08-04	snowball	closure-primary-2	Primary paper bibliography	https://web.cecs.pdx.edu/~antoy/homepage/publications/gcm10/paper.pdf	backward	18	18	doi:10.1016/j.entcs.2006.10.026,doi:10.1145/1599410.1599420,doi:10.1007/978-3-540-76637-7_9,doi:10.1007/978-3-540-87405-8_7,doi:10.1007/978-3-540-78969-7_12	-	seed-key:t:thepulltabtransformation; primary-complete; exact primary bibliography title-screened; snapshot screening/baseline-2026-08-04/primary-alqaddoumi2010pulltab-backward.tsv
2026-08-04	snowball	closure-seeds-semantic-2	Semantic Scholar Graph API	TITLE:The Pull-Tab Transformation	forward	11	11	doi:10.1145/3776699,doi:10.1145/3756907.3756915,doi:10.1017/s1471068426100453,doi:10.1145/3479394.3479411,doi:10.1007/978-3-030-75333-7_4,doi:10.1007/978-3-030-16202-3_6,doi:10.1145/2505879.2505896,doi:10.1007/978-3-642-22531-4_1,doi:10.1017/s1471068411000263	doi:10.1145/3551357.3551370	seed-key:t:thepulltabtransformation; exact-title author-checked record; all reported citing titles screened; PPDP22 maps to the expanded 2026 TPLP treatment; snapshot screening/baseline-2026-08-04/semantic-alqaddoumi2010pulltab-forward.tsv
2026-08-04	snowball	closure-primary-2	Primary paper bibliography	DOI:10.1145/1599410.1599420	backward	30	30	doi:10.1007/bfb0027000,doi:10.1145/1273920.1273936,t:encapsulatingnondeterminisminfunctionallogiccomputations,doi:10.1007/978-3-540-76637-7_9,doi:10.1007/978-3-540-87405-8_7,doi:10.1016/s0020-0190(98)00016-7	-	seed-key:doi:10.1145/1599410.1599420; primary-complete; exact primary bibliography title-screened; snapshot screening/baseline-2026-08-04/primary-antoy2009setfunctions-backward.tsv
2026-08-04	snowball	closure-seeds-semantic-2	Semantic Scholar Graph API	DOI:10.1145/1599410.1599420	forward	49	49	doi:10.1145/3756907.3756915,doi:10.1017/s1471068426100453,doi:10.1145/3479394.3479411,doi:10.1007/978-3-030-16202-3_6,doi:10.1007/978-3-319-51676-9_1,doi:10.1145/2505879.2505896,doi:10.1017/s1471068411000263,doi:10.4230/lipics.iclp.2012.130,t:thepulltabtransformation	doi:10.1145/3551357.3551370	seed-key:doi:10.1145/1599410.1599420; exact DOI/title/authors record; all reported citing titles screened; PPDP22 maps to the expanded 2026 TPLP treatment; snapshot screening/baseline-2026-08-04/semantic-antoy2009setfunctions-forward.tsv
2026-08-04	snowball	closure-primary-2	Primary paper bibliography	DOI:10.1007/978-3-540-76637-7_9	backward	15	15	doi:10.1145/347476.347484,t:encapsulatingnondeterminisminfunctionallogiccomputations,doi:10.1145/1085099.1085112	-	seed-key:doi:10.1007/978-3-540-76637-7_9; primary-complete; exact primary bibliography title-screened; snapshot screening/baseline-2026-08-04/primary-brassel2007tighter-backward.tsv
2026-08-04	snowball	closure-seeds-semantic-2	Semantic Scholar Graph API	DOI:10.1007/978-3-540-76637-7_9;paperId:9b44c5ccc322eda41cf03f347f0a8a29dcad11d7	forward	46	46	doi:10.1017/s1471068426100453,doi:10.1145/3479394.3479411,doi:10.1007/978-3-030-75333-7_4,doi:10.1145/2505879.2505896,doi:10.1145/2505879.2505881,doi:10.1007/978-3-642-22531-4_1,doi:10.1017/s1471068411000263,doi:10.1145/1599410.1599420,doi:10.1017/s0956796811000189,doi:10.1007/978-3-642-24452-0_2,doi:10.4230/lipics.iclp.2012.130,t:thepulltabtransformation	doi:10.1145/3551357.3551370	seed-key:doi:10.1007/978-3-540-76637-7_9; exact DOI/title/authors record; all reported citing titles screened; PPDP22 and ICFP09 map to their cataloged expanded treatments; snapshot screening/baseline-2026-08-04/semantic-brassel2007tighter-forward.tsv
2026-08-04	snowball	closure-primary-2	Primary report bibliography	TITLE:Demand-Driven Search in Functional Logic Programs	backward	26	26	doi:10.1007/bfb0027000	doi:10.1145/174675.177907	seed-key:t:demanddrivensearchinfunctionallogicprograms; primary-complete; exact primary-report bibliography title-screened; snapshot screening/baseline-2026-08-04/primary-hanus1998demand-backward.tsv
2026-08-04	snowball	closure-seeds-semantic-2	Semantic Scholar Graph API	TITLE:Demand-Driven Search in Functional Logic Programs	forward	4	4	doi:10.1007/978-3-642-24452-0_2	-	seed-key:t:demanddrivensearchinfunctionallogicprograms; exact-title author-checked record; all reported citing titles screened; snapshot screening/baseline-2026-08-04/semantic-hanus1998demand-forward.tsv
2026-08-04	snowball	closure-seeds-semantic-2	Semantic Scholar Graph API	DOI:10.4230/LIPIcs.ICLP.2012.130	forward	8	8	doi:10.1017/s1471068426100453,doi:10.1145/3479394.3479411,doi:10.1007/978-3-030-75333-7_4,doi:10.1007/978-3-319-90686-7_10,doi:10.1145/2505879.2505896	doi:10.1145/3551357.3551370	seed-key:doi:10.4230/lipics.iclp.2012.130; exact DOI/title/authors record; all reported citing titles screened; PPDP22 maps to the expanded 2026 TPLP treatment; snapshot screening/baseline-2026-08-04/semantic-hanus2012demand-forward.tsv
2026-08-04	snowball	closure-seeds-semantic-2	Semantic Scholar Graph API	DOI:10.1007/978-3-030-75333-7_4	forward	4	4	doi:10.1017/s1471068426100453,doi:10.1145/3479394.3479411	doi:10.1145/3551357.3551370	seed-key:doi:10.1007/978-3-030-75333-7_4; exact DOI/title/authors record; all reported citing titles screened; PPDP22 maps to the expanded 2026 TPLP treatment; snapshot screening/baseline-2026-08-04/semantic-hanus2021memoized-forward.tsv
2026-08-04	snowball	closure-primary-2	Primary dissertation bibliography	URN:urn:nbn:de:gbv:8-diss-70568	backward	121	121	doi:10.1145/1273920.1273936,doi:10.1145/1599410.1599420,doi:10.1016/j.entcs.2006.10.026,doi:10.1007/978-3-642-24452-0_2,doi:10.1007/978-3-540-76637-7_9,t:encapsulatingnondeterminisminfunctionallogiccomputations,doi:10.1017/s0956796811000189,t:demanddrivensearchinfunctionallogicprograms,doi:10.1145/1273920.1273947	doi:10.1145/174675.177907	seed-key:t:implementingfunctionallogicprogramsbytranslationintopurelyfunctionalprograms; primary-complete; exact 121-entry dissertation bibliography title-screened; conference precursors map to their cataloged expanded treatments; snapshot screening/baseline-2026-08-04/primary-brassel2011thesis-backward.tsv
2026-08-04	snowball	closure-seeds-semantic-2	Semantic Scholar Graph API	TITLE:Implementing Functional Logic Programs by Translation into Purely Functional Programs;paperId:dc996ed9c17b643d2ce8444350ebf50e672743eb	forward	17	17	doi:10.1145/2505879.2505896,doi:10.1007/978-3-642-22531-4_1,doi:10.1017/s1471068411000263,doi:10.4230/lipics.iclp.2012.130	-	seed-key:t:implementingfunctionallogicprogramsbytranslationintopurelyfunctionalprograms; exact-title author-checked record; index year conflicts with the primary library record and is not used for metadata; all reported citing titles screened; snapshot screening/baseline-2026-08-04/semantic-brassel2011thesis-forward.tsv
2026-08-04	snowball	closure-primary-2	Primary paper bibliography	DOI:10.1007/978-3-642-24452-0_2	backward	28	28	doi:10.1007/978-3-540-76637-7_9,t:demanddrivensearchinfunctionallogicprograms	-	seed-key:doi:10.1007/978-3-642-24452-0_2; primary-complete; exact 28-entry primary bibliography title-screened; snapshot screening/baseline-2026-08-04/primary-brassel2008preserving-backward.tsv
2026-08-04	snowball	closure-seeds-semantic-2	Semantic Scholar Graph API	TITLE:From Functional Logic Programs to Purely Functional Programs Preserving Laziness	forward	9	9	t:implementingfunctionallogicprogramsbytranslationintopurelyfunctionalprograms,doi:10.1007/978-3-642-22531-4_1,doi:10.1017/s1471068411000263,doi:10.4230/lipics.iclp.2012.130	-	seed-key:doi:10.1007/978-3-642-24452-0_2; exact-title author-checked record; all reported citing titles screened; snapshot screening/baseline-2026-08-04/semantic-brassel2008preserving-forward.tsv
2026-08-04	search	closure-audit-3	OpenAlex API	symbolic execution dataflow graph enumeration	query	931	50	doi:10.1109/icse.2015.79,doi:10.1016/j.scico.2011.04.001	doi:10.1145/3597503.3623345,doi:10.1145/3660825,doi:10.2172/1078549	C3-01; first 50 relevance-ranked results title-screened; round later reopened by C3-05; snapshot screening/baseline-2026-08-04/audit-3-01.tsv
2026-08-04	search	closure-audit-3	OpenAlex API	symbolic evaluation term graph choice	query	61289	50	doi:10.1145/2338965.2336771	doi:10.1109/5.726791,doi:10.1016/0304-3975(94)00172-f,doi:10.1145/1993316.1993533,doi:10.1145/3477141	C3-02; first 50 relevance-ranked results title-screened; round later reopened by C3-05; snapshot screening/baseline-2026-08-04/audit-3-02.tsv
2026-08-04	search	closure-audit-3	OpenAlex API	symbolic simulation mux functional space partition	query	183	50	doi:10.34727/2023/isbn.978-3-85448-060-0_19,doi:10.1109/tc.2008.165,legacy:darbari2006ste	doi:10.1145/3638046	C3-03; first 50 relevance-ranked results title-screened; round later reopened by C3-05; snapshot screening/baseline-2026-08-04/audit-3-03.tsv
2026-08-04	search	closure-audit-3	OpenAlex API	projected model enumeration partial assignment	query	22954	50	doi:10.1145/276393.276396,doi:10.1016/j.artint.2025.104346,legacy:voronov2011partialconfig,doi:10.3990/1.9789064642739	-	C3-04; first 50 relevance-ranked results title-screened; round later reopened by C3-05; snapshot screening/baseline-2026-08-04/audit-3-04.tsv
2026-08-04	search	closure-audit-3	OpenAlex API	guarded value symbolic execution	query	7851	50	doi:10.1145/2786805.2786830,doi:10.1007/978-3-642-33125-1_18,doi:10.1016/j.scico.2013.09.019,doi:10.1007/978-3-662-49122-5_10,doi:10.1145/2568225.2568293,doi:10.1016/j.scico.2019.03.006,doi:10.1145/3563344,doi:10.1145/2465106.2465121,doi:10.1145/3547628,doi:10.1145/337292.337336,t:ondelayedchoiceexecutionforfalsification,doi:10.1145/3276519	-	C3-05; first 50 relevance-ranked results title-screened; newly exposed delayed-choice predecessor reopens the map; snapshot screening/baseline-2026-08-04/audit-3-05.tsv
2026-08-04	search	closure-audit-3	OpenAlex API	demand driven symbolic evaluation graph	query	32278	50	doi:10.1145/224538.224648,doi:10.1145/267959.269970,doi:10.1145/1806799.1806864,doi:10.1145/2338965.2336771	doi:10.1145/3477141	C3-06; first 50 relevance-ranked results title-screened; round already reopened by C3-05; snapshot screening/baseline-2026-08-04/audit-3-06.tsv
2026-08-04	search	closure-audit-3	OpenAlex API	trace partitioning symbolic execution	query	11930	50	doi:10.1145/2338965.2336771,doi:10.1145/3563344,doi:10.1007/s00165-020-00527-y,doi:10.1145/244795.244800,doi:10.1109/date.1999.761163	-	C3-07; first 50 relevance-ranked results title-screened; round already reopened by C3-05; snapshot screening/baseline-2026-08-04/audit-3-07.tsv
2026-08-04	search	closure-audit-3	OpenAlex API	conditional values configuration symbolic	query	30337	50	doi:10.1145/1806799.1806864,doi:10.1145/2338965.2336771,doi:10.1145/2970276.2970322,doi:10.1016/j.scico.2013.09.019	doi:10.1109/5.726791	C3-08; first 50 relevance-ranked results title-screened; round already reopened by C3-05; snapshot screening/baseline-2026-08-04/audit-3-08.tsv
2026-08-04	search	closure-audit-3	OpenAlex API	functional logic demand driven search nondeterministic choice fingerprint	query	66	50	doi:10.1017/s1471068426100453,doi:10.15760/etd.3564	-	C3-09; first 50 relevance-ranked results title-screened; Jost dissertation exposes the Fair Scheme lineage and reopens the map; snapshot screening/baseline-2026-08-04/audit-3-09.tsv
2026-08-04	search	closure-audit-3	OpenAlex API	pull tabbing fingerprint choice identifier search	query	519	50	doi:10.1017/s1471068426100453	-	C3-10; first 50 relevance-ranked results title-screened; round already reopened by C3-09; snapshot screening/baseline-2026-08-04/audit-3-10.tsv
2026-08-04	search	closure-audit-3	OpenAlex API	lazy nondeterministic computation demanded choice enumeration	query	273	50	doi:10.1017/s0956796811000189,doi:10.4230/lipics.iclp.2012.130,doi:10.1145/3314221.3314618,doi:10.1016/s0743-1066(98)10029-8,doi:10.1017/s0956796805005666,doi:10.1145/3704849,doi:10.1017/s1471068426100453,doi:10.1017/s1471068422000187,doi:10.1007/3-540-17220-3_1,doi:10.1007/978-3-030-99336-8_4	doi:10.1017/s095679680400509x	C3-11; first 50 relevance-ranked results title-screened; round already reopened; snapshot screening/baseline-2026-08-04/audit-3-11.tsv
2026-08-04	search	closure-audit-3	OpenAlex API	set function fingerprint nondeterministic results	query	773	50	doi:10.1145/349299.349341	-	C3-12; first 50 relevance-ranked results title-screened; round already reopened; snapshot screening/baseline-2026-08-04/audit-3-12.tsv
2026-08-04	snowball	closure-reopened-seeds-1	OpenAlex API	DOI:10.1007/978-3-319-14125-1_12	backward	34	32	doi:10.1007/978-3-642-29822-6_5,doi:10.1007/978-3-642-22531-4_1,doi:10.1007/978-3-540-76637-7_9,doi:10.1145/1599410.1599420,doi:10.1016/j.entcs.2006.10.026,doi:10.1016/s0743-1066(98)10029-8,doi:10.1007/bfb0027000,doi:10.1017/s0956796811000189,doi:10.1017/s1471068411000263,doi:10.1007/978-3-642-24452-0_2,doi:10.1145/1273920.1273947	-	seed-key:doi:10.1007/978-3-319-14125-1_12; discovery-only; two identifiers unresolved and index omits part of the 48-entry primary bibliography; snapshot screening/baseline-2026-08-04/openalex-antoy2014fairscheme-backward.tsv
2026-08-04	snowball	closure-reopened-primary-1	Primary paper bibliography	DOI:10.1007/978-3-319-14125-1_12	backward	48	48	doi:10.1007/978-3-642-29822-6_5,doi:10.1007/978-3-642-22531-4_1,doi:10.1007/978-3-540-76637-7_9,doi:10.1145/1599410.1599420,doi:10.1016/j.entcs.2006.10.026,doi:10.1016/s0743-1066(98)10029-8,doi:10.1007/bfb0027000,doi:10.1016/s0020-0190(98)00016-7,doi:10.1017/s0956796811000189,doi:10.1017/s1471068411000263,doi:10.1007/978-3-642-24452-0_2,doi:10.1145/1273920.1273947	-	seed-key:doi:10.1007/978-3-319-14125-1_12; primary-complete; exact extended-paper bibliography title-screened; snapshot screening/baseline-2026-08-04/primary-antoy2014fairscheme-backward.tsv
2026-08-04	snowball	closure-reopened-seeds-1	OpenAlex API	DOI:10.1007/978-3-319-14125-1_12	forward	3	3	doi:10.1145/3479394.3479411,doi:10.1007/978-3-319-63139-4_6,doi:10.15760/etd.3564	-	seed-key:doi:10.1007/978-3-319-14125-1_12; all reported citing titles screened; snapshot screening/baseline-2026-08-04/openalex-antoy2014fairscheme-forward.tsv
2026-08-04	snowball	closure-reopened-seeds-1	OpenAlex API	DOI:10.15760/etd.3564	backward	64	60	doi:10.1007/978-3-319-14125-1_12,doi:10.1007/978-3-642-29822-6_5,doi:10.1145/2505879.2505896,doi:10.1007/978-3-642-22531-4_1,doi:10.1145/1599410.1599420,t:encapsulatingnondeterminisminfunctionallogiccomputations,t:implementingfunctionallogicprogramsbytranslationintopurelyfunctionalprograms,doi:10.1017/s1471068411000263,doi:10.1007/bfb0027000	-	seed-key:doi:10.15760/etd.3564; discovery-only metadata neighborhood; four identifiers had no returned metadata; snapshot screening/baseline-2026-08-04/openalex-jost2023fairscheme-backward.tsv
2026-08-04	snowball	closure-reopened-seeds-1	OpenAlex API	DOI:10.15760/etd.3564	forward	0	0	-	-	seed-key:doi:10.15760/etd.3564; discovery-only; zero indexed citations at capture time is not a global no-citation claim; snapshot screening/baseline-2026-08-04/openalex-jost2023fairscheme-forward.tsv
2026-08-04	snowball	closure-reopened-seeds-1	OpenAlex API	W1535443236	backward	40	40	doi:10.1145/566172.566191,doi:10.1007/3-540-36577-x_40,doi:10.1109/ase.2006.26,doi:10.1145/360248.360252,doi:10.1109/ase.2001.989796	-	seed-key:t:ondelayedchoiceexecutionforfalsification; discovery-only; index omits three entries from the 43-entry primary bibliography; snapshot screening/baseline-2026-08-04/openalex-gligoric2008delayed-backward.tsv
2026-08-04	snowball	closure-reopened-primary-1	Primary report bibliography	TITLE:On Delayed Choice Execution for Falsification	backward	43	43	doi:10.1145/566172.566191,doi:10.1007/3-540-36577-x_40,doi:10.1109/ase.2006.26,doi:10.1145/360248.360252,doi:10.1109/ase.2001.989796	-	seed-key:t:ondelayedchoiceexecutionforfalsification; primary-complete; exact report bibliography title-screened; duplicated ISSTA citation retained as printed; snapshot screening/baseline-2026-08-04/primary-gligoric2008delayed-backward.tsv
2026-08-04	snowball	closure-reopened-seeds-1	OpenAlex API	W1535443236	forward	3	3	doi:10.1145/1806799.1806835,legacy:gvero2015search	t:simulationofdoublegatesilicontunnelfetswithahighkgatedielectric	seed-key:t:ondelayedchoiceexecutionforfalsification; all reported citing titles screened; snapshot screening/baseline-2026-08-04/openalex-gligoric2008delayed-forward.tsv
2026-08-04	snowball	closure-reopened-seeds-1	OpenAlex API	DOI:10.1145/1411286.1411292;OpenAlex:W2029976661	backward	20	19	t:propertydirectedgenerationoffirstordertestdata,doi:10.1007/978-3-540-78969-7_23	-	seed-key:doi:10.1145/1411286.1411292; discovery-only; one identifier unresolved; duplicate and wrong-work resolutions retained; index smaller than complete 22-entry primary bibliography; snapshot screening/baseline-2026-08-04/openalex-runciman2008smallcheck-backward.tsv
2026-08-04	snowball	closure-reopened-primary-1	Primary paper bibliography	DOI:10.1145/1411286.1411292	backward	22	22	t:propertydirectedgenerationoffirstordertestdata,doi:10.1007/978-3-540-78969-7_23,doi:10.1109/scam.2007.30	doi:10.1145/174675.177907	seed-key:doi:10.1145/1411286.1411292; primary-complete; exact 22-entry bibliography title/abstract-screened; TFP07 event/published-2008 date retained; snapshot screening/baseline-2026-08-04/primary-runciman2008smallcheck-backward.tsv
2026-08-04	snowball	closure-reopened-seeds-1	OpenAlex API	DOI:10.1145/1411286.1411292;OpenAlex:W2029976661	forward	185	185	doi:10.1007/978-3-642-35308-6_10,doi:10.1145/3158133,doi:10.1017/s0956796811000189,doi:10.1145/3341694,doi:10.1145/3314221.3314618,doi:10.1007/978-3-642-34407-7_5,doi:10.1007/978-3-642-41582-1_4,doi:10.1007/978-3-030-31157-5_12,doi:10.1145/3236797,doi:10.1145/3689745,doi:10.1007/978-3-642-24452-0_2,doi:10.4230/lipics.iclp.2012.130,doi:10.1145/3205368.3205371,doi:10.1007/978-3-642-34005-5_11,doi:10.1145/2001420.2001465,doi:10.1007/978-3-642-28717-6_14,doi:10.1007/978-3-319-51676-9_7,doi:10.1007/978-3-319-90686-7_10,legacy:fischer2010thesis,legacy:fowler2019narrowing	doi:10.1145/1596550.1596556,legacy:naylor2008thesis,t:mediatummedienundpublikationsserver,t:propertybasedtestingandpropertiesastypesahybridapproachtosupercompilerverificati,doi:10.25560/7095	seed-key:doi:10.1145/1411286.1411292; exact DOI/title/authors record; 139 abstracts and 46 title-only records screened; 23 duplicate-title groups retained; filter count 185 conflicts with seed cited_by_count 186; Semantic Scholar unavailable after null payload and HTTP 429; snapshot screening/baseline-2026-08-04/openalex-runciman2008smallcheck-forward.tsv
2026-08-04	snowball	closure-reopened-seeds-1	OpenAlex API	DOI:10.1109/FTCS.1989.105582	backward	22	20	doi:10.1109/tc.1984.1676477	-	seed-key:doi:10.1109/ftcs.1989.105582; discovery-only; two identifiers unresolved and the index is smaller than the complete 23-entry primary bibliography; snapshot screening/baseline-2026-08-04/openalex-udell1989pseudo-backward.tsv
2026-08-04	snowball	closure-reopened-primary-1	Primary paper bibliography	DOI:10.1109/FTCS.1989.105582	backward	23	23	doi:10.1109/tc.1984.1676477,legacy:udell1986testset	-	seed-key:doi:10.1109/ftcs.1989.105582; primary-complete; exact 23-entry bibliography title-screened; snapshot screening/baseline-2026-08-04/primary-udell1989pseudo-backward.tsv
2026-08-04	snowball	closure-reopened-seeds-1	OpenAlex API	DOI:10.1109/FTCS.1989.105582	forward	15	15	doi:10.1109/itc50671.2022.00083	-	seed-key:doi:10.1109/ftcs.1989.105582; all reported citing titles screened; snapshot screening/baseline-2026-08-04/openalex-udell1989pseudo-forward.tsv
2026-08-04	snowball	closure-reopened-seeds-1	OpenAlex API	DOI:10.1109/TEST.2011.6139130	backward	39	31	doi:10.1109/tc.1984.1676477,doi:10.1109/tc.1983.1676202,doi:10.1109/18.6031,doi:10.1109/test.1990.114082,doi:10.1109/edac.1990.136612,doi:10.1145/157485.164880	-	seed-key:doi:10.1109/test.2011.6139130; discovery-only; eight identifiers unresolved and the index is smaller than the complete 31-entry primary bibliography; snapshot screening/baseline-2026-08-04/openalex-mumtaz2011partial-backward.tsv
2026-08-04	snowball	closure-reopened-primary-1	Primary paper bibliography	DOI:10.1109/TEST.2011.6139130	backward	31	31	doi:10.1109/tc.1984.1676477,doi:10.1109/tc.1983.1676202,doi:10.1109/18.6031,doi:10.1109/test.1990.114082,doi:10.1109/edac.1990.136612,doi:10.1145/157485.164880,legacy:udell1986testset	-	seed-key:doi:10.1109/test.2011.6139130; primary-complete; exact 31-entry bibliography title-screened; snapshot screening/baseline-2026-08-04/primary-mumtaz2011partial-backward.tsv
2026-08-04	snowball	closure-reopened-seeds-1	OpenAlex API	DOI:10.1109/TEST.2011.6139130	forward	6	6	doi:10.1109/itc50671.2022.00083	-	seed-key:doi:10.1109/test.2011.6139130; all reported citing titles screened; snapshot screening/baseline-2026-08-04/openalex-mumtaz2011partial-forward.tsv
2026-08-04	search	closure-audit-5	Crossref REST API	delayed choice bounded exhaustive execution	query	597291	100	doi:10.1145/3485543,doi:10.1109/icst46399.2020.00016,doi:10.1145/3183440.3195002,doi:10.1109/tse.2005.52,doi:10.1145/3133918,doi:10.1002/stvr.1547,doi:10.1016/j.scico.2024.103153,doi:10.1007/978-3-642-00593-0_12	-	C5-01; first 100 relevance-ranked records title-screened; bounded-exhaustive neighbors retained; round reopened elsewhere; snapshot screening/baseline-2026-08-04/audit-5-01.tsv
2026-08-04	search	closure-audit-5	Crossref REST API	delayed nondeterministic value force suspension	query	1160884	100	doi:10.1016/0304-3975(91)90082-d,t:dblpsearchforhennessysemanticsnondeterminism1980,doi:10.14264/192541	-	C5-02; first 100 relevance-ranked records title-screened; semantic nondeterminism neighbors retained; round reopened elsewhere; snapshot screening/baseline-2026-08-04/audit-5-02.tsv
2026-08-04	search	closure-audit-5	Crossref REST API	deferred nondeterminism symbolic execution visible state	query	2419596	100	doi:10.1145/3293882.3330554,doi:10.1145/2254064.2254088,doi:10.1145/3808306,doi:10.1017/s0956796824000133,doi:10.1145/3611643.3616287,doi:10.1587/transinf.2018edp7298,doi:10.1145/3158128	-	C5-03; first 100 relevance-ranked records title-screened; merged and deferred symbolic-execution neighbors retained; round reopened elsewhere; snapshot screening/baseline-2026-08-04/audit-5-03.tsv
2026-08-04	search	closure-audit-5	Crossref REST API	lazy initialization bounded exhaustive testing choice	query	1070004	100	doi:10.1007/978-3-642-38088-4_16,doi:10.1145/1411286.1411292,doi:10.1109/tse.2015.2389225,doi:10.1002/stvr.1547,doi:10.1109/tse.2005.52,doi:10.1109/icst46399.2020.00016,doi:10.1007/978-3-642-00593-0_12,doi:10.1145/3551349.3556965,doi:10.1109/issre59848.2023.00080,doi:10.1007/3540543961_16	-	C5-04; first 100 relevance-ranked records title-screened; Lazy SmallCheck and bounded lazy initialization reopen the demand-driven-testing map; snapshot screening/baseline-2026-08-04/audit-5-04.tsv
2026-08-04	search	closure-audit-5	Crossref REST API	unforced choice observable result enumeration	query	478226	100	-	-	C5-05; first 100 relevance-ranked records title-screened; no technical work met the revised trigger; round already reopened by C5-04; snapshot screening/baseline-2026-08-04/audit-5-05.tsv
2026-08-04	search	closure-audit-5	Crossref REST API	Fair Scheme functional logic nondeterminism	query	1440369	100	doi:10.15760/etd.3564,doi:10.1007/978-3-319-14125-1_12,doi:10.1007/978-3-642-29822-6_5,doi:10.1017/s0956796824000133	-	C5-06; first 100 relevance-ranked records title-screened; known functional-logic lineage recovered; round already reopened; snapshot screening/baseline-2026-08-04/audit-5-06.tsv
2026-08-04	search	closure-audit-5	Crossref REST API	fair search needed computation choice fingerprint	query	1116094	100	-	-	C5-07; first 100 relevance-ranked records title-screened; no additional technical neighbor met the trigger; round already reopened; snapshot screening/baseline-2026-08-04/audit-5-07.tsv
2026-08-04	search	closure-audit-5	Crossref REST API	demand driven search choice identifier branching information	query	4066535	100	-	-	C5-08; first 100 relevance-ranked records title-screened; no additional technical neighbor met the trigger; round already reopened; snapshot screening/baseline-2026-08-04/audit-5-08.tsv
2026-08-04	search	closure-audit-5	Crossref REST API	pull tabbing fingerprint exhaustive results	query	839193	100	doi:10.1109/ftcs.1989.105582,doi:10.1109/test.2011.6139130,doi:10.1109/vts69484.2026.11563331	-	C5-09; first 100 relevance-ranked records title-screened; pseudo-exhaustive and gate-exhaustive testing reopen the local-exhaustive map; snapshot screening/baseline-2026-08-04/audit-5-09.tsv
2026-08-04	search	closure-audit-5	Crossref REST API	shared choice term graph demand evaluation	query	3628097	100	-	-	C5-10; first 100 relevance-ranked records title-screened; no additional technical neighbor met the trigger; round already reopened; snapshot screening/baseline-2026-08-04/audit-5-10.tsv
2026-08-04	search	closure-audit-5	Crossref REST API	partial choice assignment result enumeration	query	793038	100	doi:10.1007/978-3-031-99984-0_37,doi:10.1007/978-3-032-04167-8_7,doi:10.1007/bf01582107	-	C5-11; first 100 relevance-ranked records title-screened; the CADE entailment paper was already cataloged under its retained key; other partial-assignment enumeration neighbors remain within the existing model-enumeration cluster; round already reopened; snapshot screening/baseline-2026-08-04/audit-5-11.tsv
2026-08-04	search	closure-audit-5	Crossref REST API	projected model enumeration irrelevant variables	query	3260482	100	doi:10.1016/j.artint.2025.104346,doi:10.1109/access.2019.2927041	-	C5-12; first 100 relevance-ranked records title-screened; projected enumeration and explicit irrelevant-variable representation retained; round already reopened; snapshot screening/baseline-2026-08-04/audit-5-12.tsv
2026-08-04	search	closure-audit-5	Crossref REST API	demanded decisions input partition symbolic execution	query	405069	100	doi:10.1145/2642937.2642951,doi:10.1109/ast58925.2023.00012,doi:10.1145/3808306,doi:10.1016/j.jsc.2016.07.012	-	C5-13; first 100 relevance-ranked records title-screened; targeted and path-merged symbolic-execution neighbors retained; round already reopened; snapshot screening/baseline-2026-08-04/audit-5-13.tsv
2026-08-04	search	closure-audit-5	Crossref REST API	observable choice trace exact enumeration	query	618119	100	doi:10.1109/icassp49357.2023.10095698	-	C5-14; first 100 relevance-ranked records title-screened; exact neural activation-region enumeration reopens the map; snapshot screening/baseline-2026-08-04/audit-5-14.tsv
2026-08-04	search	closure-audit-5	Crossref REST API	mux dataflow graph demand selection	query	842928	100	doi:10.1016/0165-6074(90)90167-8,doi:10.1007/bf03259389,doi:10.1145/267959.269970	doi:10.1007/3-540-16042-6_23	C5-15; first 100 relevance-ranked records title-screened; one-page abstract excluded after primary-record check; classical demand-driven dataflow semantics reopens the terminology audit; snapshot screening/baseline-2026-08-04/audit-5-15.tsv
2026-08-04	search	closure-audit-5	Crossref REST API	residual symbolic value partial decision map	query	2166145	100	-	-	C5-16; first 100 relevance-ranked records title-screened; no additional technical neighbor met the trigger; round already reopened; snapshot screening/baseline-2026-08-04/audit-5-16.tsv
2026-08-04	snowball	closure-reopened-seeds-2	OpenAlex API	DOI:10.1145/566172.566191	backward	27	23	doi:10.1109/ase.2001.989796,doi:10.1109/tse.1975.6312837	-	seed-key:doi:10.1145/566172.566191; discovery-only; four identifiers unresolved and the index omits five entries from the complete primary bibliography; snapshot screening/baseline-2026-08-04/openalex-boyapati2002korat-backward.tsv
2026-08-04	snowball	closure-reopened-primary-2	Primary paper bibliography	DOI:10.1145/566172.566191	backward	32	32	doi:10.1109/ase.2001.989796,doi:10.1109/tse.1975.6312837	-	seed-key:doi:10.1145/566172.566191; primary-complete; exact 32-entry bibliography title-screened; snapshot screening/baseline-2026-08-04/primary-boyapati2002korat-backward.tsv
2026-08-04	snowball	closure-reopened-seeds-2	OpenAlex API	DOI:10.1145/566172.566191	forward	300	300	doi:10.1007/3-540-36577-x_40,doi:10.1109/ase.2001.989796,doi:10.1145/1806799.1806835,doi:10.1109/tse.2005.52,doi:10.1007/978-3-642-00593-0_12,doi:10.1007/978-3-642-38088-4_16,doi:10.1002/stvr.1547,doi:10.1007/s10515-007-0015-3,doi:10.1145/3133918,doi:10.1145/3551349.3556965,doi:10.1109/issre59848.2023.00080,doi:10.1145/3183440.3195002,doi:10.1016/j.scico.2024.103153,doi:10.1145/2001420.2001465,doi:10.1145/2786805.2786842,doi:10.1145/3485543	-	seed-key:doi:10.1145/566172.566191; all 300 indexed citing titles screened; duplicate title records retained in the frozen export; snapshot screening/baseline-2026-08-04/openalex-boyapati2002korat-forward.tsv
2026-08-04	snowball	closure-reopened-seeds-2	OpenAlex API	OpenAlex:W315983254	backward	4	4	t:parallelevaluationstrategiesforfunctionallogiclanguages,doi:10.1145/258948.258958,doi:10.1145/351240.351266	-	seed-key:t:propertydirectedgenerationoffirstordertestdata; discovery-only; index omits the demand-driven-search report and companion artifact from the six-entry primary bibliography; snapshot screening/baseline-2026-08-04/openalex-lindblad2007property-backward.tsv
2026-08-04	snowball	closure-reopened-primary-2	Primary paper bibliography	TITLE:Property Directed Generation of First-Order Test Data	backward	6	6	t:parallelevaluationstrategiesforfunctionallogiclanguages,doi:10.1145/258948.258958,doi:10.1145/351240.351266,t:demanddrivensearchinfunctionallogicprograms	-	seed-key:t:propertydirectedgenerationoffirstordertestdata; primary-complete; exact six-entry bibliography including the companion artifact title-screened; snapshot screening/baseline-2026-08-04/primary-lindblad2007property-backward.tsv
2026-08-04	snowball	closure-reopened-seeds-2	OpenAlex API	OpenAlex:W315983254	forward	41	41	doi:10.1145/1411286.1411292,doi:10.1007/978-3-642-35308-6_10,doi:10.1007/978-3-540-78969-7_23,doi:10.1145/3158133,doi:10.1109/scam.2007.30,doi:10.1145/2001420.2001465,doi:10.1007/978-3-642-28717-6_14,doi:10.1007/978-3-319-51676-9_7,legacy:fischer2010thesis	-	seed-key:t:propertydirectedgenerationoffirstordertestdata; all reported citing titles screened; snapshot screening/baseline-2026-08-04/openalex-lindblad2007property-forward.tsv
2026-08-04	snowball	closure-reopened-seeds-2	OpenAlex API	DOI:10.1007/978-3-319-67549-7_3	backward	19	19	doi:10.1007/s00165-016-0402-2	-	seed-key:doi:10.1007/978-3-319-67549-7_3; all indexed references title-screened; equivalence-class testing lineage retained; snapshot screening/baseline-2026-08-04/openalex-krafczyk2017effective-backward.tsv
2026-08-04	snowball	closure-reopened-seeds-2	OpenAlex API	DOI:10.1007/978-3-319-67549-7_3	forward	1	1	-	-	seed-key:doi:10.1007/978-3-319-67549-7_3; sole indexed citing title screened and did not define a closer input partition; snapshot screening/baseline-2026-08-04/openalex-krafczyk2017effective-forward.tsv
2026-08-04	snowball	closure-reopened-seeds-2	OpenAlex API	DOI:10.1016/j.scico.2023.103005	backward	46	28	doi:10.1007/s00165-016-0402-2,doi:10.1007/978-3-319-67549-7_3	-	seed-key:doi:10.1016/j.scico.2023.103005; metadata was available for 28 of 46 linked works and every available title was screened; snapshot screening/baseline-2026-08-04/openalex-huang2024exhaustive-backward.tsv
2026-08-04	snowball	closure-reopened-seeds-2	OpenAlex API	DOI:10.1016/j.scico.2023.103005	forward	8	8	-	-	seed-key:doi:10.1016/j.scico.2023.103005; all reported citing titles screened; later applications do not define a closer observer partition; snapshot screening/baseline-2026-08-04/openalex-huang2024exhaustive-forward.tsv
2026-08-04	snowball	closure-reopened-seeds-2	OpenAlex API	DOI:10.1109/ICASSP49357.2023.10095698	backward	35	16	doi:10.1016/0166-218x(95)00026-n	-	seed-key:doi:10.1109/icassp49357.2023.10095698; discovery-only; metadata was available for 16 of 35 linked works and the paper omits several earlier exact region-enumeration methods; snapshot screening/baseline-2026-08-04/openalex-balestriero2023fast-backward.tsv
2026-08-04	snowball	closure-reopened-seeds-2	OpenAlex API	DOI:10.1109/ICASSP49357.2023.10095698	forward	1	1	-	-	seed-key:doi:10.1109/icassp49357.2023.10095698; sole indexed citing title screened; the known Drammis citation is absent from this index snapshot; snapshot screening/baseline-2026-08-04/openalex-balestriero2023fast-forward.tsv
2026-08-04	snowball	closure-reopened-seeds-2	OpenAlex API	DOI:10.1137/15M1027930	backward	6	6	doi:10.1016/0166-218x(95)00026-n,doi:10.1137/0215024,doi:10.1090/memo/0154	-	seed-key:doi:10.1137/15m1027930; all indexed references title-screened; snapshot screening/baseline-2026-08-04/openalex-rada2018new-backward.tsv
2026-08-04	snowball	closure-reopened-primary-2	Primary paper bibliography	DOI:10.1137/15M1027930	backward	10	10	doi:10.1016/0166-218x(95)00026-n,doi:10.1007/bfb0054377,doi:10.1137/0215024,doi:10.1090/memo/0154	-	seed-key:doi:10.1137/15m1027930; primary-complete; exact ten-entry bibliography title-screened; snapshot screening/baseline-2026-08-04/primary-rada2018new-backward.tsv
2026-08-04	snowball	closure-reopened-seeds-2	OpenAlex API	DOI:10.1137/15M1027930	forward	21	21	-	-	seed-key:doi:10.1137/15m1027930; all reported citing titles screened; applications did not define a closer graph-relative observer; snapshot screening/baseline-2026-08-04/openalex-rada2018new-forward.tsv
2026-08-04	snowball	closure-reopened-seeds-2	OpenAlex API	DOI:10.48550/arXiv.1711.02114	backward	22	20	arxiv:1402.1869,doi:10.1090/memo/0154	-	seed-key:t:boundingandcountinglinearregionsofdeepneuralnetworks; metadata was available for 20 of 22 linked works and every available title was screened; snapshot screening/baseline-2026-08-04/openalex-serra2018bounding-backward.tsv
2026-08-04	snowball	closure-reopened-seeds-2	OpenAlex API	DOI:10.48550/arXiv.1711.02114	forward	47	47	arxiv:2003.01226	-	seed-key:t:boundingandcountinglinearregionsofdeepneuralnetworks; all reported citing titles screened; exact and approximate neural-region successors retained for deeper lineage work; snapshot screening/baseline-2026-08-04/openalex-serra2018bounding-forward.tsv
2026-08-04	snowball	closure-reopened-seeds-2	OpenAlex API	DOI:10.1109/ICRA48506.2021.9561956	backward	68	40	arxiv:1402.1869,arxiv:1906.00904,arxiv:1901.09021,arxiv:2003.01226	-	seed-key:doi:10.1109/icra48506.2021.9561956; metadata was available for 40 of 68 linked works and every available title was screened; snapshot screening/baseline-2026-08-04/openalex-vincent2021reachable-backward.tsv
2026-08-04	snowball	closure-reopened-seeds-2	OpenAlex API	DOI:10.1109/ICRA48506.2021.9561956	forward	2	2	-	-	seed-key:doi:10.1109/icra48506.2021.9561956; both indexed citing titles screened; snapshot screening/baseline-2026-08-04/openalex-vincent2021reachable-forward.tsv
2026-08-04	snowball	closure-reopened-seeds-2	OpenAlex API	DOI:10.48550/arXiv.2207.07696	backward	0	0	-	-	seed-key:doi:10.1137/24m1646996; discovery-only; index exposes no references despite a 22-entry version-one bibliography; snapshot screening/baseline-2026-08-04/openalex-masden2022algorithmic-backward.tsv
2026-08-04	snowball	closure-reopened-primary-2	Primary version-one bibliography	DOI:10.48550/arXiv.2207.07696	backward	22	22	t:boundingandcountinglinearregionsofdeepneuralnetworks,arxiv:2008.09052,arxiv:1402.1869,arxiv:1906.00904,arxiv:1901.09021	-	seed-key:doi:10.1137/24m1646996; primary-complete for arXiv version one; exact 22-entry bibliography title-screened; Balestriero et al. 2019 was previously misidentified as the 2023 Balestriero--LeCun paper; snapshot screening/baseline-2026-08-04/primary-masden2022algorithmic-backward.tsv
2026-08-04	snowball	closure-reopened-seeds-2	OpenAlex API	DOI:10.48550/arXiv.2207.07696	forward	2	2	-	-	seed-key:doi:10.1137/24m1646996; both indexed citing titles screened; snapshot screening/baseline-2026-08-04/openalex-masden2022algorithmic-forward.tsv
2026-08-04	snowball	closure-reopened-seeds-2	OpenAlex API	DOI:10.48550/arXiv.2306.07212	backward	0	0	-	-	seed-key:t:polyhedralcomplexextractionfromrelunetworksusingedgesubdivision; discovery-only; OpenAlex returned a zero-record neighborhood; printed references were reviewed during source reading but not separately exported; snapshot screening/baseline-2026-08-04/openalex-berzins2023polyhedral-backward.tsv
2026-08-04	snowball	closure-reopened-seeds-2	OpenAlex API	DOI:10.48550/arXiv.2306.07212	forward	0	0	-	-	seed-key:t:polyhedralcomplexextractionfromrelunetworksusingedgesubdivision; zero indexed citations is not a global no-citation claim; snapshot screening/baseline-2026-08-04/openalex-berzins2023polyhedral-forward.tsv
2026-08-04	snowball	closure-reopened-seeds-2	OpenAlex API	DOI:10.48550/arXiv.2403.00860	backward	0	0	-	-	seed-key:arxiv:2403.00860; discovery-only; OpenAlex returned a zero-record neighborhood; printed references were reviewed during source reading but not separately exported; snapshot screening/baseline-2026-08-04/openalex-drammis2024parallel-backward.tsv
2026-08-04	snowball	closure-reopened-seeds-2	OpenAlex API	DOI:10.48550/arXiv.2403.00860	forward	0	0	-	-	seed-key:arxiv:2403.00860; zero indexed citations is not a global no-citation claim; snapshot screening/baseline-2026-08-04/openalex-drammis2024parallel-forward.tsv
2026-08-04	snowball	dataflow-demand-primary-3	Primary paper bibliography	DOI:10.1007/BF03259389	backward	29	29	doi:10.1145/3318.3480,legacy:kahn1974semantics,doi:10.1007/3-540-08860-1_7,doi:10.1007/3-540-07389-2_226	-	seed-key:doi:10.1007/bf03259389; primary-complete; exact 29-entry bibliography title-screened; frozen during post-review artifact audit; snapshot screening/baseline-2026-08-04/primary-avron1994stability-backward.tsv
2026-08-04	snowball	dataflow-demand-forward-3	OpenAlex API	DOI:10.1007/BF03259389	forward	2	2	-	-	seed-key:doi:10.1007/bf03259389; all two indexed citing titles screened; no closer symbolic-input fiber enumerator found; snapshot screening/baseline-2026-08-04/openalex-avron1994-forward.tsv
2026-08-04	snowball	dataflow-demand-primary-3	Primary report bibliography	MIT-LCS-TM-242	backward	16	16	legacy:kahn1974semantics	-	seed-key:doi:10.1145/3318.3480; primary-complete; exact 16-entry technical-report bibliography title-screened; frozen during post-review artifact audit; snapshot screening/baseline-2026-08-04/primary-pingali1985efficient-backward.tsv
2026-08-04	snowball	dataflow-demand-forward-3	OpenAlex API	DOI:10.1145/3318.3480	forward	38	38	doi:10.1145/5001.5003,doi:10.1016/0743-7315(90)90036-o	-	seed-key:doi:10.1145/3318.3480; all 38 indexed citing titles screened; only Part 2 and Vin et al. materially strengthen the direct lineage; snapshot screening/baseline-2026-08-04/openalex-pingali1985efficient-forward.tsv
2026-08-04	snowball	dataflow-demand-index-3	OpenAlex API	DOI:10.1007/BF03259389	backward	20	19	doi:10.1007/3-540-08860-1_7,legacy:kahn1974semantics,doi:10.1007/3-540-07389-2_226,doi:10.1145/5001.5003	-	seed-key:doi:10.1007/bf03259389; discovery-only; one identifier unresolved and index omits ten entries from the 29-entry primary bibliography; snapshot screening/baseline-2026-08-04/openalex-avron1994-backward.tsv
2026-08-04	snowball	dataflow-demand-index-3	OpenAlex API	DOI:10.1145/3318.3480	backward	16	16	-	-	seed-key:doi:10.1145/3318.3480; discovery-only; count matches but index omits several printed references and substitutes duplicate or surrogate records; snapshot screening/baseline-2026-08-04/openalex-pingali1985efficient-backward.tsv
2026-08-04	snowball	closure-neural-semantic-3	Semantic Scholar Graph API	DOI:10.1137/15M1027930	forward	18	18	arxiv:2403.00860	-	seed-key:doi:10.1137/15m1027930; all 18 reported citing records title-screened; snapshot screening/baseline-2026-08-04/semantic-scholar-rada2018new-forward.tsv
2026-08-04	snowball	closure-neural-semantic-3	Semantic Scholar Graph API	ARXIV:1711.02114	forward	304	304	doi:10.1007/978-3-032-09645-6_10,arxiv:2403.00860,t:polyhedralcomplexextractionfromrelunetworksusingedgesubdivision,doi:10.1137/24m1646996,doi:10.24963/ijcai.2022/492,t:traversingthelocalpolytopesofreluneuralnetworks,arxiv:2105.07776,arxiv:2008.09052,arxiv:2003.01226,arxiv:1910.03879,arxiv:1906.00904,arxiv:1901.09021	-	seed-key:t:boundingandcountinglinearregionsofdeepneuralnetworks; all 304 reported citing records title-screened; exact neural-region successors retained; snapshot screening/baseline-2026-08-04/semantic-scholar-serra2018bounding-forward.tsv
2026-08-04	snowball	closure-neural-semantic-3	Semantic Scholar Graph API	DOI:10.1109/ICRA48506.2021.9561956	forward	59	59	doi:10.1109/icra48506.2021.9561956,t:traversingthelocalpolytopesofreluneuralnetworks	-	seed-key:doi:10.1109/icra48506.2021.9561956; all 59 reported citing records title-screened; expanded 2025 RPM version consolidated under the existing catalog key; snapshot screening/baseline-2026-08-04/semantic-scholar-vincent2021reachable-forward.tsv
2026-08-04	snowball	closure-neural-semantic-3	Semantic Scholar Graph API	ARXIV:2207.07696	forward	22	22	-	-	seed-key:doi:10.1137/24m1646996; all 22 reported citing records title-screened; no additional current-catalog work retained; snapshot screening/baseline-2026-08-04/semantic-scholar-masden2022algorithmic-forward.tsv
2026-08-04	snowball	closure-neural-semantic-3	Semantic Scholar Graph API	ARXIV:2306.07212	forward	16	16	arxiv:2605.06218	-	seed-key:t:polyhedralcomplexextractionfromrelunetworksusingedgesubdivision; all 16 reported citing records title-screened; snapshot screening/baseline-2026-08-04/semantic-scholar-berzins2023polyhedral-forward.tsv
2026-08-04	snowball	closure-neural-semantic-3	Semantic Scholar Graph API	ARXIV:2403.00860	forward	0	0	-	-	seed-key:arxiv:2403.00860; zero returned citations is specific to this Semantic Scholar snapshot and is not a global no-citation claim; snapshot screening/baseline-2026-08-04/semantic-scholar-drammis2024parallel-forward.tsv
2026-08-04	snowball	closure-neural-semantic-3	Semantic Scholar Graph API	DOI:10.1109/ICASSP49357.2023.10095698	forward	8	8	arxiv:2605.06218,arxiv:2403.00860	-	seed-key:doi:10.1109/icassp49357.2023.10095698; all eight reported citing records title-screened; snapshot screening/baseline-2026-08-04/semantic-scholar-balestriero2023fast-forward.tsv
2026-08-04	search	closure-neural-targeted-3	OpenAlex API	exact enumeration neural activation maxout	query	35	35	t:splinecam	-	all 35 relevance-ranked records title-screened; snapshot screening/baseline-2026-08-04/openalex-query-exact-enumeration-neural-activation-maxout.tsv
2026-08-04	search	closure-neural-targeted-3	OpenAlex API	mixed integer activation patterns neural network	query	2052	50	-	-	first 50 relevance-ranked records title-screened; no additional current-catalog work retained; snapshot screening/baseline-2026-08-04/openalex-query-mixed-integer-activation-patterns-neural-network.tsv
2026-08-04	search	closure-neural-targeted-3	OpenAlex API	conditional computation dynamic routing neural network	query	8930	50	-	-	first 50 relevance-ranked records title-screened; ranking was dominated by unrelated neuroscience and applications; snapshot screening/baseline-2026-08-04/openalex-query-conditional-computation-dynamic-routing-neural-network.tsv
2026-08-04	search	closure-neural-targeted-3	OpenAlex API	decision tree polyhedral region enumeration	query	992	50	doi:10.1109/icra48506.2021.9561956	-	first 50 relevance-ranked records title-screened; RPM surfaced but the canonical Quinlan decision-tree special case did not; snapshot screening/baseline-2026-08-04/openalex-query-decision-tree-polyhedral-region-enumeration.tsv
2026-08-04	search	closure-neural-targeted-3	OpenAlex API	sparse inactive neuron ReLU	query	74	50	-	-	first 50 relevance-ranked records title-screened; no exact demand-relative observation enumerator retained; snapshot screening/baseline-2026-08-04/openalex-query-sparse-inactive-neuron-relu.tsv
2026-08-04	search	closure-neural-targeted-3	OpenAlex API	piecewise affine residual skip connection exact regions	query	45	45	-	-	all 45 relevance-ranked records title-screened; no additional current-catalog work retained; snapshot screening/baseline-2026-08-04/openalex-query-piecewise-affine-residual-skip-connection-exact-regions.tsv
2026-08-04	snowball	closure-neural-current-3	OpenAlex API	DOI:10.1137/24M1646996	backward	15	14	arxiv:2008.09052	-	seed-key:doi:10.1137/24m1646996; discovery-only current journal record; 15 linked identifiers and 14 resolved titles; snapshot screening/baseline-2026-08-04/openalex-masden2025algorithmic-backward.tsv
2026-08-04	snowball	closure-neural-primary-3	Primary paper bibliography	https://proceedings.mlr.press/v80/serra18b.html	backward	30	30	arxiv:1402.1869,doi:10.1090/memo/0154	-	seed-key:t:boundingandcountinglinearregionsofdeepneuralnetworks; primary-complete; exact 30-entry ICML bibliography title-screened; frozen during post-review artifact audit; snapshot screening/baseline-2026-08-04/primary-serra2018bounding-backward.tsv
2026-08-04	snowball	closure-neural-primary-3	Primary paper bibliography	DOI:10.1109/ICRA48506.2021.9561956	backward	42	42	arxiv:1712.08163,doi:10.1007/978-3-030-30942-8_39,arxiv:2003.01226,arxiv:1402.1869,arxiv:1910.03879,arxiv:1901.09021,arxiv:1906.00904	-	seed-key:doi:10.1109/icra48506.2021.9561956; primary-complete; exact 42-entry ICRA bibliography title-screened; frozen during post-review artifact audit; snapshot screening/baseline-2026-08-04/primary-vincent2021reachable-backward.tsv
2026-08-04	snowball	closure-neural-primary-3	Published primary bibliography	DOI:10.1137/24M1646996	backward	42	42	arxiv:2008.09052,t:boundingandcountinglinearregionsofdeepneuralnetworks,arxiv:1906.00904,arxiv:1402.1869,arxiv:1901.09021,arxiv:2003.01226	-	seed-key:doi:10.1137/24m1646996; primary-complete for the 2025 publication; exact 42-entry official SIAM bibliography title-screened because the cached author PDF duplicates arXiv v1; current-version coverage supplements the 22-entry arXiv-v1 row; post-review reconciliation added the existing Yang catalog key; snapshot screening/baseline-2026-08-04/primary-masden2025algorithmic-backward.tsv
2026-08-04	snowball	closure-neural-primary-3	Primary paper bibliography	https://proceedings.mlr.press/v202/berzins23a.html	backward	30	30	arxiv:2008.09052,arxiv:1901.09021,arxiv:1906.00904,t:splinecam,arxiv:1402.1869,t:boundingandcountinglinearregionsofdeepneuralnetworks,doi:10.24963/ijcai.2022/492	-	seed-key:t:polyhedralcomplexextractionfromrelunetworksusingedgesubdivision; primary-complete; exact 30-entry ICML bibliography title-screened; post-review reconciliation added the existing Wang catalog key; snapshot screening/baseline-2026-08-04/primary-berzins2023polyhedral-backward.tsv
2026-08-04	snowball	closure-neural-primary-3	Primary paper bibliography	ARXIV:2403.00860	backward	27	27	doi:10.1016/0166-218x(95)00026-n,doi:10.1109/icassp49357.2023.10095698,arxiv:1906.00904,arxiv:1402.1869,doi:10.1137/15m1027930,arxiv:1910.03879,t:boundingandcountinglinearregionsofdeepneuralnetworks,doi:10.1007/s12532-017-0129-y,doi:10.1080/10556788.2019.1692344	-	seed-key:arxiv:2403.00860; primary-complete; exact 27-entry bibliography title-screened; post-review reconciliation added two existing Avis catalog keys; Sleumer's 2000 thesis is distinct from catalog key sleumer1998output and is not mapped to it; snapshot screening/baseline-2026-08-04/primary-drammis2024parallel-backward.tsv
2026-08-04	snowball	closure-neural-primary-3	Primary paper bibliography	DOI:10.1109/ICASSP49357.2023.10095698	backward	23	23	arxiv:1402.1869,doi:10.1016/0166-218x(95)00026-n	-	seed-key:doi:10.1109/icassp49357.2023.10095698; primary-complete; exact 23-entry ICASSP bibliography title-screened; frozen during post-review artifact audit; snapshot screening/baseline-2026-08-04/primary-balestriero2023fast-backward.tsv
2026-08-04	snowball	hyperplane-primary-4	Primary paper bibliography	DOI:10.1016/0166-218X(95)00026-N	backward	23	23	-	-	seed-key:doi:10.1016/0166-218x(95)00026-n; primary-complete; exact 23-entry published-paper bibliography title-screened from the author-hosted final Discrete Applied Mathematics scan, printed p. 46; snapshot screening/baseline-2026-08-04/primary-avis1996reverse-backward.tsv
2026-08-04	snowball	hyperplane-primary-4	Springer publisher reference list	DOI:10.1007/BFb0054377	backward	12	12	doi:10.1016/0166-218x(95)00026-n,doi:10.1137/0215024	-	seed-key:doi:10.1007/bfb0054377; primary-complete; exact 12-entry SWAT conference bibliography title-screened from the official numbered reference list; the downloadable preview exposes only pp. 300--301; snapshot screening/baseline-2026-08-04/primary-sleumer1998output-backward.tsv
2026-08-04	snowball	hyperplane-forward-4	OpenCitations COCI and Meta APIs	DOI:10.1016/0166-218X(95)00026-N	forward	535	522	doi:10.1109/icassp49357.2023.10095698,doi:10.1137/15m1027930,doi:10.1007/bfb0054377,doi:10.1007/s12532-024-00266-8,doi:10.1080/00207170903159285,doi:10.1016/j.automatica.2007.11.027,doi:10.1109/cdc.2006.377799,doi:10.1016/j.ejor.2003.04.011,doi:10.1016/j.jsc.2003.08.007,doi:10.1016/j.dam.2020.02.014,doi:10.1016/j.dam.2018.06.038,doi:10.1093/bioinformatics/bty550,doi:10.1007/978-3-030-66723-8_29	-	seed-key:doi:10.1016/0166-218x(95)00026-n; 535 citation records reduced to 522 unique citing works by canonical DOI; every title screened; OpenCitations Meta resolved all titles with Crossref fallback where needed; OpenAlex and Semantic Scholar returned HTTP 429 before exposing a result set; snapshot screening/baseline-2026-08-04/opencitations-avis1996reverse-forward.tsv
2026-08-04	snowball	hyperplane-forward-4	OpenCitations COCI and Meta APIs	DOI:10.1007/BFb0054377	forward	9	9	doi:10.1007/s12532-024-00266-8	-	seed-key:doi:10.1007/bfb0054377; every DOI-linked citing title screened; eight records use cell enumeration as a domain subroutine and Dussault et al. adds a direct arrangement-enumeration algorithm; OpenAlex and Semantic Scholar returned HTTP 429 before exposing a result set; snapshot screening/baseline-2026-08-04/opencitations-sleumer1998output-forward.tsv
2026-08-04	snowball	hyperplane-current-primary-5	Primary journal bibliography	DOI:10.1007/s12532-024-00266-8	backward	68	68	doi:10.1016/0166-218x(95)00026-n,doi:10.1137/15m1027930,doi:10.1007/bfb0054377,doi:10.1137/0215024,doi:10.1090/memo/0154	-	seed-key:doi:10.1007/s12532-024-00266-8; primary-complete; exact 68-entry bibliography title-screened; snapshot screening/baseline-2026-08-04/primary-dussault2025bdifferential-backward.tsv
2026-08-04	snowball	hyperplane-current-forward-5	OpenCitations COCI and Meta APIs	DOI:10.1007/s12532-024-00266-8	forward	1	1	-	-	seed-key:doi:10.1007/s12532-024-00266-8; sole DOI-linked citing title screened; later complementarity application adds no new enumeration mechanism; snapshot screening/baseline-2026-08-04/opencitations-dussault2025-forward.tsv
2026-08-04	snowball	compositional-mode-primary-6	Primary journal bibliography	DOI:10.1080/00207170903159285	backward	33	33	doi:10.1016/0166-218x(95)00026-n,doi:10.1016/j.automatica.2007.11.027	-	seed-key:doi:10.1080/00207170903159285; primary-complete; exact 33-entry bibliography title-screened; geyer2003mode is the excluded conference precursor that establishes priority; snapshot screening/baseline-2026-08-04/primary-geyer2010mode-backward.tsv
2026-08-04	snowball	compositional-mode-forward-6	OpenCitations COCI and Meta APIs	DOI:10.1080/00207170903159285	forward	7	7	doi:10.1007/978-3-030-66723-8_29	-	seed-key:doi:10.1080/00207170903159285; every DOI-linked citing title screened; only the already-cataloged 3D contact-mode algorithm adds a direct enumeration neighbor; snapshot screening/baseline-2026-08-04/opencitations-geyer2010mode-forward.tsv
2026-08-04	snowball	pwa-reduction-primary-7	Primary journal bibliography	DOI:10.1016/j.automatica.2007.11.027	backward	22	22	doi:10.1016/0166-218x(95)00026-n,doi:10.1016/j.ejor.2003.04.011,doi:10.1016/s0925-7721(01)00004-9,doi:10.1137/0213031	doi:10.1007/3-540-36580-x_18	seed-key:doi:10.1016/j.automatica.2007.11.027; primary-complete; exact 22-entry bibliography screened; Ferrez 2001 is the earlier-title version of ferrez2005fixedrank; geyer2003mode is the excluded conference precursor; snapshot screening/baseline-2026-08-04/primary-geyer2008optimal-backward.tsv
2026-08-04	snowball	pwa-reduction-forward-7	OpenCitations COCI and Meta APIs	DOI:10.1016/j.automatica.2007.11.027	forward	100	100	doi:10.1080/00207170903159285,doi:10.1109/tac.2015.2465212,doi:10.1016/j.automatica.2018.10.042,doi:10.3182/20120823-5-nl-3013.00079,doi:10.1109/pc52310.2021.9447473,doi:10.1109/tac.2015.2417851,doi:10.1109/tac.2011.2179428,doi:10.1016/j.automatica.2011.07.011,doi:10.1007/s10957-012-0022-9,doi:10.1016/j.automatica.2013.02.018	doi:10.1109/cdc.2010.5717578	seed-key:doi:10.1016/j.automatica.2007.11.027; 100 COCI records equal 100 unique canonical citing DOIs and all titles resolved; Crossref reported 98 and the publisher UI 101, showing index variance; kvasnica2010performance is the conference precursor of the expanded journal clipping treatment; snapshot screening/baseline-2026-08-04/opencitations-geyer2008optimal-forward.tsv
2026-08-04	snowball	parametric-region-primary-8	Primary conference bibliography	DOI:10.1109/CDC.2006.377799	backward	13	13	doi:10.1016/0166-218x(95)00026-n,doi:10.1023/b:jota.0000004869.66331.5c,doi:10.1016/j.automatica.2007.03.008,doi:10.3182/20050703-6-cz-1902.00903,doi:10.1007/bf02293050	-	seed-key:doi:10.1109/cdc.2006.377799; primary-complete; exact 13-entry bibliography screened; four direct geometric degeneracy-handling continuity and pivot-enumeration predecessors retained; snapshot screening/baseline-2026-08-04/primary-jones2006parametric-backward.tsv
2026-08-04	snowball	parametric-region-forward-8	OpenCitations COCI and Meta APIs	DOI:10.1109/CDC.2006.377799	forward	4	4	doi:10.1007/978-3-642-33125-1_6,doi:10.1002/cpe.6050,doi:10.1016/j.automatica.2010.06.008	-	seed-key:doi:10.1109/cdc.2006.377799; four COCI records equal four unique canonical citing DOIs and all titles resolved; Patrinos and Sarimveis directly enumerate all adjacent full-dimensional pQP critical regions without nondegeneracy; snapshot screening/baseline-2026-08-04/opencitations-jones2006parametric-forward.tsv
2026-08-04	snowball	central-arrangement-primary-9	Primary journal bibliography	DOI:10.1016/j.ejor.2003.04.011	backward	21	21	doi:10.1016/0166-218x(95)00026-n,doi:10.1137/0215024,doi:10.1090/memo/0154	-	seed-key:doi:10.1016/j.ejor.2003.04.011; primary-complete; exact 21-entry bibliography title-screened; the fixed-rank optimization precursors add no closer enumeration object; snapshot screening/baseline-2026-08-04/primary-ferrez2005fixedrank-backward.tsv
2026-08-04	snowball	central-arrangement-forward-9	OpenCitations COCI and Meta APIs	DOI:10.1016/j.ejor.2003.04.011	forward	55	55	doi:10.1137/15m1027930,doi:10.1080/10556788.2019.1692344,doi:10.1007/s12532-017-0129-y,doi:10.1007/978-3-030-63618-0_14,doi:10.1007/s10107-024-02079-y	-	seed-key:doi:10.1016/j.ejor.2003.04.011; all 55 COCI records title-screened and Meta-resolved; 52 have DOI identifiers and three are arXiv-only, with the MTS arXiv record duplicating its later journal work, so the set represents 54 unique works; no sparse graph observer found; snapshot screening/baseline-2026-08-04/opencitations-ferrez2005fixedrank-forward.tsv
2026-08-04	audit	parametric-degeneracy-audit-10	Primary articles and canonical publisher records	borrelli2003geometric,jones2007lexicographic,patrinos2010graphical,bemporad2015multiparametric	audit	4	4	doi:10.1023/b:jota.0000004869.66331.5c,doi:10.1016/j.automatica.2007.03.008,doi:10.1016/j.automatica.2010.06.008,doi:10.1109/tac.2015.2417851	-	Theorem-level audit of active-set identity, lexicographic perturbation, multiple facet neighbors, rank deficiency, exactness, and complexity; Patrinos is the strongest unrestricted degeneracy-safe traversal baseline
2026-08-04	audit	pwa-output-projection-audit-11	Primary articles, arXiv records, and canonical publisher records	kvasnica2012clipping,kvasnica2013separation,konig2020common,mitze2021common,perez2012nonconvex,prodan2012hyperplanes,stoican2012explicit	audit	7	7	doi:10.1109/tac.2011.2179428,doi:10.1016/j.automatica.2013.02.018,arxiv:2009.08764,doi:10.1109/pc52310.2021.9447473,doi:10.1016/j.automatica.2011.07.011,doi:10.1007/s10957-012-0022-9,doi:10.3182/20120823-5-nl-3013.00079	-	Exact factorization, separator, first-action projection, nonconvex-controller, and hyperplane-union audit; Stoican retained only at screened status and Prodan remains a medium candidate
2026-08-04	snowball	output-projection-primary-12	Primary arXiv bibliography	arXiv:2009.08764	backward	23	23	doi:10.1016/j.automatica.2007.11.027,doi:10.1109/tac.2011.2179428,doi:10.1016/j.automatica.2013.02.018	-	seed-key:arxiv:2009.08764; primary-complete; exact 23-entry bibliography title-screened; no predecessor defines requested-root sparse internal event observation; snapshot screening/baseline-2026-08-04/primary-konig2020common-backward.tsv
2026-08-04	snowball	zonotope-oracle-primary-13	Published primary bibliography	DOI:10.1016/j.comgeo.2021.101809	backward	18	18	doi:10.1007/bf02293050,doi:10.1016/0166-218x(95)00026-n,doi:10.1137/0215024	-	seed-key:doi:10.1016/j.comgeo.2021.101809; primary-complete; exact 18-entry journal bibliography title-screened; final journal framing treats forward vertex enumeration as known; snapshot screening/baseline-2026-08-04/primary-deza2022linear-backward.tsv
2026-08-04	snowball	zonotope-oracle-forward-13	OpenCitations COCI and Meta APIs	DOI:10.1016/j.comgeo.2021.101809	forward	3	3	doi:10.1007/978-3-032-03844-9_9	-	seed-key:doi:10.1016/j.comgeo.2021.101809; every DOI-linked citing title screened; only the structured symmetry successor changes the traversal mechanism; snapshot screening/baseline-2026-08-04/opencitations-deza2022linear-forward.tsv
2026-08-04	snowball	zonotope-oracle-forward-13	Semantic Scholar Graph API	DOI:10.1016/j.comgeo.2021.101809	forward	4	4	doi:10.1007/978-3-032-03844-9_9	-	seed-key:doi:10.1016/j.comgeo.2021.101809; all four indexed titles screened; snapshot screening/baseline-2026-08-04/semantic-scholar-deza2022linear-forward.tsv
2026-08-04	audit	zonotope-oracle-reconcile-13	OpenCitations, Semantic Scholar, Crossref, and ScienceDirect	DOI:10.1016/j.comgeo.2021.101809	audit	5	5	doi:10.1007/978-3-032-03844-9_9	-	five unique forward works reconciled across accessible indexes; OpenAlex returned HTTP 429 before exposing a result set; no successor improves the generic Ferrez bound; snapshot screening/baseline-2026-08-04/reconciled-deza2022linear-forward.tsv
2026-08-04	snowball	output-projection-forward-14	Semantic Scholar Graph API	ARXIV:2009.08764	forward	3	3	arxiv:2009.08332,doi:10.1109/pc52310.2021.9447473	-	seed-key:arxiv:2009.08764; all three reported citing records screened and primary-verified; Asadi 2021 is withdrawn and fails the frozen trigger; Google Scholar independently reported Cited by 3; snapshot screening/baseline-2026-08-04/semantic-scholar-konig2020common-forward.tsv
2026-08-04	snowball	parametric-region-primary-15	Primary article bibliography	DOI:10.1023/B:JOTA.0000004869.66331.5C	backward	22	22	doi:10.1016/s0925-7721(01)00004-9	-	seed-key:doi:10.1023/b:jota.0000004869.66331.5c; primary-complete; exact 22-entry printed bibliography title-screened and independently reconciled against the publisher Crossref deposit; snapshot screening/baseline-2026-08-04/primary-borrelli2003geometric-backward.tsv
2026-08-04	snowball	parametric-region-forward-15	OpenCitations COCI and Meta APIs	DOI:10.1023/B:JOTA.0000004869.66331.5C	forward	179	179	doi:10.1109/cdc.2006.377330,doi:10.1109/cdc.2006.377797,doi:10.1007/s10957-007-9215-z,doi:10.1007/s10957-008-9384-4,doi:10.1016/j.ejor.2009.04.019,doi:10.1016/j.automatica.2010.06.008,doi:10.1016/j.automatica.2015.05.021,doi:10.1007/s10957-018-1281-x,doi:10.1007/s11081-020-09535-6,doi:10.1007/s10898-020-00933-9,doi:10.1007/s11081-023-09845-5,doi:10.1109/lcsys.2024.3405958,doi:10.1016/j.compchemeng.2025.109157	doi:10.1109/acc.2005.1470060,doi:10.1007/11832225_25	seed-key:doi:10.1023/b:jota.0000004869.66331.5c; all 179 DOI-linked citation records title-screened and Meta-resolved, including one malformed dual-DOI string resolved as jones2008projection and one arXiv/published duplicate; snapshot screening/baseline-2026-08-04/opencitations-borrelli2003geometric-forward.tsv
2026-08-04	snowball	parametric-region-primary-15	Primary article bibliography	DOI:10.1016/j.automatica.2007.03.008	backward	23	23	doi:10.1023/b:jota.0000004869.66331.5c,doi:10.3182/20050703-6-cz-1902.00903,doi:10.1016/s0005-1098(02)00250-9	-	seed-key:doi:10.1016/j.automatica.2007.03.008; primary-complete; exact 23-entry printed bibliography title-screened and independently reconciled against the publisher Crossref deposit; snapshot screening/baseline-2026-08-04/primary-jones2007lexicographic-backward.tsv
2026-08-04	snowball	parametric-region-forward-15	OpenCitations COCI and Meta APIs	DOI:10.1016/j.automatica.2007.03.008	forward	49	49	doi:10.1007/s10957-008-9384-4,doi:10.1016/j.automatica.2010.06.008,doi:10.1016/j.automatica.2016.10.005,doi:10.1007/s10957-018-1281-x,doi:10.1007/978-3-030-32304-2_11,doi:10.1007/s10898-020-00933-9,doi:10.1002/cpe.6050,doi:10.1016/j.compchemeng.2020.107070	doi:10.1007/978-3-030-22750-0_52	seed-key:doi:10.1016/j.automatica.2007.03.008; all 49 DOI-linked citation records title-screened and Meta-resolved; snapshot screening/baseline-2026-08-04/opencitations-jones2007lexicographic-forward.tsv
2026-08-04	snowball	parametric-region-primary-15	Publisher-deposited primary bibliography	DOI:10.1016/j.automatica.2010.06.008	backward	49	49	doi:10.1023/b:jota.0000004869.66331.5c,doi:10.1090/crmp/048/04,doi:10.1016/j.automatica.2007.03.008,doi:10.1109/cdc.2006.377799,doi:10.1007/s10957-007-9215-z,doi:10.1016/s0005-1098(02)00250-9	doi:10.1007/11832225_25	seed-key:doi:10.1016/j.automatica.2010.06.008; publisher-complete 49-entry Crossref bibliography title-screened; printed PDF was access-restricted, so the exact sequential publisher deposit was not visually compared with print; snapshot screening/baseline-2026-08-04/primary-patrinos2010graphical-backward.tsv
2026-08-04	snowball	parametric-region-forward-15	OpenCitations COCI and Meta APIs	DOI:10.1016/j.automatica.2010.06.008	forward	45	45	doi:10.1016/j.automatica.2011.04.003,doi:10.1109/acc.2012.6315197,doi:10.1109/tac.2015.2417851,doi:10.1016/j.ejor.2016.04.043,doi:10.1016/j.automatica.2016.10.005,doi:10.1007/s10898-020-00933-9,doi:10.1016/j.compchemeng.2022.107882,doi:10.1109/tac.2024.3430416	-	seed-key:doi:10.1016/j.automatica.2010.06.008; all 45 DOI-linked citation records title-screened and Meta-resolved; snapshot screening/baseline-2026-08-04/opencitations-patrinos2010graphical-forward.tsv
2026-08-04	search	closure-policy-supplement-16	Semantic Scholar Graph API	same policy reward parameter polyhedral regions	query	866	100	doi:10.1109/lcsys.2024.3405958	-	Supplemental incomplete-index batch; first 100 relevance-ranked records title- and abstract-screened; only the already cataloged Shin--Yang policy quotient met the frozen trigger; snapshot screening/baseline-2026-08-04/semantic-scholar-closure-policy-supplement.tsv
2026-08-04	search	closure-replacement-16	OpenAIRE Graph API v3	output-sensitive multiparametric LCP sufficient matrix enumeration	query	0	0	-	-	C16-01; complete zero-result response under OpenAIRE full-text search semantics; snapshot screening/baseline-2026-08-04/openaire-closure-16-01.tsv
2026-08-04	search	closure-replacement-16	OpenAIRE Graph API v3	degenerate multiparametric quadratic programming region enumeration complexity	query	0	0	-	-	C16-02; complete zero-result response under OpenAIRE full-text search semantics; snapshot screening/baseline-2026-08-04/openaire-closure-16-02.tsv
2026-08-04	search	closure-replacement-16	OpenAIRE Graph API v3	canonical minimum norm parametric quadratic programming partition	query	0	0	-	-	C16-03; complete zero-result response under OpenAIRE full-text search semantics; snapshot screening/baseline-2026-08-04/openaire-closure-16-03.tsv
2026-08-04	search	closure-replacement-16	OpenAIRE Graph API v3	polyhedral projection parametric linear programming output sensitive	query	0	0	-	-	C16-04; complete zero-result response under OpenAIRE full-text search semantics; snapshot screening/baseline-2026-08-04/openaire-closure-16-04.tsv
2026-08-04	search	closure-replacement-16	OpenAIRE Graph API v3	requested output policy quotient parameter region	query	0	0	-	-	C16-05; complete zero-result response under OpenAIRE full-text search semantics; snapshot screening/baseline-2026-08-04/openaire-closure-16-05.tsv
2026-08-04	search	closure-replacement-16	OpenAIRE Graph API v3	same policy reward parameter polyhedral regions	query	0	0	-	-	C16-06; complete zero-result response under OpenAIRE full-text search semantics; snapshot screening/baseline-2026-08-04/openaire-closure-16-06.tsv
2026-08-04	search	closure-replacement-16	OpenAIRE Graph API v3	observer relative symbolic execution exact input fibers	query	0	0	-	-	C16-07; complete zero-result response under OpenAIRE full-text search semantics; snapshot screening/baseline-2026-08-04/openaire-closure-16-07.tsv
2026-08-04	search	closure-replacement-16	OpenAIRE Graph API v3	demand driven dataflow selection trace enumeration	query	0	0	-	-	C16-08; complete zero-result response under OpenAIRE full-text search semantics; snapshot screening/baseline-2026-08-04/openaire-closure-16-08.tsv
2026-08-04	search	closure-replacement-16	OpenAIRE Graph API v3	contextual choice identity term graph residual	query	1	1	-	-	C16-09; sole record title- and description-screened as an unrelated non-scholarly symbolic-logic synthesis; snapshot screening/baseline-2026-08-04/openaire-closure-16-09.tsv
2026-08-04	search	closure-replacement-16	OpenAIRE Graph API v3	equal output distinct branch provenance symbolic execution	query	3	3	-	-	C16-10; all three records title- and description-screened as unrelated repository artifacts; snapshot screening/baseline-2026-08-04/openaire-closure-16-10.tsv
2026-08-04	search	closure-replacement-16	OpenAIRE Graph API v3	projected model enumeration residual symbolic function	query	1	1	-	-	C16-11; sole record title- and description-screened as an unrelated non-scholarly discrete-systems synthesis; snapshot screening/baseline-2026-08-04/openaire-closure-16-11.tsv
2026-08-04	search	closure-replacement-16	OpenAIRE Graph API v3	compositional guarded residual graph enumeration	query	0	0	-	-	C16-12; complete zero-result response under OpenAIRE full-text search semantics; snapshot screening/baseline-2026-08-04/openaire-closure-16-12.tsv
2026-08-04	search	closure-replacement-17	Crossref REST API	parametric complementarity problem output sensitive critical regions	query	2405235	100	doi:10.1090/crmp/048/04,doi:10.5220/0012928000003886	-	C17-01; first 100 relevance-ranked records title-screened; rank 97 was Logemann--Veith's exact neural-policy output-region paper and was missed in the initial screen, invalidating the round-17 no-add outcome; snapshot screening/baseline-2026-08-04/crossref-closure-17-01.tsv
2026-08-04	search	closure-replacement-17	Crossref REST API	degeneracy safe explicit parametric quadratic programming enumeration	query	586224	100	doi:10.1016/s0005-1098(02)00250-9	-	C17-02; first 100 relevance-ranked records title-screened; later mpQP solver and degeneracy papers fit the existing parametric-region cluster; snapshot screening/baseline-2026-08-04/crossref-closure-17-02.tsv
2026-08-04	search	closure-replacement-17	Crossref REST API	unique polyhedral representation parametric optimizer selection	query	916555	100	doi:10.1007/s10957-007-9215-z,doi:10.1007/978-3-642-33125-1_6	doi:10.1109/acc.2005.1470060	C17-03; first 100 relevance-ranked records title-screened; rediscovered the audited unique minimum-norm pQP selection and its excluded conference precursor; snapshot screening/baseline-2026-08-04/crossref-closure-17-03.tsv
2026-08-04	search	closure-replacement-17	Crossref REST API	projection polyhedron parametric linear program equivalence complexity	query	1625045	100	doi:10.1007/s00186-016-0554-0,doi:10.23919/ecc.2013.6669386	-	C17-04; first 100 relevance-ranked records title-screened; two plausible geometric records abstract-screened and cataloged as representation neighbors; snapshot screening/baseline-2026-08-04/crossref-closure-17-04.tsv
2026-08-04	search	closure-replacement-17	Crossref REST API	reward functions same optimal policy multiparametric	query	2248398	100	doi:10.2139/ssrn.5102698	-	C17-05; first 100 relevance-ranked records title-screened; Yan primary abstract-screened as a small multiparametric-SDP partition analysis without an exhaustive enumerator or policy quotient; snapshot screening/baseline-2026-08-04/crossref-closure-17-05.tsv
2026-08-04	search	closure-replacement-17	Crossref REST API	requested action equivalence region enumeration	query	1165092	100	-	-	C17-06; first 100 relevance-ranked records title-screened; result set concerns ordinary action selection, equivalence, and geographic regions; snapshot screening/baseline-2026-08-04/crossref-closure-17-06.tsv
2026-08-04	search	closure-replacement-17	Crossref REST API	symbolic execution observation equivalence exact preimage	query	397281	100	doi:10.1016/j.jsc.2016.07.012,doi:10.1145/3808306,doi:10.1007/978-3-662-49122-5_10,doi:10.1109/iwast.2012.6228982	-	C17-07; first 100 relevance-ranked records title-screened; only already cataloged symbolic-execution works met technical relevance; snapshot screening/baseline-2026-08-04/crossref-closure-17-07.tsv
2026-08-04	search	closure-replacement-17	Crossref REST API	demand relative selection dataflow graph exhaustive	query	1024100	100	doi:10.1016/0165-6074(90)90167-8,doi:10.1007/bf03259389	doi:10.1007/3-540-16042-6_23	C17-08; first 100 relevance-ranked records title-screened; rediscovered the audited demand-driven dataflow lineage and its excluded duplicate precursor; snapshot screening/baseline-2026-08-04/crossref-closure-17-08.tsv
2026-08-04	search	closure-replacement-17	Crossref REST API	shared term graph choice identity symbolic residual	query	2040883	100	-	-	C17-09; first 100 relevance-ranked records title-screened; no record met the graph-observer or choice-omission trigger; snapshot screening/baseline-2026-08-04/crossref-closure-17-09.tsv
2026-08-04	search	closure-replacement-17	Crossref REST API	branch provenance equal value symbolic execution	query	1055171	100	doi:10.1145/2786805.2786830,doi:10.1016/j.jsc.2016.07.012,doi:10.1145/3808306,doi:10.1109/iwast.2012.6228982,doi:10.1145/3158128	-	C17-10; first 100 relevance-ranked records title-screened; rediscovered existing value-summary and symbolic-execution clusters; snapshot screening/baseline-2026-08-04/crossref-closure-17-10.tsv
2026-08-04	search	closure-replacement-17	Crossref REST API	projected enumeration guarded symbolic values	query	369630	100	doi:10.1016/j.artint.2025.104346,doi:10.1016/j.scico.2019.03.006	-	C17-11; first 100 relevance-ranked records title-screened; rediscovered projected enumeration and guarded symbolic terms; snapshot screening/baseline-2026-08-04/crossref-closure-17-11.tsv
2026-08-04	search	closure-replacement-17	Crossref REST API	compositional conditional graph exact residual enumeration	query	514336	100	-	doi:10.21203/rs.3.rs-9430237/v1	C17-12; first 100 relevance-ranked records title-screened; the sole superficially close exact-search title was primary-abstract-screened and explicitly excluded as elementary-function expression-tree search; snapshot screening/baseline-2026-08-04/crossref-closure-17-12.tsv
2026-08-04	audit	closure-independent-audit-18	Independent reviewer deterministic SHA-256 sample	closure-independent-audit-2026-08-04	audit	1305	1305	doi:10.5220/0012928000003886	-	The reviewer checked all 1305 captured occurrences because the deterministic exclusion sample exposed C17-01 rank 97; the exact neural-policy output-region paper met trigger 2 and reopened the map, so the prior no-add sequence is invalid
2026-08-04	snowball	policy-tree-primary-18	Primary EXPLAINS bibliography	DOI:10.5220/0012928000003886	backward	33	33	arxiv:2210.05189,t:nn2eqcdt,arxiv:2003.04675	-	seed-key:doi:10.5220/0012928000003886; primary-complete; exact 33-entry printed bibliography screened; snapshot screening/baseline-2026-08-04/primary-logemann2024exact-backward.tsv
2026-08-04	snowball	policy-tree-forward-18	OpenCitations COCI API	DOI:10.5220/0012928000003886	forward	0	0	-	-	seed-key:doi:10.5220/0012928000003886; complete zero-record COCI response on 2026-08-04; snapshot screening/baseline-2026-08-04/opencitations-logemann2024exact-forward.tsv
2026-08-04	snowball	policy-tree-primary-18	Primary IEEE TAC bibliography	DOI:10.1109/TAC.2026.3676368	backward	32	32	arxiv:2210.05189,arxiv:2003.04675,t:boundingandcountinglinearregionsofdeepneuralnetworks	doi:10.1109/cdc49753.2023.10383761	seed-key:doi:10.1109/tac.2026.3676368; primary-complete; exact 32-entry printed bibliography screened; conference precursor retained only for lineage; snapshot screening/baseline-2026-08-04/primary-chang2026compact-backward.tsv
2026-08-04	snowball	policy-tree-forward-18	OpenCitations COCI API	DOI:10.1109/TAC.2026.3676368	forward	0	0	-	-	seed-key:doi:10.1109/tac.2026.3676368; complete zero-record COCI response on 2026-08-04; snapshot screening/baseline-2026-08-04/opencitations-chang2026compact-forward.tsv
2026-08-04	snowball	policy-tree-forward-18	Semantic Scholar Graph API	DOI:10.48550/arXiv.2210.05189	forward	34	34	arxiv:2305.09424,doi:10.23919/date69613.2026.11539745	-	seed-key:arxiv:2210.05189; all 34 indexed citing records title-screened; the exact decomposition paper fits the existing neural-region cluster and the logic-flow conversion is training-covered with fallback rather than globally exact; snapshot screening/baseline-2026-08-04/semantic-scholar-aytekin2022trees-forward.tsv
2026-08-04	snowball	bnn-diagram-primary-19	Crossref publisher-deposited primary bibliography	DOI:10.1145/3563212	backward	121	121	doi:10.1007/978-3-030-24258-9_25,doi:10.24963/kr.2020/91,doi:10.24963/ijcai.2018/811,doi:10.1609/aaai.v32i1.12206	doi:10.1007/978-3-030-81685-8_8	seed-key:doi:10.1145/3563212; primary-complete; exact 121-entry publisher bibliography matches references 1 through 121 in the primary PDF; snapshot screening/baseline-2026-08-04/crossref-bdd4bnn2023-backward.tsv
2026-08-04	snowball	bnn-diagram-index-19	Semantic Scholar Graph API	DOI:10.1145/3563212	backward	124	124	doi:10.1007/978-3-030-24258-9_25,doi:10.24963/kr.2020/91,doi:10.24963/ijcai.2018/811,doi:10.1609/aaai.v32i1.12206	doi:10.1007/978-3-030-81685-8_8	seed-key:doi:10.1145/3563212; discovery-only; index count differs from the 121-entry primary bibliography and cannot control closure; snapshot screening/baseline-2026-08-04/semantic-scholar-bdd4bnn2023-backward.tsv
2026-08-04	snowball	bnn-diagram-forward-19	Semantic Scholar Graph API with cross-index reconciliation	DOI:10.1145/3563212	forward	10	10	-	-	seed-key:doi:10.1145/3563212; all ten indexed citing records title-screened; Crossref and OpenAlex reported seven and OpenCitations eight, so the largest stable snapshot is retained without claiming complete forward coverage; snapshot screening/baseline-2026-08-04/semantic-scholar-bdd4bnn2023-forward.tsv
2026-08-04	snowball	affinitree-primary-20	Crossref publisher-deposited primary bibliography	DOI:10.1007/978-3-031-72044-4_8	backward	60	60	arxiv:2210.05189,t:nn2eqcdt,arxiv:2003.04675,doi:10.1007/s10009-023-00701-6,doi:10.1007/s10009-023-00702-5	-	seed-key:doi:10.1007/978-3-031-72044-4_8; primary-complete publisher deposit; all 60 sequential references title-screened; snapshot screening/baseline-2026-08-04/crossref-affinitree2024-backward.tsv
2026-08-04	snowball	affinitree-forward-20	Semantic Scholar Graph API	DOI:10.1007/978-3-031-72044-4_8	forward	1	1	-	-	seed-key:doi:10.1007/978-3-031-72044-4_8; sole indexed citing work is an application of statistical model checking to neural agents and adds no symbolic-execution mechanism; snapshot screening/baseline-2026-08-04/semantic-scholar-affinitree2024-forward.tsv
2026-08-04	search	closure-replacement-21	arXiv API	equivalent compact neural network decision tree exact transformation	query	1	1	doi:10.1109/tac.2026.3676368	-	C21-01; conjunctive all-field query sorted by relevance; rediscovered the critical exact ReLU-controller tree; snapshot screening/baseline-2026-08-04/arxiv-closure-21-01.tsv
2026-08-04	search	closure-replacement-21	arXiv API	exact output regions policy neural network decision tree	query	0	0	-	-	C21-02; complete zero-result response for the frozen conjunctive all-field query; snapshot screening/baseline-2026-08-04/arxiv-closure-21-02.tsv
2026-08-04	search	closure-replacement-21	arXiv API	ReLU controller decision tree infeasible activation pruning	query	0	0	-	-	C21-03; complete zero-result response for the frozen conjunctive all-field query; snapshot screening/baseline-2026-08-04/arxiv-closure-21-03.tsv
2026-08-04	search	closure-replacement-21	arXiv API	piecewise linear neural network affine decision tree symbolic execution	query	0	0	-	-	C21-04; complete zero-result response for the frozen conjunctive all-field query; snapshot screening/baseline-2026-08-04/arxiv-closure-21-04.tsv
2026-08-04	search	closure-replacement-21	arXiv API	neural controller piecewise affine compositional exact regions	query	0	0	-	-	C21-05; complete zero-result response for the frozen conjunctive all-field query; snapshot screening/baseline-2026-08-04/arxiv-closure-21-05.tsv
2026-08-04	search	closure-replacement-21	arXiv API	exact binarized neural network BDD output class	query	0	0	-	-	C21-06; complete zero-result response for the frozen conjunctive all-field query; snapshot screening/baseline-2026-08-04/arxiv-closure-21-06.tsv
2026-08-04	search	closure-replacement-21	arXiv API	neural network decision diagram exact equivalence	query	1	1	arxiv:2604.27008	-	C21-07; exact BDD compression of an ACAS-Xu lookup table fits the established finite-observer diagram cluster but is not a neural internal-event observer; snapshot screening/baseline-2026-08-04/arxiv-closure-21-07.tsv
2026-08-04	search	closure-replacement-21	arXiv API	hidden activation existential elimination neural BDD	query	0	0	-	-	C21-08; complete zero-result response for the frozen conjunctive all-field query; snapshot screening/baseline-2026-08-04/arxiv-closure-21-08.tsv
2026-08-04	search	closure-replacement-21	arXiv API	requested output relative neural network region enumeration	query	0	0	-	-	C21-09; complete zero-result response for the frozen conjunctive all-field query; snapshot screening/baseline-2026-08-04/arxiv-closure-21-09.tsv
2026-08-04	search	closure-replacement-21	arXiv API	demand guided symbolic execution neural decision structure	query	0	0	-	-	C21-10; complete zero-result response for the frozen conjunctive all-field query; snapshot screening/baseline-2026-08-04/arxiv-closure-21-10.tsv
2026-08-04	search	closure-replacement-21	arXiv API	contextual internal event observer dataflow graph exact fiber	query	0	0	-	-	C21-11; complete zero-result response for the frozen conjunctive all-field query; snapshot screening/baseline-2026-08-04/arxiv-closure-21-11.tsv
2026-08-04	search	closure-replacement-21	arXiv API	projected model enumeration guarded residual function	query	0	0	-	-	C21-12; complete zero-result response for the frozen conjunctive all-field query; snapshot screening/baseline-2026-08-04/arxiv-closure-21-12.tsv
2026-08-04	search	closure-replacement-22	Crossref REST API	feasibility pruned exact neural policy tree	query	2520810	100	doi:10.5220/0012928000003886,doi:10.1016/j.neucom.2024.127347	doi:10.1109/cdc49753.2023.10383761	C22-01; first 100 relevance-ranked records title-screened; rediscovered the exact neural-tree cluster, its conference precursor, and a pruning-equivalence neighbor; snapshot screening/baseline-2026-08-04/crossref-closure-22-01.tsv
2026-08-04	search	closure-replacement-22	Crossref REST API	output action partition ReLU argmax equivalent tree	query	942168	100	doi:10.1109/raai67517.2025.11423317	-	C22-02; first 100 relevance-ranked records title-screened; the plausible ReLU transition-graph record fits dense neural functional geometry rather than a requested sparse observer; snapshot screening/baseline-2026-08-04/crossref-closure-22-02.tsv
2026-08-04	search	closure-replacement-22	Crossref REST API	compressed decision tree exact reinforcement learning policy	query	5004159	100	doi:10.5220/0012928000003886,doi:10.1109/cdc.2016.7798684	-	C22-03; first 100 relevance-ranked records title-screened; rediscovered exact policy regions and an approximate symbolic-policy proxy; snapshot screening/baseline-2026-08-04/crossref-closure-22-03.tsv
2026-08-04	search	closure-replacement-22	Crossref REST API	affine decision structure deep neural network exact	query	5387682	100	doi:10.23919/ecc51009.2020.9143957,doi:10.1109/fdl68117.2025.11165399,doi:10.1109/cdc56724.2024.10886414	doi:10.1109/cdc49753.2023.10383761	C22-04; first 100 relevance-ranked records title-screened; plausible records fit exact reverse representation, sound abstraction, controller reachability, or the existing neural-tree lineage; snapshot screening/baseline-2026-08-04/crossref-closure-22-04.tsv
2026-08-04	search	closure-replacement-22	Crossref REST API	switched system representation neural controller composition	query	5148607	100	doi:10.1109/cdc57313.2025.11312749	-	C22-05; first 100 relevance-ranked records title-screened; rediscovered the exact compositional neural-controller PWA comparator; snapshot screening/baseline-2026-08-04/crossref-closure-22-05.tsv
2026-08-04	search	closure-replacement-22	Crossref REST API	binary neural network reduced decision diagram exact class	query	3650465	100	doi:10.1016/j.neunet.2023.06.002,doi:10.1007/s10115-012-0525-6,doi:10.1109/dac.1990.114842	doi:10.1109/cdc49753.2023.10383761	C22-06; first 100 relevance-ranked records title-screened; plausible records fit the existing neural-tree, abstraction, knowledge-compilation, or hardware-simulation clusters; snapshot screening/baseline-2026-08-04/crossref-closure-22-06.tsv
2026-08-04	search	closure-replacement-22	Crossref REST API	OBDD SDD compilation neural classifier explanation	query	903237	100	doi:10.1007/978-3-031-43619-2_4	-	C22-07; first 100 relevance-ranked records title-screened; rank 15 exposed exact BNN-to-SDD and smooth deterministic decomposable compilation for SHAP, a new close comparator that invalidates the no-add sequence; snapshot screening/baseline-2026-08-04/crossref-closure-22-07.tsv
2026-08-04	search	closure-replacement-22	Crossref REST API	eliminate intermediate activations BDD neural network	query	1976445	100	-	-	C22-08; first 100 relevance-ranked records title-screened; no plausible technical record met the frozen trigger; snapshot screening/baseline-2026-08-04/crossref-closure-22-08.tsv
2026-08-04	search	closure-replacement-22	Crossref REST API	output quotient activation regions neural network	query	2670358	100	doi:10.5220/0012928000003886,t:verifyingyourbrowser	-	C22-09; first 100 relevance-ranked records title-screened; rediscovered exact neural-policy regions and a local-robustness activation-path method; snapshot screening/baseline-2026-08-04/crossref-closure-22-09.tsv
2026-08-04	search	closure-replacement-22	Crossref REST API	sparse observed decisions symbolic execution exact preimage	query	485350	100	doi:10.1145/3678722.3685535,doi:10.14711/thesis-b1477728,doi:10.1109/synasc.2005.26,doi:10.1145/2642937.2643011,doi:10.1007/978-3-662-49122-5_10,doi:10.1109/iwast.2012.6228982,doi:10.1145/3158128,doi:10.1145/2652484	doi:10.14711/thesis-b1450539	C22-10; first 100 relevance-ranked records title-screened; ranks 1, 25, and 60 exposed observation-pattern postponement, target-relative precondition pruning, and constraint/symmetry reachability quotients, reopening three search clusters; the Li thesis is a duplicate lineage; snapshot screening/baseline-2026-08-04/crossref-closure-22-10.tsv
2026-08-04	search	closure-replacement-22	Crossref REST API	requested root selection observation term graph residual	query	1927070	100	-	-	C22-11; first 100 relevance-ranked records title-screened; no plausible technical record met the frozen trigger; snapshot screening/baseline-2026-08-04/crossref-closure-22-11.tsv
2026-08-04	search	closure-replacement-22	Crossref REST API	totalized observer projected AllSMT symbolic residual	query	283698	100	doi:10.4204/eptcs.254.3,doi:10.4204/eptcs.305.10	-	C22-12; first 100 relevance-ranked records title-screened; plausible residual titles concern runtime-monitor instrumentation pruning or automata learning rather than observer fibers; snapshot screening/baseline-2026-08-04/crossref-closure-22-12.tsv
2026-08-04	search	closure-replacement-23	Crossref REST API	binarized neural network knowledge compilation deterministic decomposable circuit	query	2953704	100	doi:10.1145/3240765.3240822	-	C23-01; all 100 relevance-ranked records title-screened; logic synthesis compiles BNN inference for implementation and the BNN SMT-verification title is ordinary property checking; snapshot screening/baseline-2026-08-04/crossref-closure-23-01.tsv
2026-08-04	search	closure-replacement-23	Crossref REST API	exact SHAP binary neural SDD	query	1067086	100	doi:10.5220/0008362904240433,doi:10.1016/j.neunet.2023.06.002,doi:10.5220/0012928000003886	-	C23-02; all 100 records title-screened; rank 69 exposed exact small-Boolean-domain neural rule extraction and reopens the map; GPUTreeShap computes SHAP without an observer partition; snapshot screening/baseline-2026-08-04/crossref-closure-23-02.tsv
2026-08-04	search	closure-replacement-23	Crossref REST API	hidden activation elimination neural classifier decision diagram	query	2313545	100	-	-	C23-03; all 100 records title-screened; neural decision-table construction and local probabilistic explanations do not extract an execution or configuration quotient; snapshot screening/baseline-2026-08-04/crossref-closure-23-03.tsv
2026-08-04	search	closure-replacement-23	Crossref REST API	symbolic loop observation pattern state postponement	query	3003323	100	doi:10.1145/800205.806327,doi:10.21236/ada538843	-	C23-04; all 100 records title-screened; historical symbolic evaluation and loop-count modeling remain disclosed full-text-follow-up candidates but add no direct observer quotient; snapshot screening/baseline-2026-08-04/crossref-closure-23-04.tsv
2026-08-04	search	closure-replacement-23	Crossref REST API	context guided precondition symbolic execution target branch	query	1327319	100	doi:10.1145/3377812.3390895,doi:10.1109/dsn.2009.5270315,doi:10.1145/2786805.2786841,doi:10.1145/3656443,doi:10.1007/978-3-642-02652-2_16,doi:10.1145/3678188,doi:10.1007/978-3-642-45422-6_1,doi:10.1093/comjnl/bxn075,doi:10.14711/thesis-b1477728,doi:10.3390/sym18071226,doi:10.1109/icse.2015.80,doi:10.1145/3704886,doi:10.1109/tse.2016.2584063,doi:10.1016/j.jsc.2016.07.012,doi:10.1109/synasc.2005.26	doi:10.14711/thesis-b1450539	C23-05; all 100 records title-screened; assertion summaries and compatible-branch pruning preserve selected properties and reopen the map; supporting target, incremental, symmetry, and slicing comparators reconciled; snapshot screening/baseline-2026-08-04/crossref-closure-23-05.tsv
2026-08-04	search	closure-replacement-23	Crossref REST API	dominator irrelevant branch context concolic search	query	982316	100	doi:10.1109/iccd.2017.36,doi:10.1007/978-3-030-72019-3_23,doi:10.3724/sp.j.1016.2011.00953,doi:10.1145/2635868.2635872	-	C23-06; all 100 records title-screened; qualifying-event branch caps and canonical higher-order concolic inputs reopen the map; snapshot screening/baseline-2026-08-04/crossref-closure-23-06.tsv
2026-08-04	search	closure-replacement-23	Crossref REST API	colored Petri net symmetry quotient symbolic reachability	query	394039	100	doi:10.1109/tac.2016.2574120,doi:10.1109/synasc.2011.16,doi:10.1007/978-3-642-13675-7_11,doi:10.1007/978-3-540-71560-3_3,doi:10.1109/ipps.1992.222996,doi:10.1109/apsec.1997.640172,doi:10.1109/pnpm.1989.68539,doi:10.1109/synasc.2005.26,doi:10.1016/s0304-3975(96)00010-2	-	C23-07; all 100 records title-screened; basis markings, time-anonymous state, and symbolic unfoldings reopen the map; full-text-needed state-reduction candidates are retained with explicit limits; snapshot screening/baseline-2026-08-04/crossref-closure-23-07.tsv
2026-08-04	search	closure-replacement-23	Crossref REST API	constraint based state space reduction symbolic execution	query	10137795	100	doi:10.1109/icis.2017.7960112,doi:10.1145/2610384.2610392,doi:10.1023/a:1008767206905,doi:10.1007/978-3-658-12680-3_5,doi:10.1109/euasic.1992.228061,doi:10.1109/synasc.2005.26,doi:10.1016/j.scico.2019.03.006,doi:10.1145/2254064.2254088	doi:10.1007/3-540-63166-6_34	C23-08; all 100 records title-screened; coverage-preserving seed reduction and symbolic partial-order reduction reopen the map; path-equivalence and state/output reduction candidates remain evidence-limited; snapshot screening/baseline-2026-08-04/crossref-closure-23-08.tsv
2026-08-04	search	closure-replacement-23	Crossref REST API	partial symmetry reachability graph symbolic state	query	2829655	100	doi:10.1109/etfa.2008.4638383,doi:10.1007/3-540-60029-9_43,doi:10.1016/s0304-3975(96)00010-2,doi:10.3390/sym18071226,doi:10.1109/date.1999.761091,doi:10.1007/s10009-007-0057-7,doi:10.1142/s012905411340011x	doi:10.1007/11691372_8,doi:10.1007/978-3-642-24288-5_19	C23-09; all 100 records title-screened; partial-observation estimates and symbolic bisimulation were reconciled, with conference precursors excluded; snapshot screening/baseline-2026-08-04/crossref-closure-23-09.tsv
2026-08-04	search	closure-replacement-23	Crossref REST API	requested event observer exact input fiber	query	889706	100	-	-	C23-10; all 100 records title-screened; no plausible technical record met the broad frozen trigger; snapshot screening/baseline-2026-08-04/crossref-closure-23-10.tsv
2026-08-04	search	closure-replacement-23	Crossref REST API	demand relative symbolic execution residual graph	query	813447	100	doi:10.1007/978-3-540-78800-3_28,doi:10.14711/thesis-b1477728,doi:10.1016/j.jsc.2016.07.012,doi:10.1109/synasc.2005.26,doi:10.1109/iwast.2012.6228982,doi:10.1145/3158128,doi:10.21236/ada538843	doi:10.14711/thesis-b1450539	C23-11; all 100 records title-screened; existing demand, state-equivalence, and symbolic-execution lineages rediscovered; data-path and FGSA titles add no observer quotient; snapshot screening/baseline-2026-08-04/crossref-closure-23-11.tsv
2026-08-04	search	closure-replacement-23	Crossref REST API	observation guided symbolic exploration quotient	query	773756	100	doi:10.14711/thesis-b1477728	-	C23-12; all 100 records title-screened; only the existing target-guided-search lineage met technical plausibility; snapshot screening/baseline-2026-08-04/crossref-closure-23-12.tsv
2026-08-04	audit	closure-independent-audit-23	Independent reviewer complete title audit	closure-independent-audit-round-23	audit	1200	1200	doi:10.5220/0008362904240433,doi:10.1145/2786805.2786841,doi:10.1007/978-3-030-72019-3_23,doi:10.1109/tac.2016.2574120,doi:10.1109/synasc.2011.16,doi:10.1007/978-3-642-13675-7_11,doi:10.1145/2610384.2610392,doi:10.1023/a:1008767206905,doi:10.1142/s012905411340011x	-	Reviewer independently resolved every rank in all twelve round-23 snapshots, found multiple broad-trigger additions, verified that all plausible titles were reconciled or explicitly no-add, reopened the map, and retired frozen round 24 unexecuted
2026-08-04	search	closure-replacement-25	Crossref REST API	exact Boolean neural rule extraction truth table minimization	query	2117737	100	doi:10.5220/0008362904240433,doi:10.32614/rj-2018-080,doi:10.1109/ijcnn.1999.833457,doi:10.1080/10170660409509384,doi:10.36227/techrxiv.22122200.v2,doi:10.1049/cp:19991161,doi:10.1145/3287624.3287722	-	C25-01; all 100 records title-screened; exact Boolean minimization and output-preserving binary-network rule composition reopen the map; one four-record general-input preprint family was adjudicated once; snapshot screening/baseline-2026-08-04/crossref-closure-25-01.tsv
2026-08-04	search	closure-replacement-25	Crossref REST API	assertion guided symbolic execution predicate summary subsumption	query	488062	100	doi:10.1145/2786805.2786841,doi:10.1007/11691617_10,doi:10.1007/978-3-658-12680-3_5,doi:10.1007/978-3-658-12680-3_6	-	C25-02; all 100 records title-screened; abstract symbolic-state subsumption reopens the map; ordinary search ordering, constraint solving, and assertion-mining results were screened but not recorded as observer quotients; snapshot screening/baseline-2026-08-04/crossref-closure-25-02.tsv
2026-08-04	search	closure-replacement-25	Crossref REST API	compatible branch coverage symbolic execution dependency pruning	query	467251	100	doi:10.1145/3656443,doi:10.1145/3368089.3409755,doi:10.1109/tse.2025.3555622,doi:10.1145/3678188,doi:10.1007/978-3-642-45422-6_1	-	C25-03; all 100 records title-screened; learned approximate state/function pruning adds explicit guarantee boundaries; infeasible-path pruning and branch-order heuristics were reconciled as operational no-add results; snapshot screening/baseline-2026-08-04/crossref-closure-25-03.tsv
2026-08-04	search	closure-replacement-25	Crossref REST API	canonical higher order concolic input complete search	query	1721060	100	doi:10.1007/978-3-030-72019-3_23,doi:10.1109/acsd.2012.18,doi:10.1145/2774975.2774978	-	C25-04; all 100 records title-screened; counterexample-complete higher-order verification and concolic DPOR reopen the map; the posted You record and one-page invited talk were duplicate or nontechnical lineage items; snapshot screening/baseline-2026-08-04/crossref-closure-25-04.tsv
2026-08-04	search	closure-replacement-25	Crossref REST API	basis marking implicit transition symbolic reachability	query	952680	100	doi:10.1109/tac.2016.2574120,doi:10.1109/tac.2020.2983088,doi:10.1007/978-3-642-84524-6_13,doi:10.1016/j.tcs.2006.07.008,doi:10.1142/s012905411340011x,doi:10.1109/synasc.2011.16,doi:10.1016/s0304-3975(96)00010-2,doi:10.1109/apsec.1997.640172,doi:10.1109/date.1999.761091	doi:10.1007/978-3-642-24288-5_19	C25-05; all 100 records title-screened; hierarchical basis estimation and the early well-formed-net predecessor reopen the map; partitioned image computation and search-order records were retained only when semantically plausible; snapshot screening/baseline-2026-08-04/crossref-closure-25-05.tsv
2026-08-04	search	closure-replacement-25	Crossref REST API	time anonymous token symbolic reachability reduction	query	2476009	100	doi:10.1109/synasc.2011.16,doi:10.1016/j.tcs.2006.07.008,doi:10.1016/s0304-3975(96)00010-2,doi:10.1109/apsec.1997.640172,doi:10.1109/date.1999.761091	-	C25-06; all 100 records title-screened; direct symbolic interleaving-reduction and real-time POR titles remain full-text-needed boundaries; most token hits were lexical false positives; snapshot screening/baseline-2026-08-04/crossref-closure-25-06.tsv
2026-08-04	search	closure-replacement-25	Crossref REST API	colored Petri net symbolic unfolding factorization concurrent interleavings	query	376297	100	doi:10.1007/978-3-642-13675-7_11,doi:10.3233/fi-222162,doi:10.1109/synasc.2005.26	-	C25-07; all 100 records title-screened; exact color quotienting and impossible-color removal with a bisimilar unfolding reopen the map; exhaustive binding-acceleration and tool papers add no separate semantic object; snapshot screening/baseline-2026-08-04/crossref-closure-25-07.tsv
2026-08-04	search	closure-replacement-25	Crossref REST API	symbolic partial order reduction BDD local property	query	2322757	100	doi:10.1023/a:1008767206905,doi:10.1007/978-3-642-02658-4_31,doi:10.1007/978-3-642-20398-5_29,doi:10.1007/11560548_25,doi:10.1109/ase.2011.6100044,doi:10.1007/s10009-019-00507-5,doi:10.1007/978-3-319-95582-7_35,doi:10.1007/978-3-030-64354-6_13	doi:10.1007/3-540-63166-6_34	C25-08; all 100 records title-screened; exact SAT/SMT, BDD, local, concolic, and schedule-bearing symbolic POR substantially broaden the map; approximate POR records the precision boundary; snapshot screening/baseline-2026-08-04/crossref-closure-25-08.tsv
2026-08-04	search	closure-replacement-25	Crossref REST API	fully symbolic bisimulation decision diagram quotient saturation	query	1101079	100	doi:10.1142/s012905411340011x,doi:10.1007/3-540-56496-9_9,doi:10.1023/a:1016091902809,doi:10.1016/s1571-0661(04)80547-4,doi:10.1007/11901914_35,doi:10.1007/s10009-017-0468-z	doi:10.1007/978-3-642-24288-5_19	C25-09; all 100 records title-screened; the foundational BDD lineage, rank/signature algorithms, parallel quotient construction, and a direct negative performance result reopen the map; process-calculus equivalence-only titles were out of scope; snapshot screening/baseline-2026-08-04/crossref-closure-25-09.tsv
2026-08-04	search	closure-replacement-25	Crossref REST API	coverage preserving test seed reduction symbolic execution	query	1805819	100	doi:10.1145/2610384.2610392,doi:10.1016/b978-0-444-89874-6.50028-3,doi:10.1145/1005920.1005924	-	C25-10; all 100 records title-screened; historical coverage-preserving POR and input-domain program specialization reopen the map; generic test-suite reduction and heuristic seed selection add no observer quotient; snapshot screening/baseline-2026-08-04/crossref-closure-25-10.tsv
2026-08-04	search	closure-replacement-25	Crossref REST API	partial observation estimation reachability graph observer	query	1299849	100	doi:10.1109/etfa.2008.4638383,doi:10.1109/acc.2003.1238961,doi:10.1007/s10626-009-0060-0,doi:10.1109/tac.2020.2983088,doi:10.1007/3-540-60029-9_43	-	C25-11; all 100 records title-screened; exact marking sets for observed label words and timed or hierarchical observers reopen the map; unrelated stochastic-game and control observers were screened out; snapshot screening/baseline-2026-08-04/crossref-closure-25-11.tsv
2026-08-04	search	closure-replacement-25	Crossref REST API	requested event exact input fiber symbolic residual	query	1056220	100	doi:10.5220/0012928000003886	-	C25-12; all 100 records title-screened; only the already cataloged exact neural-policy output-region work was plausible; exact symbolic control abstractions did not enumerate requested event/input fibers; snapshot screening/baseline-2026-08-04/crossref-closure-25-12.tsv
2026-08-04	audit	closure-independent-audit-25a	Independent reviewer complete title audit	closure-independent-audit-round-25-a	audit	1200	1200	doi:10.32614/rj-2018-080,doi:10.1080/10170660409509384,doi:10.1007/11691617_10,doi:10.1145/3368089.3409755,doi:10.1109/tse.2025.3555622,doi:10.1109/acsd.2012.18,doi:10.1145/2774975.2774978,doi:10.1109/tac.2020.2983088,doi:10.3233/fi-222162,doi:10.1007/978-3-642-02658-4_31,doi:10.1007/978-3-030-64354-6_13,doi:10.1023/a:1016091902809,doi:10.1016/b978-0-444-89874-6.50028-3,doi:10.1109/acc.2003.1238961,doi:10.1007/s10626-009-0060-0	-	Reviewer independently resolved every rank in all twelve round-25 snapshots, verified evidence tiers and version relations, found multiple broad-trigger additions, reopened the map, and retired frozen round 26 unexecuted
2026-08-04	audit	closure-independent-audit-25b	Second independent reviewer complete title audit	closure-independent-audit-round-25-b	audit	1200	1200	doi:10.1109/ijcnn.1999.833457,doi:10.1080/10170660409509384,doi:10.1007/11691617_10,doi:10.1145/2774975.2774978,doi:10.1007/978-3-642-84524-6_13,doi:10.1007/978-3-642-02658-4_31,doi:10.1007/978-3-642-20398-5_29,doi:10.1007/11560548_25,doi:10.1007/s10009-019-00507-5,doi:10.1007/978-3-030-64354-6_13,doi:10.1007/3-540-56496-9_9,doi:10.1023/a:1016091902809,doi:10.1016/s1571-0661(04)80547-4,doi:10.1007/11901914_35,doi:10.1016/b978-0-444-89874-6.50028-3,doi:10.1145/1005920.1005924,doi:10.1109/acc.2003.1238961,doi:10.1007/s10626-009-0060-0	-	A second reviewer independently screened all 1200 records, confirmed the structure and no missed rank, identified several additions missed by the primary pass, and agreed that round 25 decisively reopens the map
2026-08-04	snowball	sympaths-primary-25	Exact Springer primary bibliography	DOI:10.1007/978-3-030-64354-6_13	backward	35	35	doi:10.1145/360248.360252,doi:10.1145/2786805.2786841,doi:10.1007/978-3-319-47846-3_5,doi:10.1007/978-3-540-78800-3_27,doi:10.1007/3-540-36577-x_40	-	seed-key:doi:10.1007/978-3-030-64354-6_13; primary-complete; exact 35-item numbered bibliography checked against publisher HTML; five uncataloged POR, path-steering, and merging records were supporting lineage rather than close competitors; snapshot screening/baseline-2026-08-04/primary-deboer2020sympaths-backward.tsv
2026-08-04	snowball	sympaths-forward-25	OpenCitations COCI API	DOI:10.1007/978-3-030-64354-6_13	forward	1	1	doi:10.1007/s00165-020-00527-y	-	seed-key:doi:10.1007/978-3-030-64354-6_13; complete COCI DOI-to-DOI response on 2026-08-04; OpenAlex and Semantic Scholar returned HTTP 429; the one bounded-index citer adds no cluster or close competitor; snapshot screening/baseline-2026-08-04/opencitations-deboer2020sympaths-forward.tsv
2026-08-04	snowball	marking-estimator-primary-25	Exact author-hosted ACC bibliography	DOI:10.1109/ACC.2003.1238961	backward	12	12	doi:10.1109/cdc.1988.194300,doi:10.1109/cdc.1997.652507,doi:10.1109/tac.2002.802769	-	seed-key:doi:10.1109/acc.2003.1238961; primary-complete; exact 12-item bibliography transcribed from the author-hosted ACC PDF; the event-observation estimator antecedent reopens the lineage, while observability and automata-observer works provide supporting boundaries; snapshot screening/baseline-2026-08-04/primary-giua2003marking-backward.tsv
2026-08-04	snowball	marking-estimator-forward-25	Semantic Scholar Graph API	DOI:10.1109/ACC.2003.1238961	forward	16	16	doi:10.1109/tac.2012.2203050,doi:10.1109/etfa.2003.1247722	doi:10.1109/acc.2009.5160266	seed-key:doi:10.1109/acc.2003.1238961; exact-DOI citation list; OpenAlex returned HTTP 429; the expanded minimum-initial-marking work and same-year nondeterministic observer reopen the map, while optimization, fuzzy, heuristic, and application records were screened without importing exact claims; snapshot screening/baseline-2026-08-04/semantic-scholar-giua2003marking-forward.tsv
2026-08-04	search	closure-replacement-27	Crossref REST API	binary neural network Boolean rule extraction hidden neuron redundancy exact	query	313254	100	doi:10.5220/0008362904240433,doi:10.1049/cp:19991161,doi:10.1109/ijcnn.1999.833457,doi:10.1080/10170660409509384,doi:10.36227/techrxiv.22122200.v2	-	C27-01; all 100 records title-screened; exact Boolean-rule works and posted versions were already reconciled; convolutional and pruning extensions are heuristic or approximate and add no observer quotient; snapshot screening/baseline-2026-08-04/crossref-closure-27-01.tsv
2026-08-04	search	closure-replacement-27	Crossref REST API	abstract subsumption symbolic execution heap state inclusion	query	3705473	100	doi:10.1007/978-3-662-49122-5_10,doi:10.1109/saner67736.2026.00112,doi:10.4204/eptcs.99.6,doi:10.1007/11691617_10,doi:10.1007/978-3-658-12680-3_5	-	C27-02; all 100 records title-screened; exact guarded heap summaries, path-optimal ite-valued heap execution, and abstract graph subsumption reopen the map; primary evidence and the unproved POSE GSE-equivalence boundary were reconciled; snapshot screening/baseline-2026-08-04/crossref-closure-27-02.tsv
2026-08-04	search	closure-replacement-27	Crossref REST API	learned state pruning symbolic execution coverage approximation	query	2606410	100	doi:10.1145/3368089.3409755,doi:10.1109/tse.2025.3555622,doi:10.1145/3656443,doi:10.1145/3678188	-	C27-03; all 100 records title-screened; only existing learned, compatibility, and coverage-guided lineages survived; infeasible-path and search-policy records add no exact quotient; snapshot screening/baseline-2026-08-04/crossref-closure-27-03.tsv
2026-08-04	search	closure-replacement-27	Crossref REST API	counterexample complete higher order function verification SMT	query	2391619	100	doi:10.1145/2429069.2429081,doi:10.1145/3158100,doi:10.1145/2774975.2774978,doi:10.1007/978-3-030-72019-3_23	doi:10.1145/2480359.2429081	C27-04; all 100 records title-screened; relatively complete refinement-type predecessors and their practical incompleteness were reconciled; the duplicate POPL journal alias was excluded and no new observer-fiber enumerator was found; snapshot screening/baseline-2026-08-04/crossref-closure-27-04.tsv
2026-08-04	search	closure-replacement-27	Crossref REST API	event observation state estimator Petri net consistent marking	query	2805331	100	doi:10.1007/s10626-007-0036-x,doi:10.1109/acc.2003.1238961,doi:10.1007/s10626-009-0060-0,doi:10.1007/s10626-026-00450-z,doi:10.1109/tac.2015.2496500	doi:10.3182/20140514-3-fr-4046.00060	C27-05; all 100 records title-screened; minimal explanations with exact basis closure, observation-equivalent generator compilation, and a no-transition-observation estimator reopen the map; snapshot screening/baseline-2026-08-04/crossref-closure-27-05.tsv
2026-08-04	search	closure-replacement-27	Crossref REST API	minimum initial marking observed label word Petri net	query	819676	100	doi:10.1109/tac.2012.2203050,doi:10.1109/access.2019.2894352,doi:10.1109/tsmc.2024.3357742,doi:10.1109/tac.2024.3510521,doi:10.1016/j.ins.2023.119922,doi:10.1016/j.ins.2025.122618,doi:10.1109/codit.2019.8820467,doi:10.1109/cdc.2014.7040445,doi:10.1109/smc.2013.401	doi:10.1109/acc.2009.5160266	C27-06; all 100 records title-screened; exact silent-transition, minimal-explanation, token-prediction, timed-state, and probabilistic extensions reopen the map; heuristic optimization variants were not promoted to exact; snapshot screening/baseline-2026-08-04/crossref-closure-27-06.tsv
2026-08-04	search	closure-replacement-27	Crossref REST API	color quotient unfolding colored Petri net bisimulation	query	441786	100	doi:10.3233/fi-222162,doi:10.1016/j.ic.2020.104674	-	C27-07; all 100 records title-screened; reset-net pomset bisimulation and finite unfolding strengthen the existing run-reduction lineage without a new input observer; alternate Bilgram metadata was adjudicated once; snapshot screening/baseline-2026-08-04/crossref-closure-27-07.tsv
2026-08-04	search	closure-replacement-27	Crossref REST API	symbolic path schedule partial order reduction completeness	query	1676410	100	doi:10.1007/978-3-642-02658-4_31,doi:10.1007/978-3-642-20398-5_29,doi:10.1007/11560548_25,doi:10.1007/s10009-019-00507-5,doi:10.1109/rtas54340.2022.00018	doi:10.1007/3-540-63166-6_34	C27-08; all 100 records title-screened; existing exact symbolic POR dominates; schedule-abstraction POR adds an explicit small-overapproximation boundary; snapshot screening/baseline-2026-08-04/crossref-closure-27-08.tsv
2026-08-04	search	closure-replacement-27	Crossref REST API	optimal symbolic partial order reduction SMT interleavings	query	1834556	100	doi:10.1145/2535838.2535845,doi:10.1145/3073408,doi:10.1007/s10703-020-00350-4,doi:10.1145/3498711,doi:10.1007/978-3-319-89963-3_14,doi:10.1016/j.jss.2023.111730,doi:10.1007/978-3-642-02658-4_31,doi:10.1007/978-3-030-64354-6_13	doi:10.1145/3293882.3330565	C27-09; all 100 records title-screened; optimal/source-set DPOR and the exact future-observer conditional dependency lineage decisively reopen the map; conference/journal versions were reconciled; snapshot screening/baseline-2026-08-04/crossref-closure-27-09.tsv
2026-08-04	search	closure-replacement-27	Crossref REST API	BDD symbolic bisimulation minimization invariant checking	query	202715	100	doi:10.1023/a:1016091902809,doi:10.1109/ddecs.2006.1649562,doi:10.1145/1228784.1228880,doi:10.1016/s1571-0661(04)80547-4,doi:10.1007/11901914_35,doi:10.1007/s10009-017-0468-z	doi:10.1007/978-3-642-24288-5_19	C27-10; all 100 records title-screened; early symbolic branching-bisimulation and BDD optimization implementations strengthen an existing lineage but add no observer-input quotient; snapshot screening/baseline-2026-08-04/crossref-closure-27-10.tsv
2026-08-04	search	closure-replacement-27	Crossref REST API	signature rank maximum symbolic bisimulation quotient	query	341766	100	doi:10.1016/s1571-0661(04)80547-4,doi:10.1023/a:1016091902809,doi:10.1142/s012905411340011x,doi:10.1007/11901914_35,doi:10.1007/s10009-017-0468-z	doi:10.1007/978-3-642-24288-5_19	C27-11; all 100 records title-screened; rank, signature, fully symbolic, and parallel minimization works were already reconciled; no new close mechanism; snapshot screening/baseline-2026-08-04/crossref-closure-27-11.tsv
2026-08-04	search	closure-replacement-27	Crossref REST API	requested internal event observer exact input preimage residual	query	1145013	100	-	-	C27-12; all 100 records title-screened; control-theory observer and unknown-input homonyms dominated and no technically plausible requested-event input-fiber work survived; snapshot screening/baseline-2026-08-04/crossref-closure-27-12.tsv
2026-08-04	audit	closure-independent-audit-27a	Independent reviewer complete title audit	closure-independent-audit-round-27-a	audit	1200	1200	doi:10.1109/saner67736.2026.00112,doi:10.4204/eptcs.99.6,doi:10.1007/s10626-007-0036-x,doi:10.1109/tac.2015.2496500,doi:10.1109/access.2019.2894352,doi:10.1109/tsmc.2024.3357742,doi:10.1016/j.ins.2025.122618,doi:10.1007/978-3-319-89963-3_14,doi:10.1016/j.jss.2023.111730	-	Reviewer independently resolved every rank in all twelve round-27 snapshots, verified 100 unique records and ranks 1--100 per query, primary-checked decisive additions, reopened the map, and retired frozen round 28 unexecuted
2026-08-04	audit	closure-independent-audit-27b	Second independent reviewer complete title audit	closure-independent-audit-round-27-b	audit	1200	1200	doi:10.1109/saner67736.2026.00112,doi:10.4204/eptcs.99.6,doi:10.1007/s10626-007-0036-x,doi:10.1109/tac.2015.2496500,doi:10.1109/access.2019.2894352,doi:10.1109/tsmc.2024.3357742,doi:10.1109/tac.2024.3510521,doi:10.1016/j.ins.2023.119922,doi:10.1016/j.ins.2025.122618,doi:10.1007/978-3-319-89963-3_14,doi:10.1016/j.jss.2023.111730	-	Second reviewer independently parsed and title-screened all 1200 records, resolved blank metadata, confirmed the decisive additions and evidence limits, and agreed that round 27 reopens rather than qualifying for closure
2026-08-04	snowball	round27-critical-chases	Exact author-hosted primary bibliography	DOI:10.1007/978-3-662-49122-5_10	backward	36	36	doi:10.1145/1993498.1993565,doi:10.1145/1047659.1040334,doi:10.1007/978-3-662-46081-8_22,doi:10.1145/1328897.1328467	doi:10.1145/2557833.2560579	seed-key:doi:10.1007/978-3-662-49122-5_10; primary-complete; exact 36-item bibliography verified against the author PDF and publisher deposit; guarded heap and modular-summary antecedents reopen the lineage; snapshot screening/baseline-2026-08-04/primary-hillery2016heap-backward.tsv
2026-08-04	snowball	round27-critical-chases	OpenCitations COCI and Meta APIs	DOI:10.1007/978-3-662-49122-5_10	forward	6	6	doi:10.1007/978-3-030-31784-3_12,doi:10.1007/978-3-030-30942-8_27,doi:10.4230/lipics.ecoop.2023.19	doi:10.1145/3183440.3194964	seed-key:doi:10.1007/978-3-662-49122-5_10; complete COCI response; five DOI records metadata-resolved and one no-DOI record preserved with its visible title; exact-separation and compact heap-testing successors reopen the map; snapshot screening/baseline-2026-08-04/opencitations-hillery2016heap-forward.tsv
2026-08-04	snowball	round27-critical-chases	Exact arXiv v2 primary bibliography	arXiv:2407.16827v2	backward	51	51	doi:10.1007/978-3-662-49122-5_10,doi:10.1145/1993498.1993565,doi:10.1145/1047659.1040334,doi:10.1007/978-3-030-31784-3_12,doi:10.1007/978-3-030-30942-8_27	-	seed-key:doi:10.1109/saner67736.2026.00112; primary-complete; exact 51-item arXiv-v2 bibliography screened because the published DOI exposed no usable reference list; snapshot screening/baseline-2026-08-04/primary-braione2026pose-backward.tsv
2026-08-04	snowball	round27-critical-chases	Semantic Scholar Graph API with COCI cross-check	DOI:10.1109/SANER67736.2026.00112	forward	0	0	-	-	seed-key:doi:10.1109/saner67736.2026.00112; complete zero-record responses for the published DOI and arXiv DOI; recent-work zero is not a saturation claim; snapshot screening/baseline-2026-08-04/semantic-scholar-braione2026pose-forward.tsv
2026-08-04	snowball	round27-critical-chases	Exact primary bibliography	DOI:10.1145/2429069.2429081	backward	30	30	doi:10.1007/bf00264295,doi:10.1007/11787006_31,doi:10.1109/lics.2011.22	-	seed-key:doi:10.1145/2429069.2429081; primary-complete; exact 30-item full POPL bibliography verified against the publisher deposit; historical relative-completeness anchors reconcile priority without adding an observer-fiber enumerator; snapshot screening/baseline-2026-08-04/primary-unno2013relative-backward.tsv
2026-08-04	snowball	round27-critical-chases	Semantic Scholar Graph API	DOI:10.1145/2429069.2429081	forward	51	51	doi:10.1145/3158100,doi:10.1145/3607831	-	seed-key:doi:10.1145/2429069.2429081; complete exact-DOI citation response; all titles screened and one malformed metadata stub preserved; successors broaden higher-order verification without a new exact input-observation quotient; snapshot screening/baseline-2026-08-04/semantic-scholar-unno2013relative-forward.tsv
2026-08-04	snowball	round27-critical-chases	Exact author-hosted primary bibliography	DOI:10.1007/s10626-007-0036-x	backward	30	30	doi:10.1109/cdc.1997.652507,doi:10.1109/acc.2003.1238961,doi:10.1109/etfa.2003.1247722,doi:10.1007/s10626-005-5239-4	-	seed-key:doi:10.1007/s10626-007-0036-x; primary-complete; exact 30-item bibliography transcribed from the author-hosted journal PDF; the 2005 fixed-structure silent-transition estimator reopens the immediate basis-marking lineage; snapshot screening/baseline-2026-08-04/primary-jiroveanu2008monitoring-backward.tsv
2026-08-04	snowball	round27-critical-chases	OpenCitations COCI and Meta APIs	DOI:10.1007/s10626-007-0036-x	forward	57	57	doi:10.1016/j.ifacol.2017.08.1240,doi:10.1109/tsmc.2014.2353575,doi:10.1109/tase.2013.2290314,doi:10.1109/tac.2016.2592952,doi:10.1109/smc.2013.401	-	seed-key:doi:10.1007/s10626-007-0036-x; complete COCI response with all source identifiers uniquely metadata-resolved; representative-marking, timed, and uncertain-initial-state observer successors reopen the map; snapshot screening/baseline-2026-08-04/opencitations-jiroveanu2008monitoring-forward.tsv
2026-08-04	snowball	round27-critical-chases	Exact author-hosted primary bibliography	DOI:10.1109/TAC.2015.2496500	backward	24	24	doi:10.1109/cdc.1997.652507,doi:10.1109/acc.2003.1238961,doi:10.1007/s10626-005-5239-4,doi:10.1007/s10626-007-0036-x	-	seed-key:doi:10.1109/tac.2015.2496500; primary-complete; exact 24-item bibliography screened from the Giua author draft; all observer-structure antecedents were reconciled; snapshot screening/baseline-2026-08-04/primary-tong2016observation-backward.tsv
2026-08-04	snowball	round27-critical-chases	OpenCitations COCI and Meta APIs	DOI:10.1109/TAC.2015.2496500	forward	72	72	doi:10.1109/tac.2019.2907413,doi:10.1109/etfa46521.2020.9211942	-	seed-key:doi:10.1109/tac.2015.2496500; complete COCI response with all records uniquely metadata-resolved; complete timed consistency and no-event region observers reopen the map; opacity and application works add no further omission mechanism; snapshot screening/baseline-2026-08-04/opencitations-tong2016observation-forward.tsv
2026-08-04	snowball	round27-critical-chases	Exact open-access primary bibliography	DOI:10.1109/ACCESS.2019.2894352	backward	17	17	doi:10.1109/tac.2012.2203050,doi:10.1109/acc.2003.1238961,doi:10.1007/s10626-005-5239-4	-	seed-key:doi:10.1109/access.2019.2894352; primary-complete; exact 17-item final IEEE bibliography screened; predecessors remain within the reconciled exact minimum-marking and estimator lineage; snapshot screening/baseline-2026-08-04/primary-ruan2019unobservable-backward.tsv
2026-08-04	snowball	round27-critical-chases	OpenCitations COCI and Meta APIs	DOI:10.1109/ACCESS.2019.2894352	forward	9	9	doi:10.1109/tsmc.2024.3357742,doi:10.1109/tac.2024.3510521,doi:10.1016/j.ins.2023.119922,doi:10.1016/j.ins.2025.122618	-	seed-key:doi:10.1109/access.2019.2894352; complete COCI response with all records uniquely metadata-resolved; exact timed and minimal-explanation successors were already reconciled and heuristic variants remain qualified; snapshot screening/baseline-2026-08-04/opencitations-ruan2019unobservable-forward.tsv
2026-08-04	snowball	round27-critical-chases	Exact publisher primary bibliography	DOI:10.1007/978-3-319-89963-3_14	backward	22	22	doi:10.1145/2535838.2535845,doi:10.1145/3073408,doi:10.1007/978-3-319-63387-9_26,doi:10.1145/3158119	-	seed-key:doi:10.1007/978-3-319-89963-3_14; primary-complete; exact 22-item TACAS bibliography screened; context-sensitive and data-centric schedule quotients sharpen the observer-DPOR lineage; snapshot screening/baseline-2026-08-04/primary-aronis2018observers-backward.tsv
2026-08-04	snowball	round27-critical-chases	OpenCitations COCI and Meta APIs	DOI:10.1007/978-3-319-89963-3_14	forward	31	31	doi:10.1145/3236024.3236028,doi:10.1145/3360576,doi:10.1007/978-3-030-81685-8_16,doi:10.1007/978-3-030-21759-4_13,doi:10.1007/978-3-031-37706-8_12,doi:10.1145/3591243,doi:10.1145/3591247,doi:10.1145/3656449,doi:10.1007/978-3-031-65630-9_2,doi:10.1007/978-3-032-06847-7_9,doi:10.1007/s10703-025-00479-0	-	seed-key:doi:10.1007/978-3-319-89963-3_14; complete COCI response with all records uniquely metadata-resolved; reads-value, canonical symbolic-state, parsimonious, and dynamic relevance comparators reopen the map within established schedule and property-reduction clusters; snapshot screening/baseline-2026-08-04/opencitations-aronis2018observers-forward.tsv
2026-08-04	snowball	round27-critical-chases	Exact publisher primary bibliography	DOI:10.1016/J.JSS.2023.111730	backward	32	32	doi:10.1007/978-3-319-89963-3_14,doi:10.1007/978-3-319-63387-9_26,doi:10.1145/3360576,doi:10.1007/978-3-030-53288-8_18,doi:10.1007/978-3-030-81685-8_16	-	seed-key:doi:10.1016/j.jss.2023.111730; primary-complete; exact 32-item JSS bibliography agrees with the publisher deposit; observer, reads-from, and symbolic partial-order predecessors were reconciled; snapshot screening/baseline-2026-08-04/primary-albert2023dpor-backward.tsv
2026-08-04	snowball	round27-critical-chases	OpenCitations COCI and Meta APIs	DOI:10.1016/J.JSS.2023.111730	forward	2	2	doi:10.1007/978-3-031-65630-9_2,doi:10.1007/s10703-025-00479-0	-	seed-key:doi:10.1016/j.jss.2023.111730; complete COCI response with both records uniquely metadata-resolved; both successors remain exact schedule-quotient work rather than caller-input observer fibers; snapshot screening/baseline-2026-08-04/opencitations-albert2023dpor-forward.tsv
2026-08-04	search	closure-replacement-29	Crossref REST API	guarded heap summary conditional values generalized symbolic execution exact	query	849721	100	doi:10.1109/csmr.2003.1192425,doi:10.1109/iwast.2012.6228982,doi:10.1007/978-3-662-49122-5_10,doi:10.1109/saner67736.2026.00112	-	C29-01; all 100 records title-screened; exact preprocessing conditional values add a close predecessor while All-values and heap summaries were already reconciled; one blank-title grant was resolved as a nonpublication; snapshot screening/baseline-2026-08-04/crossref-closure-29-01.tsv
2026-08-04	search	closure-replacement-29	Crossref REST API	path optimal heap alias ite symbolic execution	query	799242	100	doi:10.1109/iccq65694.2025.11314570,doi:10.1109/tse.2017.2659751,doi:10.1109/sefm.2007.43,doi:10.1109/tse.2026.3667998,doi:10.1007/978-3-662-49122-5_10,doi:10.1109/saner67736.2026.00112	-	C29-02; all 100 records title-screened; sparse path-minimal objects, exact postconditioned suffix pruning, bounded case-optimal heaps, and incremental-behavior pruning reopen the map; snapshot screening/baseline-2026-08-04/crossref-closure-29-02.tsv
2026-08-04	search	closure-replacement-29	Crossref REST API	compact modular heap procedure summary guarded value	query	1215533	100	doi:10.1145/1993498.1993565	doi:10.1145/2345156.1993565,doi:10.1145/1993316.1993565	C29-03; all 100 records title-screened; three Crossref records for the same PLDI paper were reconciled to the retained proceedings DOI; two blank-title grants were nonpublications; snapshot screening/baseline-2026-08-04/crossref-closure-29-03.tsv
2026-08-04	search	closure-replacement-29	Crossref REST API	relatively complete higher order functional verification refinement type	query	3578103	100	doi:10.1145/2737924.2737971,doi:10.1017/s0956796816000216,doi:10.1145/2429069.2429081,doi:10.1145/3158100,doi:10.1145/2774975.2774978	doi:10.1145/2813885.2737971,doi:10.1145/2480359.2429081	C29-04; all 100 records title-screened; relatively complete higher-order symbolic counterexamples and the expanded contract treatment reopen the map; duplicate journal aliases and two blank-title research grants were resolved; snapshot screening/baseline-2026-08-04/crossref-closure-29-04.tsv
2026-08-04	search	closure-replacement-29	Crossref REST API	minimal explanation basis marking unobservable reach observation	query	591165	100	doi:10.1109/etfa.2013.6648063,doi:10.1109/tsmc.2024.3357742,doi:10.1109/access.2019.2894352,doi:10.1109/tsmc.2014.2353575,doi:10.1109/acc.2003.1238961	-	C29-05; all 100 records title-screened; the modified timed state-class estimator is a correction-qualified antecedent and basis-marking software adds no new mechanism; snapshot screening/baseline-2026-08-04/crossref-closure-29-05.tsv
2026-08-04	search	closure-replacement-29	Crossref REST API	representative marking graph observation consistent Petri net	query	677022	100	doi:10.1016/j.ifacol.2017.08.1240,doi:10.1109/cdc.1997.652507,doi:10.1109/acc.2003.1238961,doi:10.1007/978-3-540-27793-4_15,doi:10.1109/tac.2015.2496500	-	C29-06; all 100 records title-screened; canonical symmetry-orbit markings strengthen the existing reduced-reachability cluster while inverse-observation estimators were already reconciled; snapshot screening/baseline-2026-08-04/crossref-closure-29-06.tsv
2026-08-04	search	closure-replacement-29	Crossref REST API	observation equivalent Petri net generator adaptive label	query	1116295	100	doi:10.1109/cdc.1997.652507,doi:10.1109/tac.2015.2496500	doi:10.3182/20140514-3-fr-4046.00060	C29-07; all 100 records title-screened; direct observation structures were already reconciled; two blank-title biological Petri-net supplement datasets were nonpublication artifacts; snapshot screening/baseline-2026-08-04/crossref-closure-29-07.tsv
2026-08-04	search	closure-replacement-29	Crossref REST API	minimum initial timed marking unobservable transition observation	query	1081320	100	doi:10.1109/etfa.2013.6648063,doi:10.1109/tii.2022.3200598,doi:10.1109/tac.2012.2203050,doi:10.1109/access.2019.2894352,doi:10.1109/tsmc.2024.3357742,doi:10.1109/tac.2024.3510521,doi:10.1016/j.ins.2025.122618,doi:10.1109/smc.2013.401	-	C29-08; all 100 records title-screened with quoted multiline fields parsed as TSV records; the digital-twin candidate-event estimator is retained at a weaker application evidence tier and heuristic minimum-marking methods are not promoted to exact; snapshot screening/baseline-2026-08-04/crossref-closure-29-08.tsv
2026-08-04	search	closure-replacement-29	Crossref REST API	reads value from schedule equivalence stateless model checking	query	12497587	100	doi:10.1145/2737924.2737975,doi:10.1145/2814270.2814297,doi:10.1145/3276505,doi:10.1145/3360576,doi:10.1007/978-3-030-81685-8_16,doi:10.1007/s10703-025-00479-0	doi:10.1145/2813885.2737975,doi:10.1145/2858965.2814297	C29-09; all 100 records title-screened; maximal-causal, SAT-directed, and release-acquire read-relative schedule quotients reopen the map; Crossref aliases were adjudicated once; snapshot screening/baseline-2026-08-04/crossref-closure-29-09.tsv
2026-08-04	search	closure-replacement-29	Crossref REST API	observer conditioned dynamic partial order reduction future read	query	3304026	100	doi:10.1145/1040305.1040315,doi:10.1145/3158119,doi:10.1145/3360550,doi:10.1145/2535838.2535845,doi:10.1145/3498711,doi:10.1016/j.jss.2023.111730,doi:10.1007/978-3-031-37706-8_12,doi:10.1145/3293882.3338987	doi:10.1145/1047659.1040315,doi:10.1145/3293882.3330565	C29-10; all 100 records title-screened; value-happens-before supplies an exact exponentially coarser observation quotient, while the doctoral-symposium item is supporting only; snapshot screening/baseline-2026-08-04/crossref-closure-29-10.tsv
2026-08-04	search	closure-replacement-29	Crossref REST API	dynamic cone influence concurrent model checking property reduction	query	6020708	100	doi:10.1007/978-3-032-06847-7_9,doi:10.1145/2737924.2737975,doi:10.1145/2043556.2043582,doi:10.1002/spe.2321	-	C29-11; all 100 records title-screened; dynamic interface behavior and multi-property cone labeling reopen the finite-observer and property-relative boundary; snapshot screening/baseline-2026-08-04/crossref-closure-29-11.tsv
2026-08-04	search	closure-replacement-29	Crossref REST API	requested root selection input fiber residual dataflow graph	query	1556393	100	-	-	C29-12; all 100 records title-screened; dataflow compilation, architecture, graph processing, and unrelated residual-graph records yielded no requested-root observation or caller-input-fiber work; one blank-title fluid-simulation grant was a nonpublication; snapshot screening/baseline-2026-08-04/crossref-closure-29-12.tsv
2026-08-04	audit	closure-primary-screen-29	Complete primary title screen	closure-primary-screen-round-29	audit	1200	1200	doi:10.1109/csmr.2003.1192425,doi:10.1109/iccq65694.2025.11314570,doi:10.1109/tse.2017.2659751,doi:10.1109/sefm.2007.43,doi:10.1109/tse.2026.3667998,doi:10.1145/2737924.2737971,doi:10.1017/s0956796816000216,doi:10.1007/978-3-540-27793-4_15,doi:10.1109/etfa.2013.6648063,doi:10.1109/tii.2022.3200598,doi:10.1145/2737924.2737975,doi:10.1145/2814270.2814297,doi:10.1145/3276505,doi:10.1145/3360550,doi:10.1145/2043556.2043582,doi:10.1002/spe.2321	-	Primary screener parsed and title-screened all 1200 records, verified 12 files with 100 unique ranks and identifiers, primary-checked decisive additions, and determined that round 29 reopens and round 30 must retire unexecuted
2026-08-04	audit	closure-independent-audit-29a	Independent reviewer complete title audit	closure-independent-audit-round-29-a	audit	1200	1200	doi:10.1109/csmr.2003.1192425,doi:10.1109/tse.2017.2659751,doi:10.1145/2737924.2737971,doi:10.1017/s0956796816000216,doi:10.1109/etfa.2013.6648063,doi:10.1145/2737924.2737975,doi:10.1145/3360550	-	Independent reviewer parsed and screened all 1200 occurrences, counted 1078 unique identifiers and 985 unique nonblank normalized titles, resolved eight blank-title grants or datasets, independently reopened the map, and confirmed no exact caller-input observer-fiber enumerator
2026-08-04	snowball	round29-critical-chases	Exact SRI-hosted primary bibliography	DOI:10.1109/CSMR.2003.1192425	backward	11	11	doi:10.1109/icsm.2000.883045	-	seed-key:doi:10.1109/csmr.2003.1192425; primary-complete; the full paper has references 1--11 and the publisher-deposited keys form a bijection over all eleven despite API reordering; exact conditional-compilation antecedents reopen the lineage; snapshot screening/baseline-2026-08-04/primary-latendresse2003conditional-backward.tsv
2026-08-04	snowball	round29-critical-chases	OpenCitations COCI and Meta APIs	DOI:10.1109/CSMR.2003.1192425	forward	9	9	doi:10.1109/csmr.2004.1281417	-	seed-key:doi:10.1109/csmr.2003.1192425; complete exact-DOI response; the convergent conditional-value rewrite successor strengthens the exact symbolic-preprocessing lineage; snapshot screening/baseline-2026-08-04/opencitations-latendresse2003conditional-forward.tsv
2026-08-04	snowball	round29-critical-chases	Exact author-linked primary bibliography	DOI:10.1109/TSE.2017.2659751	backward	67	67	t:redundantstatedetectionfordynamicsymbolicexecution	-	seed-key:doi:10.1109/tse.2017.2659751; primary-complete; the version-of-record full text has references 1--67 and publisher-deposited keys form a bijection over all entries; sound observation-directed DSE pruning reopens the lineage; snapshot screening/baseline-2026-08-04/primary-yi2018postconditioned-backward.tsv
2026-08-04	snowball	round29-critical-chases	OpenCitations COCI and Meta APIs	DOI:10.1109/TSE.2017.2659751	forward	25	25	doi:10.1007/978-3-030-88806-0_3	-	seed-key:doi:10.1109/tse.2017.2659751; complete exact-DOI response; backward loop folding is retained as a supporting property-directed reduction rather than an exact observer-fiber enumerator; snapshot screening/baseline-2026-08-04/opencitations-yi2018postconditioned-forward.tsv
2026-08-04	snowball	round29-critical-chases	Exact primary bibliography	DOI:10.1145/2737924.2737971	backward	37	37	doi:10.1145/2384616.2384655,doi:10.1007/978-3-662-46669-8_33	-	seed-key:doi:10.1145/2737924.2737971; primary-complete; all 37 bibliography entries were reconciled title by title and the cited CoRR version was restored from a misleading self-DOI mapping; higher-order contract and solver-generated functional-input antecedents reopen the lineage; snapshot screening/baseline-2026-08-04/primary-nguyen2015counterexamples-backward.tsv
2026-08-04	snowball	round29-critical-chases	OpenCitations COCI and Meta APIs	DOI:10.1145/2737924.2737971	forward	27	27	doi:10.4230/lipics.fscd.2020.27,doi:10.1145/3158139,doi:10.1145/3689788,doi:10.1145/3276531	doi:10.1145/2813885.2737971	seed-key:doi:10.1145/2737924.2737971; complete exact-DOI response; bounded complete game semantics and sound contract and semantic-type successors reopen the higher-order lineage, while publication aliases were adjudicated once; snapshot screening/baseline-2026-08-04/opencitations-nguyen2015counterexamples-forward.tsv
2026-08-04	snowball	round29-critical-chases	Exact author-hosted primary bibliography	DOI:10.1145/3360550	backward	53	53	doi:10.1007/978-3-662-46681-0_28,doi:10.1145/2983990.2984025,doi:10.4230/lipics.ecoop.2017.16,doi:10.1145/3158105	-	seed-key:doi:10.1145/3360550; primary-complete; all 53 reference paragraphs in the author-hosted PACMPL full text were enumerated; weak-memory and static-dependency causal reductions reopen the lineage; snapshot screening/baseline-2026-08-04/primary-chatterjee2019valuecentric-backward.tsv
2026-08-04	snowball	round29-critical-chases	OpenCitations COCI and Meta APIs	DOI:10.1145/3360550	forward	23	23	doi:10.1145/3632873,doi:10.1145/3591251	-	seed-key:doi:10.1145/3360550; complete exact-DOI response with every citing identifier metadata-resolved; coarser causal equivalence and optimal reads-from consistency work reopen the lineage; snapshot screening/baseline-2026-08-04/opencitations-chatterjee2019valuecentric-forward.tsv
2026-08-04	snowball	round29-critical-chases	Exact PLDI primary bibliography	DOI:10.1145/2737924.2737975	backward	34	34	doi:10.1007/978-3-662-46681-0_28	-	seed-key:doi:10.1145/2737924.2737975; primary-complete; the contiguous references 1--34 in the full PLDI paper were enumerated; weak-memory stateless checking supplies the immediate model boundary; snapshot screening/baseline-2026-08-04/primary-huang2015mcr-backward.tsv
2026-08-04	snowball	round29-critical-chases	OpenCitations COCI and Meta APIs	DOI:10.1145/2737924.2737975	forward	64	64	doi:10.1145/2983990.2984025,doi:10.4230/lipics.ecoop.2017.16,doi:10.1145/3158105	-	seed-key:doi:10.1145/2737924.2737975; complete exact-DOI response with every citing identifier metadata-resolved; weak-memory and dependency-guided successors reopen the causal-reduction lineage; snapshot screening/baseline-2026-08-04/opencitations-huang2015mcr-forward.tsv
2026-08-04	snowball	round29-critical-chases	Exact publisher-deposited bibliography	DOI:10.1109/ICCQ65694.2025.11314570	backward	16	16	doi:10.1145/3290379,doi:10.1145/3092282.3092295	-	seed-key:doi:10.1109/iccq65694.2025.11314570; primary-complete; the IEEE-deposited keys ref1--ref16 were all resolved, including five non-DOI entries and the artifact; the JavaScript symbolic-execution lineage was already adjacent rather than an observer-fiber result; snapshot screening/baseline-2026-08-04/primary-menshutin2025pathminimal-backward.tsv
2026-08-04	snowball	round29-critical-chases	OpenCitations COCI and Meta APIs	DOI:10.1109/ICCQ65694.2025.11314570	forward	0	0	-	-	seed-key:doi:10.1109/iccq65694.2025.11314570; complete zero-record exact-DOI response; the recent-work zero is recorded but is not a saturation claim; snapshot screening/baseline-2026-08-04/opencitations-menshutin2025pathminimal-forward.tsv
2026-08-04	search	closure-replacement-31	Crossref REST API	path minimal objects symbolic execution input object	query	906561	100	doi:10.1109/iccq65694.2025.11314570,doi:10.1109/saner67736.2026.00112,doi:10.1109/sefm.2007.43,doi:10.1109/tse.2017.2659751,doi:10.1109/tse.2026.3667998,doi:10.1109/cscwd68734.2026.11582111	-	C31-01; all 100 records title-screened; the known path-minimal, path-optimal, case-optimal, and postconditioned lines dominate, while recent dataflow-based path pruning for hardware verification is retained as a title-level close candidate and reopens the map; snapshot screening/baseline-2026-08-04/crossref-closure-31-01.tsv
2026-08-04	search	closure-replacement-31	Crossref REST API	case optimal symbolic heap strong property	query	4063745	100	doi:10.1109/sefm.2007.43,doi:10.1109/saner67736.2026.00112,doi:10.1007/978-3-662-49122-5_10,doi:10.1145/1869459.1869493,doi:10.1145/2259016.2259049,doi:10.1145/2950290.2983940,doi:10.1145/3510454.3528650	doi:10.1145/1932682.1869493	C31-02; all 100 records title-screened; demand-axiomatized and bottom-up heap summaries strengthen the reconciled heap lineages without adding an input-observer quotient; Kiasan, POSE, heap cloning, JBSE, and GARUDA were also screened; snapshot screening/baseline-2026-08-04/crossref-closure-31-02.tsv
2026-08-04	search	closure-replacement-31	Crossref REST API	postconditioned symbolic execution path redundancy	query	369523	100	doi:10.1109/tse.2017.2659751,doi:10.1109/iccq65694.2025.11314570,doi:10.1109/saner67736.2026.00112,doi:10.1109/tse.2026.3667998,doi:10.1109/cscwd68734.2026.11582111,doi:10.1109/iwast.2012.6228982	doi:10.1109/icst.2015.7102601	C31-03; all 100 records title-screened; the ICST paper is the conference predecessor of the retained expanded TSE article, and the recent hardware-dataflow title is the only new close candidate; snapshot screening/baseline-2026-08-04/crossref-closure-31-03.tsv
2026-08-04	search	closure-replacement-31	Crossref REST API	conditional value preprocessing symbolic evaluation	query	2838187	100	doi:10.1109/icsm.2000.883045,doi:10.1109/csmr.2003.1192425,doi:10.1109/csmr.2004.1281417,doi:10.1145/512950.512961	-	C31-04; all 100 records title-screened; exact conditional preprocessing works occupy ranks 1, 2, and 72; the historical global value graph adds a compact graph-native symbolic-flow precedent but not an input observer; snapshot screening/baseline-2026-08-04/crossref-closure-31-04.tsv
2026-08-04	search	closure-replacement-31	Crossref REST API	higher order symbolic counterexample functional input	query	2122564	100	-	-	C31-05; all 100 records title-screened; relevance ranking collapsed onto the Higher-Order and Symbolic Computation journal back catalog and exposed no functional-counterexample result or observer quotient; snapshot screening/baseline-2026-08-04/crossref-closure-31-05.tsv
2026-08-04	search	closure-replacement-31	Crossref REST API	symbolic execution game semantics open higher order	query	2463181	100	doi:10.1145/2384616.2384655,doi:10.1017/s0956796816000216,doi:10.1007/s10817-014-9319-8	doi:10.1145/2398857.2384655	C31-06; all 100 records title-screened; higher-order contracts and proof semantics were reconciled, including symbolic-execution proofs for higher-order store; the extra OOPSLA DOI is a container alias rather than a distinct work; snapshot screening/baseline-2026-08-04/crossref-closure-31-06.tsv
2026-08-04	search	closure-replacement-31	Crossref REST API	maximal causality reduction stateless model checking	query	3708955	100	doi:10.1145/2737924.2737975,doi:10.1145/2983990.2984025,doi:10.4230/lipics.ecoop.2017.16,doi:10.1007/978-3-662-46681-0_28,doi:10.1145/2737924.2737956,doi:10.1145/1375581.1375625,doi:10.1145/3158105,doi:10.1145/2814270.2814297,doi:10.1145/3276505,doi:10.1145/3360576,doi:10.1007/s10703-025-00479-0	doi:10.1145/2813885.2737975,doi:10.1145/3022671.2984025,doi:10.1145/2813885.2737956,doi:10.1145/1379022.1375625,doi:10.1145/2858965.2814297	C31-07; all 100 records title-screened; fair stateless checking and sound DPOR for joint scheduling/store-buffer nondeterminism strengthen the schedule line; maximal-causal, SAT-directed, release-acquire, and reads-from variants and their aliases were reconciled once; snapshot screening/baseline-2026-08-04/crossref-closure-31-07.tsv
2026-08-04	search	closure-replacement-31	Crossref REST API	value happens before dynamic partial order reduction	query	3088792	100	doi:10.1145/2688500.2688533,doi:10.1145/2737924.2737956,doi:10.1145/3360550,doi:10.1145/1040305.1040315,doi:10.1145/2535838.2535845,doi:10.1145/3073408,doi:10.1145/3158119,doi:10.1145/3498711,doi:10.1016/j.jss.2023.111730,doi:10.1145/3591243,doi:10.1007/978-3-319-95582-7_35	doi:10.1145/2858788.2688533,doi:10.1145/2813885.2737956,doi:10.1145/1047659.1040315,doi:10.1145/3293882.3330565	C31-08; all 100 records title-screened; lazy happens-before is a newly reconciled mutex-insensitive state equivalence and reopens the schedule-observation boundary; weak-memory, exact, conditional, approximate, and transaction variants were adjudicated; snapshot screening/baseline-2026-08-04/crossref-closure-31-08.tsv
2026-08-04	search	closure-replacement-31	Crossref REST API	dynamic interface reduction model checking observer	query	4857838	100	doi:10.1145/2043556.2043582,doi:10.1109/tse.2008.72,doi:10.1007/978-3-032-06847-7_9,doi:10.1007/978-3-642-00255-7_22,doi:10.1007/978-3-319-52234-0_14	doi:10.1145/1273463.1273471,doi:10.1145/1047659.1040315,doi:10.1145/2813885.2737975	C31-09; all 100 records title-screened; grammar-compiled component environments add a close analyst-supplied interface observer and reopen the map; other dynamic path, interface, and cone reductions were reconciled as supporting neighbors; snapshot screening/baseline-2026-08-04/crossref-closure-31-09.tsv
2026-08-04	search	closure-replacement-31	Crossref REST API	exact timed marking observation unobservable transitions	query	428466	100	doi:10.1109/access.2019.2894352,doi:10.1109/etfa.2013.6648063,doi:10.1016/j.ins.2023.119922,doi:10.1109/tsmc.2014.2353575,doi:10.1109/tii.2022.3200598,doi:10.1109/tsmc.2024.3357742,doi:10.1016/j.ins.2025.122618	doi:10.1109/etfa.2014.7005100	C31-10; all 100 records title-screened; exact minimum-initial, timed-state, silent-transition, and candidate-event estimators were already reconciled; the 2014 P-time paper is the conference predecessor of the retained journal work; snapshot screening/baseline-2026-08-04/crossref-closure-31-10.tsv
2026-08-04	search	closure-replacement-31	Crossref REST API	requested selection observer input partition residual	query	800157	100	-	-	C31-11; all 100 records title-screened; unknown-input control observers, fault residuals, and nontechnical homonyms yielded no requested selection observer or program-input partition; snapshot screening/baseline-2026-08-04/crossref-closure-31-11.tsv
2026-08-04	search	closure-replacement-31	Crossref REST API	totalized input fiber dataflow selection event	query	1226190	100	-	-	C31-12; all 100 records title-screened; dataflow architectures, event sensors, accelerator mappings, and a blank-title research grant yielded no totalized program observer or inverse caller-input fiber; snapshot screening/baseline-2026-08-04/crossref-closure-31-12.tsv
2026-08-04	audit	closure-primary-screen-31	Complete primary title screen	closure-primary-screen-round-31	audit	1200	1200	doi:10.1109/cscwd68734.2026.11582111,doi:10.1145/2688500.2688533,doi:10.1109/tse.2008.72,doi:10.1145/2737924.2737956,doi:10.1145/1869459.1869493,doi:10.1145/2259016.2259049,doi:10.1007/s10817-014-9319-8,doi:10.1145/512950.512961	-	Primary screener parsed and title-screened all 1200 occurrences, verified twelve 100-record files with unique ranks and identifiers, counted 1006 unique source identifiers and 899 unique nonblank normalized titles under the recorded normalization, resolved one blank-title grant, reopened the map, and retired frozen round 32 unexecuted
2026-08-04	audit	closure-independent-audit-31a	Independent adversarial complete title audit	closure-independent-audit-round-31-a	audit	1200	1200	doi:10.1109/cscwd68734.2026.11582111,doi:10.1145/2688500.2688533,doi:10.1109/tse.2008.72,doi:10.1145/2737924.2737956,doi:10.1145/1869459.1869493,doi:10.1145/2259016.2259049,doi:10.1007/s10817-014-9319-8,doi:10.1145/512950.512961	-	Reviewer independently parsed all twelve snapshots, screened every occurrence, confirmed the round reopens, identified the newly reconciled schedule, heap, interface, higher-order, and global-value neighbors, and found no direct requested-root caller-input-fiber work
2026-08-04	audit	closure-independent-audit-31b	Second independent complete title audit	closure-independent-audit-round-31-b	audit	1200	1200	doi:10.1109/cscwd68734.2026.11582111,doi:10.1145/2688500.2688533,doi:10.1109/tse.2008.72	-	Second reviewer independently screened all 1200 occurrences and found no additional close work beyond records already added to the live round-31 catalog; the reviewer classified remaining borderline titles as ordinary path, heap-tool, proof-semantic, or generic-POR neighbors and confirmed no direct target result
2026-08-04	search	closure-replacement-33	Crossref REST API	lazy happens before schedule state equivalence mutex	query	2473249	100	doi:10.1145/1869542.1869544,doi:10.1145/2632362.2632365,doi:10.1145/2688500.2688533	doi:10.1145/2858788.2688533	C33-01; all 100 records title-screened; explicit schedule abstraction and sound may-happen-before relevance strengthen the schedule-observer boundary, while lazy happens-before and its alias were already reconciled; snapshot screening/baseline-2026-08-04/crossref-closure-33-01.tsv
2026-08-04	search	closure-replacement-33	Crossref REST API	interface grammar modular model checking component stub	query	3846444	100	doi:10.1109/tse.2008.72,doi:10.1145/1869459.1869461	doi:10.1145/1273463.1273471,doi:10.1145/1932682.1869461	C33-02; all 100 records title-screened; modular glass-box checking safely groups similar states and substitutes component abstractions, reopening the map; interface-grammar and publication versions were adjudicated once; snapshot screening/baseline-2026-08-04/crossref-closure-33-02.tsv
2026-08-04	search	closure-replacement-33	Crossref REST API	dataflow based path pruning symbolic hardware verification	query	7021086	100	doi:10.1109/cscwd68734.2026.11582111,doi:10.1145/1108768.1108808,doi:10.1007/978-3-319-24953-7_18,doi:10.1145/3428245	doi:10.1145/1108792.1108808	C33-03; all 100 records title-screened; symbolic path simulation integrated with path-sensitive dataflow analysis and schedule or superoptimization pruning add close supporting boundaries, while no result emits the target observer fibers; snapshot screening/baseline-2026-08-04/crossref-closure-33-03.tsv
2026-08-04	search	closure-replacement-33	Crossref REST API	dynamic partial order relaxed memory store buffer	query	2207499	100	doi:10.1145/2737924.2737956,doi:10.1023/a:1011202615884,doi:10.1145/2345156.1993521,doi:10.1145/2632362.2632365,doi:10.1109/fmcad.2016.7886672	doi:10.1145/2813885.2737956,doi:10.1007/3-540-63166-6_33,doi:10.1145/1993316.1993521,doi:10.1145/1993498.1993521	C33-04; all 100 records title-screened; relaxed visibility decisively reopens the property-observer POR lineage, while partial-coherence and under-approximate hybrid variants sharpen exactness boundaries; aliases and the conference predecessor were reconciled; snapshot screening/baseline-2026-08-04/crossref-closure-33-04.tsv
2026-08-04	search	closure-replacement-33	Crossref REST API	demand driven axiomatization symbolic heap memory invariants	query	1290497	100	doi:10.1145/1869459.1869493,doi:10.1007/978-3-540-78800-3_28,doi:10.1145/3408984,doi:10.1145/3510454.3528650	doi:10.1145/1932682.1869493	C33-05; all 100 records title-screened; demand-driven symbolic heap, compositional, and higher-order evaluation mechanisms were already reconciled; other heap, invariant, and memory-demand homonyms add no observer quotient; snapshot screening/baseline-2026-08-04/crossref-closure-33-05.tsv
2026-08-04	search	closure-replacement-33	Crossref REST API	bottom up heap path data access summary	query	4445319	100	doi:10.1145/2259016.2259049	-	C33-06; all 100 records title-screened; the targeted heap-summary paper is rank one and the remaining results are nonprogramming bottom-up, data-access, or heap homonyms; one blank-title grant is nontechnical; snapshot screening/baseline-2026-08-04/crossref-closure-33-06.tsv
2026-08-04	search	closure-replacement-33	Crossref REST API	global value graph symbolic evaluation dataflow	query	4384299	100	doi:10.1145/512950.512961,doi:10.1145/224538.224570,doi:10.1145/2807702,doi:10.1145/3007898,doi:10.1145/1108768.1108808,doi:10.1109/cscwd68734.2026.11582111,doi:10.1109/ase.2013.6693083	doi:10.1145/1108792.1108808	C33-07; all 100 records title-screened; on-demand global propagation, value-state graphs, symbolic dataflow analyses, and path simulation strengthen representation and analysis precedents without adding the requested input partition; snapshot screening/baseline-2026-08-04/crossref-closure-33-07.tsv
2026-08-04	search	closure-replacement-33	Crossref REST API	fair stateless model checking schedule equivalence	query	3222775	100	doi:10.1145/1375581.1375625,doi:10.1145/3360576,doi:10.1007/978-3-030-81685-8_16,doi:10.1145/2737924.2737975,doi:10.1145/2814270.2814297,doi:10.1145/2889160.2891042,doi:10.1145/2983990.2984036,doi:10.1145/2814270.2814282,doi:10.1007/978-3-662-46681-0_28,doi:10.1145/3158105,doi:10.1007/s10703-025-00479-0	doi:10.1145/1379022.1375625,doi:10.1145/2813885.2737975,doi:10.1145/2858965.2814297,doi:10.1145/3022671.2984036,doi:10.1145/2858965.2814282,doi:10.1007/s00236-016-0275-0	C33-08; all 100 records title-screened; exact schedule quotients and fair or weak-memory variants were reconciled; preemption-point and event-driven records remain supporting rather than new observer-fiber mechanisms; snapshot screening/baseline-2026-08-04/crossref-closure-33-08.tsv
2026-08-04	search	closure-replacement-33	Crossref REST API	higher order store symbolic execution proof	query	1254124	100	doi:10.1007/s10817-014-9319-8,doi:10.1145/2384616.2384655,doi:10.1017/s0956796816000216	doi:10.1145/2398857.2384655	C33-09; all 100 records title-screened; the higher-order-store proof and contract lineages were already reconciled and the remaining retrieval is journal-title noise; snapshot screening/baseline-2026-08-04/crossref-closure-33-09.tsv
2026-08-04	search	closure-replacement-33	Crossref REST API	path generalization input decomposition symbolic execution	query	692541	100	doi:10.1016/j.infsof.2014.07.012,doi:10.1109/csit56902.2022.10000433,doi:10.1145/3798243,doi:10.1109/iccq65694.2025.11314570,doi:10.1109/saner67736.2026.00112,doi:10.1109/tse.2017.2659751,doi:10.1109/tse.2026.3667998,doi:10.1145/2786805.2786830,doi:10.1109/cscwd68734.2026.11582111	-	C33-10; all 100 records title-screened; infeasible-path generalization and input clustering or grammar guidance are retained at their evidence tiers, while exact path and summary mechanisms were already reconciled; three blank supplemental-dataset versions are nonpublications; snapshot screening/baseline-2026-08-04/crossref-closure-33-10.tsv
2026-08-04	search	closure-replacement-33	Crossref REST API	requested root event observer caller input fiber	query	1011774	100	-	-	C33-11; all 100 records title-screened; control-theory event observers, caller-ID records, and input-control homonyms yielded no requested-root program observer or caller-input fiber; snapshot screening/baseline-2026-08-04/crossref-closure-33-11.tsv
2026-08-04	search	closure-replacement-33	Crossref REST API	sparse selection observation residual dataflow	query	848686	100	doi:10.1145/202529.202535	doi:10.1145/202530.202535	C33-12; all 100 records title-screened; sparse-dataflow-analysis representations are retained as a conventional static-analysis boundary; accelerator, sparse-learning, and observation-selection homonyms add no target result, and two blank-title grants are nontechnical; snapshot screening/baseline-2026-08-04/crossref-closure-33-12.tsv
2026-08-04	audit	closure-primary-screen-33	Complete primary title screen	closure-primary-screen-round-33	audit	1200	1200	doi:10.1145/1869542.1869544,doi:10.1145/2632362.2632365,doi:10.1023/a:1011202615884,doi:10.1145/1108768.1108808,doi:10.1145/1869459.1869461,doi:10.1145/2345156.1993521,doi:10.1145/2807702,doi:10.1016/j.infsof.2014.07.012,doi:10.1109/csit56902.2022.10000433,doi:10.1145/3798243,doi:10.1145/3428245	-	Primary screener parsed and title-screened all 1200 occurrences, verified twelve 100-record snapshots, counted 1192 unique identifiers, resolved six blank-title grants or datasets, reopened the map, and retired frozen round 34 unexecuted
2026-08-04	audit	closure-independent-audit-33a	Independent complete title audit	closure-independent-audit-round-33-a	audit	1200	1200	doi:10.1023/a:1011202615884,doi:10.1145/2632362.2632365,doi:10.1145/1108768.1108808,doi:10.1145/1869459.1869461,doi:10.1145/2345156.1993521	-	Reviewer independently parsed and screened all 1200 occurrences, identified relaxed visibility as a decisive plausible competitor, confirmed six blank metadata artifacts, reopened the map, and found no direct requested-root caller-input-fiber work
2026-08-04	audit	closure-independent-audit-33b	Second independent adversarial complete title audit	closure-independent-audit-round-33-b	audit	1200	1200	doi:10.1145/1869542.1869544,doi:10.1145/2632362.2632365,doi:10.1023/a:1011202615884,doi:10.1145/1108768.1108808,doi:10.1145/1869459.1869461,doi:10.1145/2345156.1993521,doi:10.1145/2807702,doi:10.1016/j.infsof.2014.07.012,doi:10.1109/csit56902.2022.10000433,doi:10.1145/3798243,doi:10.1145/3428245	-	Second reviewer independently screened every occurrence, matched the integrated schedule, state-grouping, dataflow, and path-reduction set, required explicit adjudication of weaker candidates, reopened the map, and found no direct target result
2026-08-04	snowball	closure-primary-33	Primary paper bibliography	DOI:10.1023/A:1011202615884	backward	19	19	doi:10.1007/3-540-56922-7_36,doi:10.1109/lics.1996.561357,doi:10.1007/bf02252682,doi:10.1016/0304-3975(92)90054-j,doi:10.1109/lics.1991.151664,doi:10.1007/bf00121262,doi:10.1007/bf00709154,doi:10.1007/3-540-56922-7_33	-	seed-key:doi:10.1023/a:1011202615884; primary-complete; exact journal bibliography entries 1--19 title-screened against the publisher record; snapshot screening/baseline-2026-08-04/primary-peled2001relaxedvisibility-backward.tsv
2026-08-04	snowball	closure-citations-33	OpenCitations COCI API	DOI:10.1023/A:1011202615884	forward	17	17	doi:10.1007/978-3-319-45994-3_7,doi:10.1007/s10703-006-0006-1,doi:10.1007/s10703-011-0126-0,doi:10.3233/fi-2011-613,doi:10.1007/978-3-642-04761-9_4,doi:10.1007/978-3-030-94583-1_8	doi:10.1007/978-3-642-13675-7_5	seed-key:doi:10.1023/a:1011202615884; exact DOI citation response with all 17 records metadata-resolved and title-screened; property-driven stubborn sets decisively extend the observer-sensitive POR boundary; the 2010 optimal-stubborn-set paper is the conference predecessor of the retained 2011 journal article; snapshot screening/baseline-2026-08-04/opencitations-peled2001relaxedvisibility-forward.tsv
2026-08-04	search	closure-replacement-35	Crossref REST API	safety property driven stubborn sets	query	1725695	100	doi:10.1007/978-3-319-45994-3_7,doi:10.3233/fi-2011-613,doi:10.1007/3-540-48745-x_4,doi:10.1007/s10703-005-4594-y,doi:10.1007/978-3-642-31131-4_13,doi:10.1109/acsd.2011.25,doi:10.1007/978-3-319-51046-0_6,doi:10.1007/s10009-017-0481-2,doi:10.3233/fi-2021-2001,doi:10.1007/978-3-642-21834-7_14	doi:10.1007/978-3-642-13675-7_5,doi:10.1007/3-540-69108-1_8,doi:10.1007/3-540-53863-1_36	C35-01; all 100 records title-screened; property-specific and fair-testing stubborn-set variants reopen the schedule-observer boundary, while optimal and early versions were reconciled once; snapshot screening/baseline-2026-08-04/crossref-closure-35-01.tsv
2026-08-04	search	closure-replacement-35	Crossref REST API	question guided stubborn set state properties	query	4767423	100	doi:10.1007/s10703-006-0006-1,doi:10.1007/978-3-319-51046-0_13,doi:10.1007/3-540-58152-9_30,doi:10.1007/3-540-58152-9_28,doi:10.1007/3-540-55676-1_25,doi:10.1109/acsd.2011.25	doi:10.1007/3-540-44988-4_17,doi:10.7146/dpb.v29i543.7077	C35-02; all 100 records title-screened; the improved question-guided records are predecessors of the retained journal article, and additional symbolic, sleep-set, process-algebra, and weak-stubborn variants strengthen the existing POR cluster; snapshot screening/baseline-2026-08-04/crossref-closure-35-02.tsv
2026-08-04	search	closure-replacement-35	Crossref REST API	transparent partial order reduction invisible actions	query	1545374	100	doi:10.1007/s10703-011-0126-0,doi:10.1007/978-3-642-02658-4_31,doi:10.1007/978-3-319-95582-7_35,doi:10.1145/3293882.3338987,doi:10.1145/2535838.2535845,doi:10.1145/1040305.1040315,doi:10.1109/fmcad.2016.7886672,doi:10.1145/3603288.3603296	doi:10.1145/2578855.2535845	C35-03; all 100 records title-screened; transparent, monotonic, conditional, approximate, bounded, and dynamic POR records were adjudicated, including the optimal-DPOR journal alias; seven blank-title grants are nonpublications; snapshot screening/baseline-2026-08-04/crossref-closure-35-03.tsv
2026-08-04	search	closure-replacement-35	Crossref REST API	optimal stubborn sets representative interleavings	query	614863	100	doi:10.3233/fi-2011-613,doi:10.1007/978-3-319-45994-3_7,doi:10.1007/3-540-48745-x_4,doi:10.1007/s10703-005-4594-y,doi:10.1007/978-3-642-31131-4_13,doi:10.1109/acsd.2011.25,doi:10.1007/978-3-319-51046-0_6,doi:10.1007/s10009-017-0481-2,doi:10.3233/fi-2021-2001,doi:10.1007/978-3-642-21834-7_14	doi:10.1007/978-3-642-13675-7_5,doi:10.1007/3-540-69108-1_8,doi:10.1007/3-540-53863-1_36	C35-04; all 100 records title-screened; targeted stubborn-set optimality and property variants match C35-01 and add no caller-input observer; snapshot screening/baseline-2026-08-04/crossref-closure-35-04.tsv
2026-08-04	search	closure-replacement-35	Crossref REST API	automata driven partial order reduction guided LTL	query	2093308	100	doi:10.1007/978-3-030-94583-1_8,doi:10.1016/j.scico.2010.02.008,doi:10.1007/s10817-017-9418-4,doi:10.1007/978-3-319-13338-6_20,doi:10.1093/logcom/exw004,doi:10.1016/j.tcs.2009.03.002,doi:10.1007/978-3-642-20398-5_29,doi:10.1007/978-3-642-02658-4_31,doi:10.1007/978-3-319-95582-7_35,doi:10.1145/3603288.3603296	doi:10.1007/978-3-642-00255-7_21,doi:10.1007/978-3-319-40648-0_23	C35-05; all 100 records title-screened; state/event, executable, multicore, next-time, and partial-snapshot LTL variants reopen and broaden the explicit property-directed POR lineage; publication predecessors were reconciled once; snapshot screening/baseline-2026-08-04/crossref-closure-35-05.tsv
2026-08-04	search	closure-replacement-35	Crossref REST API	relaxed visibility partial order observer property	query	1092559	100	doi:10.1023/a:1011202615884,doi:10.1145/2737924.2737956,doi:10.1145/2345156.1993521,doi:10.1016/j.ipl.2007.11.015	doi:10.1007/3-540-63166-6_33,doi:10.1145/2813885.2737956,doi:10.1145/1993316.1993521,doi:10.1145/1993498.1993521	C35-06; all 100 records title-screened; relaxed-visibility and weak-memory versions were already reconciled, while safety-property-directed search adds a supporting POR comparator; snapshot screening/baseline-2026-08-04/crossref-closure-35-06.tsv
2026-08-04	search	closure-replacement-35	Crossref REST API	symbolic path simulation dataflow feasibility	query	1436924	100	doi:10.1145/1108768.1108808,doi:10.1007/978-3-030-02215-0_3,doi:10.1109/cscwd68734.2026.11582111,doi:10.1109/icsess47205.2019.9040767,doi:10.1007/11823230_27,doi:10.1145/2771284.2771285,doi:10.1109/ase.2013.6693083,doi:10.1145/3007898,doi:10.1109/iccq65694.2025.11314570	doi:10.1109/fdl.2017.8303894,doi:10.1145/1108792.1108808	C35-07; all 100 records title-screened; synchronous-dataflow symbolic simulation with timers is a newly reconciled close program-model boundary, and path-feasibility/dataflow integrations remain supporting neighbors; one blank-title grant is nontechnical; snapshot screening/baseline-2026-08-04/crossref-closure-35-07.tsv
2026-08-04	search	closure-replacement-35	Crossref REST API	modular glass box similar states abstraction	query	1370503	100	doi:10.1145/1869459.1869461,doi:10.1145/222124.222139	doi:10.1145/1932682.1869461,doi:10.1145/222132.222139	C35-08; all 100 records title-screened; modular glass-box versions were reconciled and an older modular state-abstraction boundary was retained without a requested input observer; snapshot screening/baseline-2026-08-04/crossref-closure-35-08.tsv
2026-08-04	search	closure-replacement-35	Crossref REST API	explicit happens before schedule abstraction	query	331581	100	doi:10.1145/1869542.1869544,doi:10.1007/s11704-015-4492-4,doi:10.1007/s11241-023-09398-x	doi:10.1109/tase.2013.24,doi:10.1109/rtas54340.2022.00018	C35-09; all 100 records title-screened; explicit happens-before and schedule-abstraction POR records strengthen schedule-observer boundaries; the 2022 schedule-POR article is the conference predecessor of the retained 2023 journal treatment; most retrieval is nontechnical homonym noise; snapshot screening/baseline-2026-08-04/crossref-closure-35-09.tsv
2026-08-04	search	closure-replacement-35	Crossref REST API	infeasible path generalization symbolic input	query	474249	100	doi:10.1016/j.infsof.2014.07.012,doi:10.1109/icsess47205.2019.9040767,doi:10.1109/issre55969.2022.00054,doi:10.1109/qrs.2016.26,doi:10.1109/iccq65694.2025.11314570	doi:10.1109/icst.2010.13	C35-10; all 100 records title-screened; explanation, learning, and graph-transformation variants prune infeasible paths rather than enumerate exact event fibers; the conference predecessor of the retained generalization article was reconciled; snapshot screening/baseline-2026-08-04/crossref-closure-35-10.tsv
2026-08-04	search	closure-replacement-35	Crossref REST API	requested internal event observer caller input fiber	query	1371273	100	-	-	C35-11; all 100 records title-screened; unknown-input control observers, event-triggered control, caller identifiers, fiber sensors, and nontechnical homonyms yield no requested internal program event or caller-input fiber; snapshot screening/baseline-2026-08-04/crossref-closure-35-11.tsv
2026-08-04	search	closure-replacement-35	Crossref REST API	sparse dataflow selection residual observation	query	848686	100	doi:10.1145/202529.202535,doi:10.1007/978-3-319-10936-7_13	doi:10.1145/202530.202535	C35-12; all 100 records title-screened; conventional sparse pointer and reachability dataflow joins the existing representation boundary, while accelerator and statistical homonyms add no target result; two blank-title grants are nontechnical; snapshot screening/baseline-2026-08-04/crossref-closure-35-12.tsv
2026-08-04	audit	closure-primary-screen-35	Complete primary title screen	closure-primary-screen-round-35	audit	1200	1200	doi:10.1007/3-540-48745-x_4,doi:10.1007/s10703-005-4594-y,doi:10.1007/978-3-642-31131-4_13,doi:10.1016/j.scico.2010.02.008,doi:10.1007/978-3-030-02215-0_3,doi:10.1109/acsd.2011.25,doi:10.1007/s10817-017-9418-4,doi:10.1093/logcom/exw004,doi:10.1016/j.tcs.2009.03.002,doi:10.1109/icsess47205.2019.9040767,doi:10.1007/11823230_27,doi:10.1145/2771284.2771285,doi:10.1109/issre55969.2022.00054,doi:10.1109/qrs.2016.26	doi:10.1007/978-3-642-13675-7_5,doi:10.1007/3-540-69108-1_8,doi:10.1007/3-540-44988-4_17,doi:10.7146/dpb.v29i543.7077,doi:10.1007/978-3-642-00255-7_21,doi:10.1109/fdl.2017.8303894,doi:10.1109/icst.2010.13	Primary screener parsed and title-screened all 1200 occurrences, verified twelve 100-record snapshots with unique ranks and identifiers, counted 1108 unique identifiers and 1006 unique nonblank normalized titles under the recorded normalization, resolved ten blank grant occurrences, conservatively reopened the map, and retired frozen round 36 unexecuted
2026-08-04	audit	closure-independent-audit-35a	Independent complete title audit	closure-independent-audit-round-35-a	audit	1200	1200	doi:10.1007/978-3-319-45994-3_7,doi:10.1007/s10703-006-0006-1,doi:10.1007/s10703-011-0126-0,doi:10.3233/fi-2011-613,doi:10.1007/978-3-030-94583-1_8,doi:10.1145/1108768.1108808,doi:10.1145/1869459.1869461,doi:10.1145/1869542.1869544,doi:10.1016/j.infsof.2014.07.012	-	Reviewer independently screened all 1200 occurrences, counted 1108 unique identifiers and 1009 unique nonblank normalized titles, resolved ten blank grant occurrences, classified the uncataloged POR and path records as variants within established clusters, reported prospective no-add, and found no direct target work
2026-08-04	audit	closure-independent-audit-35b	Second independent adversarial complete title audit	closure-independent-audit-round-35-b	audit	1200	1200	doi:10.1007/3-540-48745-x_4,doi:10.1007/s10703-005-4594-y,doi:10.1007/978-3-642-31131-4_13,doi:10.1016/j.scico.2010.02.008,doi:10.1007/978-3-030-02215-0_3,doi:10.1109/acsd.2011.25,doi:10.1007/s10817-017-9418-4,doi:10.1093/logcom/exw004,doi:10.1016/j.tcs.2009.03.002,doi:10.1109/icsess47205.2019.9040767,doi:10.1007/11823230_27,doi:10.1145/2771284.2771285,doi:10.1109/issre55969.2022.00054,doi:10.1109/qrs.2016.26	doi:10.1007/978-3-642-13675-7_5,doi:10.1007/3-540-69108-1_8,doi:10.1007/3-540-44988-4_17,doi:10.7146/dpb.v29i543.7077,doi:10.1007/978-3-642-00255-7_21,doi:10.1109/fdl.2017.8303894,doi:10.1109/icst.2010.13	Second reviewer independently parsed and screened every occurrence, counted 1108 unique identifiers and 1009 unique nonblank normalized titles, resolved ten blank grant occurrences, required reopen for explicit property-specific POR and synchronous-dataflow simulation boundaries, and found no direct caller-input-fiber construction; conservative adjudication accepts this reopen classification
2026-08-04	search	closure-replacement-37	Crossref REST API	stubborn sets standard linear time state event property	query	5302078	100	doi:10.1007/3-540-48745-x_4,doi:10.1007/s10703-005-4594-y,doi:10.1007/978-3-642-31131-4_13,doi:10.1016/j.scico.2010.02.008,doi:10.1145/2680541,doi:10.1023/a:1008629725384,doi:10.1007/978-3-319-67089-8_12,doi:10.3233/fi-2021-2001	-	C37-01; all 100 records title-screened; timed and frozen-action stubborn-set variants strengthen the property-POR cluster without producing caller-input fibers; snapshot screening/baseline-2026-08-04/crossref-closure-37-01.tsv
2026-08-04	search	closure-replacement-37	Crossref REST API	synchronous dataflow symbolic simulation timers selection	query	1573390	100	doi:10.1007/978-3-030-02215-0_3,doi:10.1016/s1571-0661(05)80436-0,doi:10.22152/programming-journal.org/2021/5/12,doi:10.1006/inco.2000.9999	doi:10.1109/fdl.2017.8303894	C37-02; all 100 records title-screened; early synchronous symbolic simulation plus transparent and compositional synchronous-dataflow language work decisively reopen the direct program-model boundary; snapshot screening/baseline-2026-08-04/crossref-closure-37-02.tsv
2026-08-04	search	closure-replacement-37	Crossref REST API	compositional weak stubborn sets fair testing	query	928702	100	doi:10.1109/acsd.2011.25,doi:10.1007/s10009-017-0481-2,doi:10.3233/fi-2021-2001,doi:10.1007/978-3-319-67089-8_12,doi:10.1145/2680541,doi:10.1023/a:1008629725384	doi:10.1007/978-3-319-32582-8_16	C37-03; all 100 records title-screened; fair-testing conference and journal versions were reconciled once, while timed, weak, and frozen-action variants remain within schedule reduction; snapshot screening/baseline-2026-08-04/crossref-closure-37-03.tsv
2026-08-04	search	closure-replacement-37	Crossref REST API	LTL partial order snapshots next operator	query	1064275	100	doi:10.1016/j.tcs.2009.03.002,doi:10.1093/logcom/exw004,doi:10.1016/j.scico.2010.02.008,doi:10.1007/978-3-032-27879-1_9	doi:10.1007/978-3-642-00255-7_21,doi:10.1007/11691372_18	C37-04; all 100 records title-screened; the snapshot conference predecessor and a recent sweep-line LTL-POR work were explicitly reconciled; most retrieval is mathematical partial-order noise; snapshot screening/baseline-2026-08-04/crossref-closure-37-04.tsv
2026-08-04	search	closure-replacement-37	Crossref REST API	symbolic dataflow path feasibility iterative refinement	query	589898	100	doi:10.1145/1108768.1108808,doi:10.1007/11823230_27,doi:10.1109/icsess47205.2019.9040767,doi:10.1145/2771284.2771285,doi:10.1109/memcod.2014.6961838,doi:10.1145/2968478.2968489	-	C37-05; all 100 records title-screened; path-feasibility and abstraction-refinement dataflow analyses add supporting boundaries but no exact input observer; snapshot screening/baseline-2026-08-04/crossref-closure-37-05.tsv
2026-08-04	search	closure-replacement-37	Crossref REST API	infeasible path pruning graph transformation symbolic	query	988088	100	doi:10.1016/j.infsof.2014.07.012,doi:10.1109/issre55969.2022.00054,doi:10.1109/qrs.2016.26,doi:10.1109/desec.2018.8625128,doi:10.1109/date.2011.5763043,doi:10.1007/978-3-319-43144-4_3,doi:10.1007/978-3-540-69166-2_16,doi:10.1109/access.2019.2894593,doi:10.1109/rtas.2014.6926000	doi:10.1109/icst.2010.13	C37-06; all 100 records title-screened; synchronous WCRT, dynamic, refinement, constraint-pattern, and minimal-unsatisfiable-subset pruning mechanisms were reconciled as path objectives rather than observer fibers; snapshot screening/baseline-2026-08-04/crossref-closure-37-06.tsv
2026-08-04	search	closure-replacement-37	Crossref REST API	schedule abstraction partial order response time	query	3982612	100	doi:10.1007/s11241-023-09398-x,doi:10.1007/978-3-642-19835-9_31,doi:10.1145/1450058.1450060,doi:10.1007/s11241-017-9297-0	doi:10.1109/rtas54340.2022.00018	C37-07; all 100 records title-screened; expanded schedule-POR, event-order, delay-dependent, and SystemC lazy-abstraction variants strengthen schedule and state abstractions; snapshot screening/baseline-2026-08-04/crossref-closure-37-07.tsv
2026-08-04	search	closure-replacement-37	Crossref REST API	modular state abstraction similar executions	query	2341090	100	doi:10.1145/1869459.1869461,doi:10.1145/222124.222139,doi:10.1145/1529282.1529400,doi:10.1007/10692867_13,doi:10.1145/1555754.1555777,doi:10.1007/978-3-642-15769-1_22,doi:10.1109/tc.2009.187	doi:10.1145/222132.222139,doi:10.1145/1555815.1555777	C37-08; all 100 records title-screened; multiple-execution and modular abstraction-refinement works were explicitly bounded as state-level rather than caller-input quotients; snapshot screening/baseline-2026-08-04/crossref-closure-37-08.tsv
2026-08-04	search	closure-replacement-37	Crossref REST API	internal selection event inverse input image	query	2418827	100	-	-	C37-09; all 100 records title-screened; inverse imaging, event selection, and control homonyms yield no internal program-selection observer or input image; one blank-title grant is nontechnical; snapshot screening/baseline-2026-08-04/crossref-closure-37-09.tsv
2026-08-04	search	closure-replacement-37	Crossref REST API	requested site sparse observation exact guard	query	702140	100	-	-	C37-10; all 100 records title-screened; sensing, imaging, clinical-site, and statistical records yield no exact sparse program observer or guard; snapshot screening/baseline-2026-08-04/crossref-closure-37-10.tsv
2026-08-04	search	closure-replacement-37	Crossref REST API	caller input equivalence residual dataflow	query	299137	100	doi:10.1006/inco.1996.0012,doi:10.1006/inco.1997.2658	-	C37-11; all 100 records title-screened; dataflow-network schematological equivalence decisively reopens the network-semantics boundary but does not partition caller inputs under a requested site; one grant and four supplemental-dataset versions have blank titles; snapshot screening/baseline-2026-08-04/crossref-closure-37-11.tsv
2026-08-04	search	closure-replacement-37	Crossref REST API	selection observation fiber symbolic enumeration	query	1161451	100	doi:10.1109/icppw.2006.26	-	C37-12; all 100 records title-screened; ordinary symbolic path enumeration is the only programming-language neighbor, while the remainder is logic, imaging, biology, fiber, and statistical homonym noise; snapshot screening/baseline-2026-08-04/crossref-closure-37-12.tsv
2026-08-04	audit	closure-primary-screen-37	Complete primary title screen	closure-primary-screen-round-37	audit	1200	1200	doi:10.1016/s1571-0661(05)80436-0,doi:10.1006/inco.1996.0012,doi:10.1006/inco.1997.2658,doi:10.22152/programming-journal.org/2021/5/12,doi:10.1006/inco.2000.9999,doi:10.1109/date.2011.5763043,doi:10.1007/s11241-023-09398-x,doi:10.1007/978-3-642-19835-9_31,doi:10.1109/icppw.2006.26	doi:10.1109/fdl.2017.8303894,doi:10.1007/978-3-319-32582-8_16,doi:10.1007/11691372_18,doi:10.1109/rtas54340.2022.00018	Primary screener parsed and title-screened all 1200 occurrences, verified twelve 100-record snapshots with unique ranks and identifiers, counted 1166 unique identifiers and 1091 unique nonblank normalized titles under the recorded normalization, resolved six blank grant or dataset occurrences, reopened the map, and retired frozen round 38 unexecuted
2026-08-04	audit	closure-independent-audit-37a	Independent complete title audit	closure-independent-audit-round-37-a	audit	1200	1200	doi:10.1016/s1571-0661(05)80436-0,doi:10.1006/inco.1996.0012,doi:10.1006/inco.1997.2658,doi:10.1109/date.2011.5763043,doi:10.1007/s11241-023-09398-x,doi:10.1007/978-3-642-19835-9_31,doi:10.1109/icppw.2006.26,doi:10.1145/2680541,doi:10.1023/a:1008629725384	doi:10.1007/978-3-319-32582-8_16,doi:10.1007/11691372_18,doi:10.1109/rtas54340.2022.00018	Reviewer independently parsed and screened every occurrence, counted 1166 unique identifiers and 1093 unique nonblank normalized titles, resolved six blank grant or dataset occurrences, required reopen for the dataflow-equivalence and synchronous-program boundaries, and found no direct requested-observer fiber result
2026-08-04	audit	closure-independent-audit-37b	Second independent adversarial complete title audit	closure-independent-audit-round-37-b	audit	1200	1200	doi:10.1016/s1571-0661(05)80436-0,doi:10.1006/inco.1996.0012,doi:10.1006/inco.1997.2658,doi:10.22152/programming-journal.org/2021/5/12,doi:10.1006/inco.2000.9999,doi:10.1109/date.2011.5763043,doi:10.1007/s11241-023-09398-x,doi:10.1007/978-3-642-19835-9_31,doi:10.1145/2680541,doi:10.1023/a:1008629725384,doi:10.1007/978-3-032-27879-1_9	doi:10.1007/978-3-319-32582-8_16,doi:10.1007/11691372_18,doi:10.1109/rtas54340.2022.00018	Second reviewer independently screened all 1200 occurrences, counted 1166 unique identifiers and 1093 unique nonblank normalized titles, resolved six blank grant or dataset occurrences, required reopen across synchronous dataflow, dataflow equivalence, property POR, path pruning, and modular abstraction boundaries, and found no direct target construction
2026-08-04	search	closure-replacement-39	Crossref REST API	schematological equivalence dataflow networks partially interpreted	query	1450373	100	doi:10.1006/inco.1996.0012,doi:10.1006/inco.1997.2658,doi:10.3233/fi-1995-22128,doi:10.1007/bfb0013470,doi:10.1109/sfcs.1989.63474,doi:10.1109/lics.1992.185527,doi:10.1007/bfb0018344,doi:10.1016/0164-1212(91)90004-p,doi:10.1007/bfb0032041	-	C39-01; all 100 records title-screened; foundational algebraic, categorical, full-abstraction, calculus, relational, event, and stability treatments decisively reopen the dataflow-network semantics boundary; one repeated EU grant has no title; snapshot screening/baseline-2026-08-04/crossref-closure-39-01.tsv
2026-08-04	search	closure-replacement-39	Crossref REST API	symbolic simulation synchronous programs	query	1391104	100	doi:10.1016/s1571-0661(05)80436-0,doi:10.1007/978-3-030-02215-0_3,doi:10.1109/date.2003.1253608,doi:10.1145/1755952.1755960,doi:10.1109/isqed.2006.61	doi:10.1109/date.2003.1186386	C39-02; all 100 records title-screened; exact symbolic-state-space WCET, hybrid representation, and dependence-graph local simulation strengthen the synchronous symbolic boundary; duplicate WCET DOI reconciled once; snapshot screening/baseline-2026-08-04/crossref-closure-39-02.tsv
2026-08-04	search	closure-replacement-39	Crossref REST API	transparent synchronous dataflow compositionality	query	157030	100	doi:10.22152/programming-journal.org/2021/5/12,doi:10.1006/inco.2000.9999,doi:10.1007/3-540-49213-5_16,doi:10.1145/3211332.3211339,doi:10.1016/j.entcs.2006.02.024,doi:10.1145/3371112,doi:10.1145/3608102,doi:10.21236/ada538756	doi:10.1007/3-540-49213-5_3,doi:10.1145/3299710.3211339,doi:10.70675/0d242e5czfe16z49f6za04ezf51f4dabb08e,doi:10.70675/39a5d53bzce3fz4517z9ee1z77b5242313f9	C39-03; all 100 records title-screened; mixed-style and scenario-aware compositionality plus verified synchronous-dataflow semantics retained; preliminary, alias, and thesis versions reconciled to published records; snapshot screening/baseline-2026-08-04/crossref-closure-39-03.tsv
2026-08-04	search	closure-replacement-39	Crossref REST API	synchronous program infeasible path WCRT pruning	query	1026943	100	doi:10.1109/date.2011.5763043,doi:10.1145/2024724.2024837,doi:10.1109/date.2009.5090639,doi:10.1145/1629395.1629424,doi:10.1145/3126520	-	C39-04; all 100 records title-screened; reachability and WCRT-algebra variants strengthen the synchronous timing and infeasible-path boundary without producing caller-input fibers; snapshot screening/baseline-2026-08-04/crossref-closure-39-04.tsv
2026-08-04	search	closure-replacement-39	Crossref REST API	timed dataflow refinement reordering symbolic	query	136877	100	doi:10.1109/memcod.2014.6961838,doi:10.1145/2968478.2968489,doi:10.1016/j.jlamp.2021.100678	-	C39-05; all 100 records title-screened; timed dataflow verification and scheduling analyses remain state, timing, or throughput objectives rather than sparse observer partitions; snapshot screening/baseline-2026-08-04/crossref-closure-39-05.tsv
2026-08-04	search	closure-replacement-39	Crossref REST API	stubborn time real time Petri nets frozen actions	query	2404866	100	doi:10.1145/2680541,doi:10.1023/a:1008629725384,doi:10.1007/978-3-319-67089-8_12,doi:10.3233/fi-2021-2001,doi:10.1007/978-3-031-33620-1_19,doi:10.1007/3-540-69108-1_7	-	C39-06; all 100 records title-screened; experimental and colored-net stubborn-set variants retained inside the existing schedule-reduction cluster; snapshot screening/baseline-2026-08-04/crossref-closure-39-06.tsv
2026-08-04	search	closure-replacement-39	Crossref REST API	sweep line LTL partial order preservation	query	1399090	100	doi:10.1007/978-3-032-27879-1_9,doi:10.1007/978-3-642-31131-4_14	-	C39-07; all 100 records title-screened; hybrid on-the-fly LTL sweep-line checking is retained as a companion state-space method; snapshot screening/baseline-2026-08-04/crossref-closure-39-07.tsv
2026-08-04	search	closure-replacement-39	Crossref REST API	modular multiple execution abstraction refinement	query	1021359	100	doi:10.1109/isvlsi.2009.16,doi:10.1007/978-3-540-45069-6_27,doi:10.1145/1993316.1993567,doi:10.1109/fmcad.2007.4401989	doi:10.1145/2345156.1993567	C39-08; all 100 records title-screened; modular, pruning, and symbolic-trajectory abstraction-refinement variants remain state-level reductions; duplicate journal alias reconciled once; snapshot screening/baseline-2026-08-04/crossref-closure-39-08.tsv
2026-08-04	search	closure-replacement-39	Crossref REST API	caller input selection observation inverse fiber	query	1318969	100	-	-	C39-09; all 100 records title-screened; inverse problems, optical fibers, statistical selection, and other homonyms yield no caller-input observer fiber; snapshot screening/baseline-2026-08-04/crossref-closure-39-09.tsv
2026-08-04	search	closure-replacement-39	Crossref REST API	requested internal site sparse guard residual	query	1144306	100	-	-	C39-10; all 100 records title-screened; clinical, network, sensing, and machine-learning homonyms yield no requested internal program-site guard or residual; snapshot screening/baseline-2026-08-04/crossref-closure-39-10.tsv
2026-08-04	search	closure-replacement-39	Crossref REST API	exact observation image program inputs	query	1932306	100	-	doi:10.17760/d20328155	C39-11; all 100 records title-screened; the sole program-analysis ambiguity tracks behavior across a resource bound and is excluded after chase; remaining records are input, imaging, and statistical homonyms; three HFSP grants have blank titles; snapshot screening/baseline-2026-08-04/crossref-closure-39-11.tsv
2026-08-04	search	closure-replacement-39	Crossref REST API	dataflow observer fiber enumeration	query	505007	100	doi:10.1145/3608102	doi:10.70675/39a5d53bzce3fz4517z9ee1z77b5242313f9	C39-12; all 100 records title-screened; general dataflow semantics and systems plus biological or mathematical enumeration homonyms yield no observer-fiber construction; the repeated EU grant is blank; snapshot screening/baseline-2026-08-04/crossref-closure-39-12.tsv
2026-08-04	audit	closure-primary-screen-39	Complete primary title screen	closure-primary-screen-round-39	audit	1200	1200	doi:10.3233/fi-1995-22128,doi:10.1007/bfb0013470,doi:10.1109/sfcs.1989.63474,doi:10.1109/lics.1992.185527,doi:10.1007/bfb0018344,doi:10.1007/bfb0032041,doi:10.1109/date.2003.1253608,doi:10.1007/3-540-49213-5_16,doi:10.1145/3211332.3211339,doi:10.1145/3371112,doi:10.1145/3608102,doi:10.1145/2024724.2024837	doi:10.1109/date.2003.1186386,doi:10.1007/3-540-49213-5_3,doi:10.1145/3299710.3211339,doi:10.70675/0d242e5czfe16z49f6za04ezf51f4dabb08e,doi:10.70675/39a5d53bzce3fz4517z9ee1z77b5242313f9,doi:10.17760/d20328155,doi:10.1145/2345156.1993567	Primary screener parsed and title-screened all 1200 occurrences, verified twelve 100-record snapshots with unique ranks and identifiers, counted 1179 unique identifiers and 1088 unique nonblank normalized titles under NFKC casefold HTML-unescape whitespace and terminal-period normalization, resolved five blank grant occurrences, reopened the map, and retired frozen round 40 unexecuted
2026-08-04	audit	closure-independent-audit-39a	Independent complete title audit	closure-independent-audit-round-39-a	audit	1200	1200	doi:10.3233/fi-1995-22128,doi:10.1007/bfb0013470,doi:10.1109/sfcs.1989.63474,doi:10.1109/lics.1992.185527,doi:10.1007/bfb0018344,doi:10.1016/0164-1212(91)90004-p,doi:10.1007/bfb0032041,doi:10.1109/date.2003.1253608,doi:10.1145/1755952.1755960,doi:10.1109/isqed.2006.61,doi:10.1007/3-540-49213-5_16,doi:10.1145/3211332.3211339,doi:10.1145/3371112,doi:10.1145/3608102,doi:10.1145/2024724.2024837	doi:10.1109/date.2003.1186386,doi:10.1007/3-540-49213-5_3,doi:10.1145/3299710.3211339,doi:10.70675/0d242e5czfe16z49f6za04ezf51f4dabb08e,doi:10.70675/39a5d53bzce3fz4517z9ee1z77b5242313f9,doi:10.17760/d20328155	Reviewer independently parsed and screened every occurrence, counted 1179 unique identifiers and 1088 unique nonblank normalized titles, resolved five blank grant occurrences, required reopen for foundational dataflow semantics and synchronous symbolic boundaries, and found no direct requested-observer fiber result
2026-08-04	audit	closure-independent-audit-39b	Second independent adversarial complete title audit	closure-independent-audit-round-39-b	audit	1200	1200	doi:10.3233/fi-1995-22128,doi:10.1007/bfb0013470,doi:10.1109/sfcs.1989.63474,doi:10.1109/lics.1992.185527,doi:10.1007/bfb0018344,doi:10.1016/0164-1212(91)90004-p,doi:10.1007/bfb0032041,doi:10.1109/date.2003.1253608,doi:10.1145/1755952.1755960,doi:10.1109/isqed.2006.61,doi:10.1007/3-540-49213-5_16,doi:10.1145/3211332.3211339,doi:10.1145/3371112,doi:10.1145/3608102,doi:10.1145/2024724.2024837,doi:10.1109/date.2009.5090639,doi:10.1145/3126520	doi:10.1109/date.2003.1186386,doi:10.1007/3-540-49213-5_3,doi:10.1145/3299710.3211339,doi:10.70675/0d242e5czfe16z49f6za04ezf51f4dabb08e,doi:10.70675/39a5d53bzce3fz4517z9ee1z77b5242313f9,doi:10.17760/d20328155,doi:10.1145/2345156.1993567	Second reviewer independently screened all 1200 occurrences, counted 1179 unique identifiers and 1091 unique nonblank normalized titles, resolved five blank grant occurrences, required reopen across dataflow semantics, synchronous symbolic timing, composition, POR, and abstraction-refinement boundaries, and found no direct target construction
2026-08-04	search	closure-replacement-41	Crossref REST API	algebra calculus full abstraction dataflow networks	query	1792210	100	doi:10.1007/bf01186644,doi:10.1007/978-1-4471-3860-0_10,doi:10.1007/978-1-4471-3860-0_11,doi:10.1016/0890-5401(92)90043-f,doi:10.1016/0304-3975(81)90108-0,doi:10.1109/5.381846	doi:10.1007/s002360050029,doi:10.1007/bfb0022475	C41-01; all 100 records title-screened; fixed-point Petri-net composition, indeterminate fair merge, expressive power, and extensional deadlock semantics deepen the foundational dataflow cluster; duplicate article and conference versions reconciled; snapshot screening/baseline-2026-08-04/crossref-closure-41-01.tsv
2026-08-04	search	closure-replacement-41	Crossref REST API	compositional relational indeterminate dataflow semantics	query	159921	100	doi:10.1017/s0960129504004293,doi:10.1007/978-1-4471-3860-0_10,doi:10.1007/978-1-4471-3860-0_11,doi:10.1007/3-540-54415-1_47,doi:10.1007/978-3-642-13414-2_7	doi:10.7146/brics.v4i36.18962	C41-02; all 100 records title-screened; profunctor relational semantics, bisimulation, indeterminate fixed points, and compositional model hierarchies decisively reopen the semantics boundary; one blank grant is nontechnical; report predecessor reconciled to journal article; snapshot screening/baseline-2026-08-04/crossref-closure-41-02.tsv
2026-08-04	search	closure-replacement-41	Crossref REST API	dataflow networks fibrations stability sequentiality	query	1978258	100	doi:10.1109/lics.1991.151638,doi:10.1109/lics.1994.316082,doi:10.1017/cbo9780511770524.005	-	C41-03; all 100 records title-screened; sequentiality and firing-semantics variants reinforce the existing foundational network-semantics cluster; one repeated blank grant is nontechnical; snapshot screening/baseline-2026-08-04/crossref-closure-41-03.tsv
2026-08-04	search	closure-replacement-41	Crossref REST API	synchronous program symbolic state space WCET	query	3905155	100	doi:10.1016/j.sysarc.2024.103086,doi:10.1145/1629335.1629354,doi:10.14236/ewic/vecos2008.12,doi:10.1360/jos170628,doi:10.1145/2038642.2038692,doi:10.1145/3147413,doi:10.1007/978-3-642-29709-0_20	doi:10.70675/3aae1dacz8e78z4548zb112z283138654eb5	C41-04; all 100 records title-screened; procedure-argument-dependent WCET formulas and input-dependent branch conditions form a close conditional-summary boundary; 34 untitled WCET Journal issue or volume records are unrelated wound-care metadata; dissertation superseded by journal article; snapshot screening/baseline-2026-08-04/crossref-closure-41-04.tsv
2026-08-04	search	closure-replacement-41	Crossref REST API	synchronous dataflow compositional pattern matching	query	659394	100	doi:10.1145/331119.331418,doi:10.1111/j.1749-6632.1992.tb26038.x,doi:10.1145/3609131,doi:10.1145/215465.215582,doi:10.1109/tcad.2023.3239538,doi:10.1109/dsd.2018.00034,doi:10.1145/3127041.3127055	-	C41-05; all 100 records title-screened; language semantics, constructive state semantics, clock analysis, and compositional dataflow variants strengthen the synchronous boundary without supplying input fibers; snapshot screening/baseline-2026-08-04/crossref-closure-41-05.tsv
2026-08-04	search	closure-replacement-41	Crossref REST API	dependence graph local symbolic simulation equivalence	query	2191715	100	doi:10.1109/fpl.2012.6339261,doi:10.1109/icccas.2009.5250316,doi:10.1109/date.1998.655923,doi:10.1007/3-540-40922-x_26,doi:10.1093/ietfec/e88-a.12.3315,doi:10.29007/7b44	doi:10.1109/hpcs48598.2019.9188053	C41-06; all 100 records title-screened; symbolic-simulation equivalence variants and the retrieved later symbolic-observation-graph paper were chased; the fuller 2017 construction is retained and decisively reopens the observer boundary; snapshot screening/baseline-2026-08-04/crossref-closure-41-06.tsv
2026-08-04	search	closure-replacement-41	Crossref REST API	verified synchronous dataflow semantics state machines reset	query	2450006	100	doi:10.1145/3609131	doi:10.1145/3373108	C41-07; all 100 records title-screened; constructive state-machine semantics extends the existing verified synchronous-dataflow boundary; artifact-only duplicate excluded; snapshot screening/baseline-2026-08-04/crossref-closure-41-07.tsv
2026-08-04	search	closure-replacement-41	Crossref REST API	dataflow partially ordered events observer	query	491164	100	doi:10.29007/7b44	doi:10.1109/hpcs48598.2019.9188053	C41-08; all 100 records title-screened; event and observation variants were screened and chased to the symbolic-observation-graph state aggregation boundary; snapshot screening/baseline-2026-08-04/crossref-closure-41-08.tsv
2026-08-04	search	closure-replacement-41	Crossref REST API	exact internal selection observer caller inputs	query	1161294	100	-	-	C41-09; all 100 records title-screened; observer, caller, selection, and input homonyms yield no exact internal program-selection observer or caller-input fiber; snapshot screening/baseline-2026-08-04/crossref-closure-41-09.tsv
2026-08-04	search	closure-replacement-41	Crossref REST API	sparse selection observation inverse image guards	query	1786664	100	-	-	C41-10; all 100 records title-screened; imaging, sensing, statistics, and sparse-selection homonyms yield no requested program observer; one blank grant is nontechnical; snapshot screening/baseline-2026-08-04/crossref-closure-41-10.tsv
2026-08-04	search	closure-replacement-41	Crossref REST API	requested site residual input fiber	query	1059928	100	-	-	C41-11; all 100 records title-screened; site, residual, clinical, material, and fiber homonyms yield no sparse requested-site program residual or input fiber; one blank dataset is nontechnical; snapshot screening/baseline-2026-08-04/crossref-closure-41-11.tsv
2026-08-04	search	closure-replacement-41	Crossref REST API	dataflow selection map exact enumeration	query	730099	100	-	-	C41-12; all 100 records title-screened; dataflow, enumeration, and map-selection neighbors yield no exact internal-observation image and inverse-fiber construction; one repeated blank grant is nontechnical; snapshot screening/baseline-2026-08-04/crossref-closure-41-12.tsv
2026-08-04	audit	closure-primary-screen-41	Complete primary title screen	closure-primary-screen-round-41	audit	1200	1200	doi:10.1007/bf01186644,doi:10.1017/s0960129504004293,doi:10.1007/978-1-4471-3860-0_10,doi:10.1007/978-1-4471-3860-0_11,doi:10.1016/0890-5401(92)90043-f,doi:10.1016/0304-3975(81)90108-0,doi:10.1109/5.381846,doi:10.1145/3609131,doi:10.1016/j.sysarc.2024.103086,doi:10.29007/7b44	doi:10.1007/s002360050029,doi:10.7146/brics.v4i36.18962,doi:10.1007/bfb0022475,doi:10.70675/3aae1dacz8e78z4548zb112z283138654eb5,doi:10.1109/hpcs48598.2019.9188053	Primary screener parsed and title-screened all 1200 occurrences, verified twelve 100-record snapshots, counted 1160 unique identifiers and 1017 unique nonblank normalized titles, resolved 39 blank-title occurrences representing 38 identifiers, conservatively reopened the map, and retired frozen round 42 unexecuted
2026-08-04	audit	closure-independent-audit-41a	Independent complete title audit	closure-independent-audit-round-41-a	audit	1200	1200	doi:10.1007/bf01186644,doi:10.1017/s0960129504004293,doi:10.1016/0890-5401(92)90043-f,doi:10.1016/0304-3975(81)90108-0,doi:10.1016/j.sysarc.2024.103086,doi:10.29007/7b44,doi:10.1145/3609131	doi:10.1007/s002360050029,doi:10.7146/brics.v4i36.18962,doi:10.1007/bfb0022475,doi:10.70675/3aae1dacz8e78z4548zb112z283138654eb5,doi:10.1109/hpcs48598.2019.9188053	Reviewer independently screened all 1200 occurrences, counted 1160 unique identifiers and 1017 unique nonblank normalized titles, resolved all blank-title records, required reopen for foundational dataflow semantics, symbolic observation graphs, and parametric WCET, and found no direct caller-input-fiber construction
2026-08-04	audit	closure-independent-audit-41b	Second independent adversarial complete title audit	closure-independent-audit-round-41-b	audit	1200	1200	doi:10.1007/bf01186644,doi:10.1017/s0960129504004293,doi:10.1016/0890-5401(92)90043-f,doi:10.1016/0304-3975(81)90108-0,doi:10.1016/j.sysarc.2024.103086,doi:10.29007/7b44,doi:10.1145/3609131	doi:10.1007/s002360050029,doi:10.7146/brics.v4i36.18962,doi:10.1007/bfb0022475,doi:10.70675/3aae1dacz8e78z4548zb112z283138654eb5,doi:10.1109/hpcs48598.2019.9188053	Second reviewer independently screened every occurrence, counted 1160 unique identifiers and 1018 unique nonblank normalized titles under its normalization, resolved all blank-title records, required reopen for the same semantic, observation, and WCET boundaries, and found no title claiming the target image-and-inverse-fiber contract
2026-08-04	search	closure-replacement-43	Crossref REST API	compositional fixed point Kahn indeterminate dataflow	query	601610	100	doi:10.1007/bf01186644,doi:10.1007/bfb0018344,doi:10.1007/978-1-4471-3860-0_11,doi:10.1016/0890-5401(92)90043-f	doi:10.1007/s002360050029	C43-01; all 100 records title-screened; retrieval primarily repeats the reconciled fixed-point, compositional, and indeterminate-dataflow lineage; snapshot screening/baseline-2026-08-04/crossref-closure-43-01.tsv
2026-08-04	search	closure-replacement-43	Crossref REST API	relational nondeterministic dataflow profunctor bisimulation	query	70267	100	doi:10.1007/978-3-540-85762-4_5,doi:10.1007/3-540-51486-4_79,doi:10.1007/3-540-58468-4_169,doi:10.1007/bfb0055650,doi:10.1017/s0960129504004293,doi:10.1016/j.entcs.2006.10.055	doi:10.1007/bfb0055651,doi:10.7146/brics.v4i36.18962	C43-02; all 100 records title-screened; causal noninterleaving, metric full-abstraction, relational refinement, and operational fibrational semantics reopen the foundational comparison; report and conference predecessors reconciled to the journal version where applicable; two blank grants are nontechnical; snapshot screening/baseline-2026-08-04/crossref-closure-43-02.tsv
2026-08-04	search	closure-replacement-43	Crossref REST API	Petri net compositional dataflow input output semantics	query	493262	100	doi:10.1007/bf01186644,doi:10.1016/j.scico.2021.102624	doi:10.1007/s002360050029,doi:10.1007/3-540-55808-x_26	C43-03; all 100 records title-screened; the explicit compositional time-Petri-net observer semantics changes the observer boundary, while other Petri-net composition records remain within represented semantic lineages; snapshot screening/baseline-2026-08-04/crossref-closure-43-03.tsv
2026-08-04	search	closure-replacement-43	Crossref REST API	symbolic WCET input dependent branches parametric	query	888844	100	doi:10.1016/j.sysarc.2024.103086,doi:10.1360/jos170628,doi:10.1016/j.sysarc.2010.06.009,doi:10.1007/978-3-642-24349-3_6,doi:10.1145/3147413	doi:10.70675/3aae1dacz8e78z4548zb112z283138654eb5,doi:10.1109/rtcsa.2009.9,doi:10.1109/date.2003.1186386	C43-04; all 100 records title-screened; earlier parametric-WCET and input-constraint variants are supporting predecessors to the retained procedure-argument formula boundary; 34 untitled WCET Journal issue or volume records are unrelated wound-care metadata; snapshot screening/baseline-2026-08-04/crossref-closure-43-04.tsv
2026-08-04	search	closure-replacement-43	Crossref REST API	symbolic observation graph observed unobserved actions LTL	query	667398	100	doi:10.29007/7b44	doi:10.1109/hpcs48598.2019.9188053	C43-05; all 100 records title-screened; MC-SOG, modular, reuse, parallel, diagnosis, opacity, and verification variants remain within the represented observed/unobserved state-quotient lineage; snapshot screening/baseline-2026-08-04/crossref-closure-43-05.tsv
2026-08-04	search	closure-replacement-43	Crossref REST API	constructive synchronous dataflow semantics interpreter	query	167572	100	doi:10.1007/s00165-003-0018-1,doi:10.1007/bfb0055650,doi:10.1145/3609131,doi:10.1111/j.1749-6632.1992.tb26038.x,doi:10.1017/cbo9780511770524.005	doi:10.1007/3-540-55808-x_26,doi:10.7146/brics.v4i36.18962	C43-06; all 100 records title-screened; explicit intensional versus extensional token-production semantics materially sharpens the observer distinction; Coq Kahn and constructive scheduling variants reinforce existing mechanized and synchronous boundaries; snapshot screening/baseline-2026-08-04/crossref-closure-43-06.tsv
2026-08-04	search	closure-replacement-43	Crossref REST API	dataflow process networks firing deadlock semantics	query	2690392	100	doi:10.1145/3720432,doi:10.1007/s00165-003-0018-1,doi:10.1007/bfb0055650,doi:10.1145/1176887.1176895,doi:10.1109/5.381846,doi:10.1017/cbo9780511770524.005,doi:10.1007/978-1-4471-3860-0_10	doi:10.1007/3-540-55808-x_26,doi:10.1007/s002360050029	C43-07; all 100 records title-screened; the Coq-mechanized operational circuit semantics with determinacy and graph-calculus equivalence decisively reopens the program-model and guarantee boundaries; causal interfaces and process-network variants add supporting comparisons; snapshot screening/baseline-2026-08-04/crossref-closure-43-07.tsv
2026-08-04	search	closure-replacement-43	Crossref REST API	fair merge expressive power dataflow networks	query	3219433	100	doi:10.1007/3-540-12896-4_352,doi:10.1016/0890-5401(91)90054-6,doi:10.1007/978-1-4471-3860-0_11,doi:10.1016/0890-5401(92)90043-f	-	C43-08; all 100 records title-screened; compactness and interaction models extend the already represented fair-merge lineage without approaching requested caller-input fibers; snapshot screening/baseline-2026-08-04/crossref-closure-43-08.tsv
2026-08-04	search	closure-replacement-43	Crossref REST API	exact requested internal observer input partition	query	829883	100	-	-	C43-09; all 100 records title-screened; control observers, exact neural regions, inverse problems, and partition homonyms yield no requested internal program observer and caller-input fiber; snapshot screening/baseline-2026-08-04/crossref-closure-43-09.tsv
2026-08-04	search	closure-replacement-43	Crossref REST API	caller inputs selection event inverse fibers	query	959818	100	-	-	C43-10; all 100 records title-screened; caller identification, variant callers, input stability, event selection, and fiber homonyms yield no program-selection inverse fibers; three blank supplemental datasets are nontechnical; snapshot screening/baseline-2026-08-04/crossref-closure-43-10.tsv
2026-08-04	search	closure-replacement-43	Crossref REST API	sparse requested site guard symbolic residual	query	669416	100	doi:10.5220/0003178801060115	-	C43-11; all 100 records title-screened; symbolic supervisory guard generation partitions a state-space computation rather than caller inputs by semantic observation; remaining sparse, residual, and site records are homonyms; snapshot screening/baseline-2026-08-04/crossref-closure-43-11.tsv
2026-08-04	search	closure-replacement-43	Crossref REST API	dataflow internal observation exact enumeration	query	819397	100	-	-	C43-12; all 100 records title-screened; generic exact enumeration and existing neural-region or dataflow-throughput neighbors yield no internal-observation image and inverse-fiber construction; one repeated blank grant is nontechnical; snapshot screening/baseline-2026-08-04/crossref-closure-43-12.tsv
2026-08-04	audit	closure-primary-screen-43	Complete primary title screen	closure-primary-screen-round-43	audit	1200	1200	doi:10.1145/3720432,doi:10.1016/j.scico.2021.102624,doi:10.1007/s00165-003-0018-1,doi:10.1007/978-3-540-85762-4_5,doi:10.1007/3-540-51486-4_79,doi:10.1007/3-540-58468-4_169,doi:10.1007/bfb0055650,doi:10.1145/1176887.1176895	doi:10.1007/3-540-55808-x_26,doi:10.1007/bfb0055651,doi:10.1109/rtcsa.2009.9	Primary screener parsed and title-screened all 1200 occurrences, verified twelve 100-record snapshots, counted 1133 unique identifiers and 1034 unique nonblank normalized titles, resolved 40 blank-title occurrences representing 39 identifiers, required reopen for mechanized circuit semantics, compositional observer semantics, and intensional versus extensional dataflow semantics, and retired frozen round 44 unexecuted
2026-08-04	audit	closure-independent-audit-43a	Independent adversarial complete title audit	closure-independent-audit-round-43-a	audit	1200	1200	doi:10.1145/3720432,doi:10.1007/s00165-003-0018-1,doi:10.1007/bfb0055650,doi:10.1007/978-3-540-85762-4_5,doi:10.1145/1176887.1176895,doi:10.1007/3-540-58468-4_169	doi:10.1007/3-540-55808-x_26,doi:10.1007/bfb0055651,doi:10.1109/rtcsa.2009.9	Reviewer independently screened every occurrence, counted 1133 unique identifiers and 1036 unique nonblank normalized titles, resolved all blank records, required reopen for the machine-checked operational circuit model and several semantic-object or guarantee changes, and found no direct caller-input-fiber construction
2026-08-04	audit	closure-independent-audit-43b	Second independent complete title audit	closure-independent-audit-round-43-b	audit	1200	1200	-	-	Second reviewer independently screened all 1200 occurrences, counted 1133 unique identifiers and 1031 unique nonblank titles under aggressive alphanumeric normalization, resolved all 40 blank occurrences, classified all works as variants within represented lineages and returned no-add, and found no direct target; conservative adjudication accepts the two reopen verdicts because the frozen trigger treats a changed program model or guarantee as sufficient
2026-08-04	search	closure-replacement-45	Crossref REST API	mechanized operational dataflow circuits determinacy channel histories	query	940490	100	doi:10.1145/3720432,doi:10.70675/33859af0z9c09z423dzb345z62ae1ec51d10,doi:10.1109/async.2003.1199172,doi:10.1109/async65240.2025.00020	-	C45-01; all 100 records title-screened; the 2026 dissertation extends the cataloged operational dataflow semantics to a lower hardware level and refinement boundary, while asynchronous determinacy and slack-elastic translation are supporting neighbors; snapshot screening/baseline-2026-08-04/crossref-closure-45-01.tsv
2026-08-04	search	closure-replacement-45	Crossref REST API	intensional extensional dataflow token production observer	query	1371649	100	doi:10.1007/s00165-003-0018-1,doi:10.1016/0304-3975(81)90108-0	-	C45-02; all 100 records title-screened; retained intensional/extensional and deadlock-freedom semantics recur without a closer caller-input observer; one blank grant is nontechnical; snapshot screening/baseline-2026-08-04/crossref-closure-45-02.tsv
2026-08-04	search	closure-replacement-45	Crossref REST API	compositional observer semantics Petri net property pattern	query	974267	100	doi:10.1016/j.scico.2021.102624,doi:10.1109/access.2022.3170094	doi:10.1007/s002360050029	C45-03; all 100 records title-screened; initial-marking and MTL-property-directed Time Petri Net slicing adds a distinct preservation boundary, while the Petri-dataflow record is an alias; snapshot screening/baseline-2026-08-04/crossref-closure-45-03.tsv
2026-08-04	search	closure-replacement-45	Crossref REST API	causal noninterleaving dataflow internal computation equivalence	query	962075	100	doi:10.1007/978-3-540-85762-4_5,doi:10.1007/bfb0055650,doi:10.1006/inco.1996.0012,doi:10.1006/inco.1997.2658	-	C45-04; all 100 records title-screened; causal, fibrational, and schematological semantics remain within reconciled whole-network semantic clusters; snapshot screening/baseline-2026-08-04/crossref-closure-45-04.tsv
2026-08-04	search	closure-replacement-45	Crossref REST API	dataflow causality interface deadlock enabled dependencies	query	547673	100	doi:10.1145/1176887.1176895,doi:10.1109/cicsyn.2013.26,doi:10.5075/epfl-thesis-6663,doi:10.1109/acssc.2013.6810613,doi:10.1007/978-3-540-85762-4_5	-	C45-05; all 100 records title-screened; concrete action-firing traces with explicit guard-enable and guard-disable dependencies decisively extend the dataflow-analysis boundary; one blank grant is nontechnical; snapshot screening/baseline-2026-08-04/crossref-closure-45-05.tsv
2026-08-04	search	closure-replacement-45	Crossref REST API	relational specification refinement timed dataflow networks	query	1555775	100	doi:10.1007/3-540-58468-4_169,doi:10.1145/2968478.2968489	-	C45-06; all 100 records title-screened; relational and timed refinement remain whole-network or timing objectives; one blank grant is nontechnical; snapshot screening/baseline-2026-08-04/crossref-closure-45-06.tsv
2026-08-04	search	closure-replacement-45	Crossref REST API	exact selection observation caller input fiber residual	query	1401458	100	-	-	C45-07; all 100 records title-screened; selection, residual, optical-fiber, statistical, and clinical homonyms yield no requested program observer or caller-input fiber; snapshot screening/baseline-2026-08-04/crossref-closure-45-07.tsv
2026-08-04	search	closure-replacement-45	Crossref REST API	requested site outcome partial map inverse image	query	2236578	100	-	-	C45-08; all 100 records title-screened; inverse imaging, site-selection, and partial-map homonyms yield no requested internal program observation; three blank grants are nontechnical; snapshot screening/baseline-2026-08-04/crossref-closure-45-08.tsv
2026-08-04	search	closure-replacement-45	Crossref REST API	contextual dataflow internal event input partition	query	974767	100	doi:10.1016/j.entcs.2006.10.055	-	C45-09; all 100 records title-screened; contextual dataflow history semantics is already represented and no record partitions caller inputs by an internal event; one repeated blank grant is nontechnical; snapshot screening/baseline-2026-08-04/crossref-closure-45-09.tsv
2026-08-04	search	closure-replacement-45	Crossref REST API	symbolic residual observation guard enumeration	query	424728	100	doi:10.1109/icppw.2006.26,doi:10.5220/0003178801060115	-	C45-10; all 100 records title-screened; generic symbolic path enumeration and supervisory guard generation do not supply the target sparse observation fibers; snapshot screening/baseline-2026-08-04/crossref-closure-45-10.tsv
2026-08-04	search	closure-replacement-45	Crossref REST API	demand selected dataflow observer exact image	query	1763199	100	doi:10.1007/bf03259389	-	C45-11; all 100 records title-screened; established demand and stability semantics recur without a requested-site inverse-image enumerator; one repeated blank grant is nontechnical; snapshot screening/baseline-2026-08-04/crossref-closure-45-11.tsv
2026-08-04	search	closure-replacement-45	Crossref REST API	dataflow circuit selection observer caller inputs	query	738156	100	doi:10.1145/3543622.3573196,doi:10.1109/iccad57390.2023.10323796	-	C45-12; all 100 records title-screened; dataflow-circuit model checking and HLS-guided inductive invariants prove selected handshake behaviors absent and justify simplification, but do not enumerate caller-input fibers; one repeated blank grant is nontechnical; snapshot screening/baseline-2026-08-04/crossref-closure-45-12.tsv
2026-08-04	audit	closure-primary-screen-45	Complete primary title screen	closure-primary-screen-round-45	audit	1200	1200	doi:10.70675/33859af0z9c09z423dzb345z62ae1ec51d10,doi:10.1109/cicsyn.2013.26,doi:10.5075/epfl-thesis-6663,doi:10.1109/access.2022.3170094,doi:10.1145/3543622.3573196,doi:10.1109/iccad57390.2023.10323796,doi:10.1109/async.2003.1199172,doi:10.1109/async65240.2025.00020	-	Primary screener parsed and title-screened all 1200 occurrences, verified twelve 100-record snapshots with exact ranks and unique nonblank identifiers, counted 1171 unique identifiers and 1048 unique nonblank normalized titles, resolved eight blank grant occurrences representing five identifiers, required reopen for the mechanized hardware-refinement, guard-trace, property-slicing, and verified-circuit-simplification boundaries, and retired frozen round 46 unexecuted
2026-08-04	audit	closure-independent-audit-45a	Independent complete title audit	closure-independent-audit-round-45-a	audit	1200	1200	doi:10.1109/cicsyn.2013.26,doi:10.5075/epfl-thesis-6663,doi:10.1109/access.2022.3170094	-	Reviewer independently parsed and screened every occurrence, counted 1171 unique identifiers and 1046 unique nonblank titles under protocol normalization, resolved all eight blank grant occurrences, required reopen for guard-sensitive dataflow traces and MTL-directed Time Petri Net slicing, and found no direct requested-observer fiber result
2026-08-04	audit	closure-independent-audit-45b	Second independent adversarial complete title audit	closure-independent-audit-round-45-b	audit	1200	1200	doi:10.70675/33859af0z9c09z423dzb345z62ae1ec51d10,doi:10.1109/cicsyn.2013.26,doi:10.5075/epfl-thesis-6663,doi:10.1109/access.2022.3170094,doi:10.1145/3543622.3573196,doi:10.1109/iccad57390.2023.10323796,doi:10.1109/async.2003.1199172,doi:10.1109/async65240.2025.00020	-	Second reviewer independently parsed and screened every occurrence, counted 1171 unique identifiers and 1046 unique nonblank titles under aggressive normalization, resolved all eight blank grant occurrences, required reopen across hardware refinement, guard traces, property slicing, and circuit verification, and found no complete requested-site observation image with exact caller-input inverse fibers and typed residuals
2026-08-04	search	closure-replacement-47	Crossref REST API	guard enable disable dynamic dataflow execution trace	query	1078655	100	doi:10.1109/cicsyn.2013.26,doi:10.5075/epfl-thesis-6663,doi:10.1109/tmscs.2018.2790921,doi:10.1109/acssc.2017.8335388,doi:10.1109/acssc.2013.6810613,doi:10.1109/cscwd68734.2026.11582111	-	C47-01; all 100 records title-screened; the 2018 journal ETG formalism materially strengthens the earlier concrete guard-trace lineage with a complete all-admissible-trajectories claim; two blank issue records are nontechnical; snapshot screening/baseline-2026-08-04/crossref-closure-47-01.tsv
2026-08-04	search	closure-replacement-47	Crossref REST API	dataflow execution trace graph action firing guard dependency	query	938584	100	doi:10.1109/tmscs.2018.2790921,doi:10.1109/acssc.2017.8335388,doi:10.1109/cicsyn.2013.26,doi:10.1109/samos.2016.7818327	-	C47-02; all 100 records title-screened; complete execution-trace graphs and meaning-preserving translation to firing-based actors change the represented guarantee and program-model boundaries; snapshot screening/baseline-2026-08-04/crossref-closure-47-02.tsv
2026-08-04	search	closure-replacement-47	Crossref REST API	dataflow circuits excessive dynamism inductive invariants	query	423987	100	doi:10.1145/3543622.3573196,doi:10.1109/iccad57390.2023.10323796,doi:10.1145/3626202.3637570,doi:10.1109/async65240.2025.00020,doi:10.1109/memcod.2009.5185393	-	C47-03; all 100 records title-screened; latency and occupancy balancing extends the dataflow-circuit simplification lineage, while bounded latency-insensitive refinement adds a distinct compositional hardware boundary; snapshot screening/baseline-2026-08-04/crossref-closure-47-03.tsv
2026-08-04	search	closure-replacement-47	Crossref REST API	mechanized dataflow hardware refinement dynamic HLS	query	989846	100	doi:10.1145/3720432,doi:10.70675/33859af0z9c09z423dzb345z62ae1ec51d10,doi:10.1007/s11265-015-0971-y,doi:10.1145/3706628.3708872	doi:10.21236/ada563897,doi:10.1109/samos.2014.6893194	C47-04; all 100 records title-screened; the retained fuller Tokens-vs-Signals journal article defines event-mapped cross-model conformance preserving throughput and latency; report and conference predecessors are reconciled once; snapshot screening/baseline-2026-08-04/crossref-closure-47-04.tsv
2026-08-04	search	closure-replacement-47	Crossref REST API	property directed slicing timed Petri net dependency graph	query	784693	100	doi:10.1109/access.2022.3170094,doi:10.1002/asjc.1031,doi:10.3233/fi-222148,doi:10.1007/978-3-662-48650-4_3	doi:10.46298/.7346	C47-05; all 100 records title-screened; structural, maximal-minimal token-contribution, MTL-property, and timed-aggregate reductions are distinguished, and the broken Llorens DOI alias is reconciled; snapshot screening/baseline-2026-08-04/crossref-closure-47-05.tsv
2026-08-04	search	closure-replacement-47	Crossref REST API	slack elastic program dataflow circuit semantics	query	1140490	100	doi:10.1109/async65240.2025.00020,doi:10.1145/3720432,doi:10.70675/33859af0z9c09z423dzb345z62ae1ec51d10,doi:10.1007/s00165-003-0018-1,doi:10.1007/bf01186644,doi:10.1007/bfb0055650,doi:10.1007/s11265-015-0971-y	doi:10.21236/ada563897,doi:10.1109/samos.2014.6893194	C47-06; all 100 records title-screened; mechanized, intensional, Petri, fibrational, and hardware-conformance semantics are reconciled without a caller-input observer; two blank grants are nontechnical; snapshot screening/baseline-2026-08-04/crossref-closure-47-06.tsv
2026-08-04	search	closure-replacement-47	Crossref REST API	exact caller input partition internal guard observation	query	973656	100	-	-	C47-07; all 100 records title-screened; caller identification, physical guards, exact partition functions, and control homonyms yield no requested program observer; one quoted multiline title parses correctly; snapshot screening/baseline-2026-08-04/crossref-closure-47-07.tsv
2026-08-04	search	closure-replacement-47	Crossref REST API	selection site observation symbolic residual fiber	query	1638298	100	-	-	C47-08; all 100 records title-screened; site selection, optical fibers, statistical residuals, and symbolic-regression homonyms yield no target result; five blank records are versions of one supplemental dataset; snapshot screening/baseline-2026-08-04/crossref-closure-47-08.tsv
2026-08-04	search	closure-replacement-47	Crossref REST API	requested root dataflow event inverse image	query	1497520	100	doi:10.1016/j.entcs.2006.10.055	-	C47-09; all 100 records title-screened; represented event-structure dataflow semantics recurs, while inverse-image and imaging homonyms add no requested-root input fiber; two blank grants are nontechnical; snapshot screening/baseline-2026-08-04/crossref-closure-47-09.tsv
2026-08-04	search	closure-replacement-47	Crossref REST API	dynamic dataflow guard trace input equivalence	query	1162633	100	doi:10.1006/inco.1996.0012,doi:10.1006/inco.1997.2658,doi:10.1109/tmscs.2018.2790921,doi:10.1109/acssc.2017.8335388,doi:10.1007/bf02280834	doi:10.1145/75277.75291	C47-10; all 100 records title-screened; the expanded fully abstract dataflow trace model and complete ETG guarantee are retained while the POPL predecessor is reconciled; one repeated blank grant is nontechnical; snapshot screening/baseline-2026-08-04/crossref-closure-47-10.tsv
2026-08-04	search	closure-replacement-47	Crossref REST API	dataflow observer partial map caller inputs	query	532654	100	-	-	C47-11; all 100 records title-screened; unknown-input control observers, caller identifiers, public-administration records, and partial-map homonyms yield no dataflow caller-input observer; eight blank MAP Observer issue records are nontechnical; snapshot screening/baseline-2026-08-04/crossref-closure-47-11.tsv
2026-08-04	search	closure-replacement-47	Crossref REST API	complete internal event observation enumeration residual	query	1310485	100	doi:10.1007/s10626-018-0272-2,doi:10.3390/math14061058	-	C47-12; all 100 records title-screened; policy-relative observer construction and minimal-event observation add discrete-event boundaries but no exact caller-input fibers with residuals; snapshot screening/baseline-2026-08-04/crossref-closure-47-12.tsv
2026-08-04	audit	closure-primary-screen-47	Complete primary title screen	closure-primary-screen-round-47	audit	1200	1200	doi:10.1109/tmscs.2018.2790921,doi:10.1007/s11265-015-0971-y,doi:10.3233/fi-222148,doi:10.1007/bf02280834,doi:10.1109/samos.2016.7818327,doi:10.1007/978-3-662-48650-4_3,doi:10.1002/asjc.1031,doi:10.1145/3626202.3637570,doi:10.1109/memcod.2009.5185393,doi:10.1007/s10626-018-0272-2,doi:10.3390/math14061058	doi:10.46298/.7346,doi:10.1145/75277.75291,doi:10.21236/ada563897,doi:10.1109/samos.2014.6893194	Primary screener parsed and title-screened all 1200 occurrences, verified twelve 100-record snapshots, counted 1091 unique identifiers and 1005 unique nonblank normalized titles, resolved 20 blank nontechnical records representing 18 identifiers and one quoted multiline title, required reopen for complete ETGs, cross-level conformance, maximal-minimal slicing, and related changed semantic boundaries, and retired frozen round 48 unexecuted
2026-08-04	audit	closure-independent-audit-47a	Independent adversarial complete title audit	closure-independent-audit-round-47-a	audit	1200	1200	doi:10.1109/tmscs.2018.2790921,doi:10.1007/s11265-015-0971-y,doi:10.3233/fi-222148,doi:10.1109/memcod.2009.5185393,doi:10.1007/bf02280834,doi:10.1109/samos.2016.7818327,doi:10.1145/3626202.3637570,doi:10.1007/s10626-018-0272-2,doi:10.3390/math14061058	doi:10.46298/.7346,doi:10.1145/75277.75291	Reviewer independently parsed and screened every occurrence, counted 1091 unique identifiers and 1005 unique nonblank titles under protocol normalization, resolved all blank and multiline records, required reopen across complete trajectory, dataflow-hardware refinement, Petri slicing, and dynamic observation boundaries, and found no direct requested-site caller-input-fiber result
2026-08-04	audit	closure-independent-audit-47b	Second independent adversarial complete title audit	closure-independent-audit-round-47-b	audit	1200	1200	doi:10.1109/tmscs.2018.2790921,doi:10.1007/s11265-015-0971-y,doi:10.3233/fi-222148,doi:10.1002/asjc.1031,doi:10.1145/3626202.3637570	doi:10.46298/.7346	Second reviewer independently screened all 1200 occurrences, counted 1091 unique identifiers and 1005 unique nonblank titles under aggressive alphanumeric normalization, resolved 20 blank records and the one multiline record, required reopen for strengthened ETG completeness, cross-model conformance, and maximal-minimal token-contribution slicing, and found no complete target construction
2026-08-04	search	closure-replacement-49	Crossref REST API	execution trace graph complete dataflow all admissible trajectories	query	1133320	100	doi:10.1109/tmscs.2018.2790921,doi:10.1109/acssc.2017.8335388,doi:10.1109/cscwd68734.2026.11582111	-	C49-01; all 100 records title-screened; complete ETG and interface-synthesis records are repeated candidates and add no changed object or guarantee; one title with two embedded newlines parses as one logical record; the exact-DOI duplicate Liang catalog row is removed in favor of liang2026dataflowpruning; snapshot screening/baseline-2026-08-04/crossref-closure-49-01.tsv
2026-08-04	search	closure-replacement-49	Crossref REST API	dataflow process network execution trace graph complete dependencies	query	3164519	100	doi:10.1109/pdp.2016.34,doi:10.1007/s11265-012-0682-6,doi:10.1109/tmscs.2018.2790921,doi:10.1109/acssc.2017.8335388	-	C49-02; all 100 records title-screened; DKPN and the per-port hybrid actor model add distinct program-model boundaries, while complete ETG, interface, scheduling, and partitioning titles are repeated or supporting candidates; snapshot screening/baseline-2026-08-04/crossref-closure-49-02.tsv
2026-08-04	search	closure-replacement-49	Crossref REST API	tokens signals conformance dataflow hardware throughput latency	query	411059	100	doi:10.1007/s11265-015-0971-y,doi:10.1109/memcod.2009.5185393	-	C49-03; all 100 records title-screened; Tokens-vs-Signals and bounded latency-insensitive refinement are repeated canonical candidates and no record changes their represented objects or guarantees; snapshot screening/baseline-2026-08-04/crossref-closure-49-03.tsv
2026-08-04	search	closure-replacement-49	Crossref REST API	bounded dataflow networks latency insensitive circuit refinement	query	1663776	100	doi:10.1109/memcod.2015.7340485,doi:10.1109/tc.2008.214,doi:10.1109/date.2004.1269025,doi:10.1109/tc.2006.188,doi:10.1109/memcod.2009.5185393	-	C49-04; all 100 records title-screened; token-sequence-preserving buffers, process-algebraic LI verification, generalized multi-clock topology, and family-level validation change guarantees or program-model boundaries; the 2005 Suhaib conference record is reconciled to the fuller 2006 journal article, and remaining LI variants are repeat-only or supporting; snapshot screening/baseline-2026-08-04/crossref-closure-49-04.tsv
2026-08-04	search	closure-replacement-49	Crossref REST API	maximal minimal dynamic Petri net slicing token contribution	query	1378704	100	doi:10.1007/978-3-642-02424-5_2,doi:10.1007/978-3-031-61433-0_9,doi:10.1007/978-3-642-31131-4_15,doi:10.1109/coase.2016.7743519,doi:10.3233/fi-222148,doi:10.1002/asjc.1031	doi:10.46298/.7346	C49-05; all 100 records title-screened; token-flow and token-trail semantics, safety-property-preserving slicing, and reconstruction from asynchronous token observations change the represented Petri-net object or guarantee; maximal-minimal and structural slices repeat, and earlier or alternate dynamic-slicing algorithms add no distinct boundary; snapshot screening/baseline-2026-08-04/crossref-closure-49-05.tsv
2026-08-04	search	closure-replacement-49	Crossref REST API	timed aggregate graph observation policy Petri net	query	1881274	100	doi:10.1007/978-3-662-48650-4_3	-	C49-06; all 100 records title-screened; the timed aggregate graph is a repeated canonical candidate and the remaining graph, observation, and Petri-net titles add no closer requested observer; snapshot screening/baseline-2026-08-04/crossref-closure-49-06.tsv
2026-08-04	search	closure-replacement-49	Crossref REST API	Kahn processes actors translation firing semantics	query	1096282	100	doi:10.1109/emsoft.2015.7318265,doi:10.1109/fdl.2018.8524052,doi:10.1007/bfb0040252,doi:10.1109/samos.2016.7818327	-	C49-07; all 100 records title-screened; actor-to-Kahn translation, Scade Kahn implementation, and the generalized Kahn principle add inverse-translation, implementation, and asynchronous-model boundaries, while Kahn-to-actor translation repeats and remaining Kahn variants add no distinct close guarantee; one blank grant is nontechnical and two titles with one embedded newline each parse as logical records; snapshot screening/baseline-2026-08-04/crossref-closure-49-07.tsv
2026-08-04	search	closure-replacement-49	Crossref REST API	fully abstract trace model dataflow asynchronous networks	query	5892083	100	doi:10.1007/3-540-51285-3_43,doi:10.1007/bfb0040252,doi:10.1007/bf02280834,doi:10.1109/pdp.2016.34,doi:10.1109/tmscs.2018.2790921	doi:10.1145/75277.75291	C49-08; all 100 records title-screened; the model-isomorphism comparison and generalized Kahn principle are retained changed semantic boundaries; Jonsson, DKPN, complete ETG, and conference-predecessor records repeat without another distinct addition; snapshot screening/baseline-2026-08-04/crossref-closure-49-08.tsv
2026-08-04	search	closure-replacement-49	Crossref REST API	minimal event observation policy supervisor equivalence	query	1779629	100	doi:10.3390/math14061058	-	C49-09; all 100 records title-screened; minimal observable-alphabet synthesis repeats the retained canonical result; the Sears and Rudie sensor-activation and communication survey is supporting context rather than a changed observation guarantee; snapshot screening/baseline-2026-08-04/crossref-closure-49-09.tsv
2026-08-04	search	closure-replacement-49	Crossref REST API	requested selection observation caller input inverse fiber	query	1320671	100	-	-	C49-10; all 100 records title-screened; caller, selection, statistical, clinical, inverse-imaging, and optical-fiber homonyms yield no program observer or caller-input fiber; snapshot screening/baseline-2026-08-04/crossref-closure-49-10.tsv
2026-08-04	search	closure-replacement-49	Crossref REST API	sparse internal event map symbolic residual	query	1236230	100	-	-	C49-11; all 100 records title-screened; sparse mapping, residual, symbolic, biomedical, and geophysical homonyms yield no requested internal-event map or typed residual; one blank grant is nontechnical; snapshot screening/baseline-2026-08-04/crossref-closure-49-11.tsv
2026-08-04	search	closure-replacement-49	Crossref REST API	complete observation image requested dataflow site inputs	query	1751952	100	doi:10.4204/eptcs.323.1,doi:10.1007/bf02280834	-	C49-12; all 100 records title-screened; the complete categorical faceted-dataflow language adds a distinct program-model and completeness boundary, while fully abstract traces repeat and causal-graph or imaging variants do not supply requested-site input fibers; one blank grant is nontechnical; snapshot screening/baseline-2026-08-04/crossref-closure-49-12.tsv
2026-08-04	audit	closure-primary-screen-49	Complete primary title screen	closure-primary-screen-round-49	audit	1200	1200	doi:10.1007/bfb0040252,doi:10.1109/pdp.2016.34,doi:10.1109/memcod.2015.7340485,doi:10.1109/fdl.2018.8524052,doi:10.4204/eptcs.323.1,doi:10.1007/3-540-51285-3_43,doi:10.1007/978-3-642-02424-5_2,doi:10.1109/tc.2008.214,doi:10.1007/978-3-031-61433-0_9,doi:10.1007/s11265-012-0682-6,doi:10.1007/978-3-642-31131-4_15,doi:10.1109/coase.2016.7743519,doi:10.1109/date.2004.1269025,doi:10.1109/tc.2006.188,doi:10.1109/emsoft.2015.7318265	-	Primary screener parsed and title-screened all 1200 occurrences, verified twelve 100-record snapshots, counted 1106 unique identifiers and 1042 unique nonblank normalized titles, resolved three blank grants and three multiline logical titles, required reopen for changed Kahn, latency-insensitive, Petri-net, and faceted-dataflow boundaries, repaired the pre-existing duplicate Liang DOI by retaining liang2026dataflowpruning once, found no complete requested-site caller-input-fiber construction, and retired frozen round 50 unexecuted
2026-08-04	audit	closure-independent-audit-49a	Independent adversarial complete title audit	closure-independent-audit-round-49-a	audit	1200	1200	doi:10.1007/bfb0040252,doi:10.1109/pdp.2016.34,doi:10.1109/memcod.2015.7340485,doi:10.1109/fdl.2018.8524052,doi:10.4204/eptcs.323.1,doi:10.1007/3-540-51285-3_43,doi:10.1007/978-3-642-02424-5_2,doi:10.1109/tc.2008.214,doi:10.1007/978-3-031-61433-0_9,doi:10.1007/s11265-012-0682-6,doi:10.1007/978-3-642-31131-4_15,doi:10.1109/coase.2016.7743519,doi:10.1109/date.2004.1269025,doi:10.1109/tc.2006.188,doi:10.1109/emsoft.2015.7318265	-	Reviewer independently parsed and screened every occurrence, counted 1106 unique identifiers and 1042 unique nonblank normalized titles, resolved all three blank grants and three multiline logical titles, required reopen under the literal changed-object, guarantee, and program-model trigger, confirmed the one-time Liang duplicate-key repair, and found no direct requested observer with exact caller-input inverse fibers and typed residuals
2026-08-04	audit	closure-independent-audit-49b	Second independent adversarial complete title audit	closure-independent-audit-round-49-b	audit	1200	1200	doi:10.1007/bfb0040252,doi:10.1109/pdp.2016.34,doi:10.1109/memcod.2015.7340485,doi:10.1109/fdl.2018.8524052,doi:10.4204/eptcs.323.1,doi:10.1007/3-540-51285-3_43,doi:10.1007/978-3-642-02424-5_2,doi:10.1109/tc.2008.214,doi:10.1007/978-3-031-61433-0_9,doi:10.1007/s11265-012-0682-6,doi:10.1007/978-3-642-31131-4_15,doi:10.1109/coase.2016.7743519,doi:10.1109/date.2004.1269025,doi:10.1109/tc.2006.188,doi:10.1109/emsoft.2015.7318265	-	Second reviewer independently parsed and screened all 1200 occurrences, counted 1106 unique identifiers and 1042 unique nonblank titles under aggressive Unicode alphanumeric normalization, resolved three blank grants and three multiline logical titles, required reopen for distinct Kahn, latency-insensitive, Petri-net, and faceted-dataflow objects or guarantees, confirmed the canonical Liang key repair, and found no complete target construction
2026-08-04	search	closure-replacement-51	Crossref REST API	generalized Kahn principle abstract asynchronous nondeterministic event structures	query	2786615	100	-	-	C51-01; all 100 logical records title-screened; the generalized Kahn result repeats, while nondeterministic event-structure and discrete-event-system variants remain inside represented whole-network semantics and add no separate boundary; snapshot screening/baseline-2026-08-04/crossref-closure-51-01.tsv
2026-08-04	search	closure-replacement-51	Crossref REST API	composite parametric dataflow Kahn process network port actor model	query	6271023	100	-	-	C51-02; all 100 logical records title-screened; Oh and Arras repeat, while Skelin parametric SADF, Rafique model-based KPN integration, Sirdey LP verification, and Dardaillon parametric compilation were previously screened or remain analysis and implementation variants inside represented KPN and parametric-dataflow boundaries; one multiline title parses as one logical record; snapshot screening/baseline-2026-08-04/crossref-closure-51-02.tsv
2026-08-04	search	closure-replacement-51	Crossref REST API	latency insensitive dataflow buffer token sequence preservation backpressure	query	488797	100	-	-	C51-03; all 100 logical records title-screened; canonical token-preserving buffers and bounded latency-insensitive refinement repeat, while Sluice and Superconnectors are long-running-stream and SFQ implementation variants within represented latency and protocol boundaries; snapshot screening/baseline-2026-08-04/crossref-closure-51-03.tsv
2026-08-04	search	closure-replacement-51	Crossref REST API	process algebraic latency insensitive liveness deadlock latency equivalence	query	1447605	100	-	-	C51-04; all 100 logical records title-screened; Kapoor, Singh, Cao, Suhaib, and bounded refinement repeat, while KAIROS, hardware-software interfaces, multi-clock wrappers, backpressure, and circuit implementations stay within represented latency-insensitive verification and implementation boundaries; one multiline title is an irrelevant measurement figure; snapshot screening/baseline-2026-08-04/crossref-closure-51-04.tsv
2026-08-04	search	closure-replacement-51	Crossref REST API	generalized latency insensitive multi clock arbitrary topology protocol validation	query	2358174	100	-	-	C51-05; all 100 logical records title-screened; Singh and Suhaib repeat, while Agiwal wrapper synthesis, the functional-programming validation framework, and Li interface circuits are members of the represented multi-clock and latency-equivalence lineage; the conference predecessor is reconciled to the journal version and one blank grant is nontechnical; snapshot screening/baseline-2026-08-04/crossref-closure-51-05.tsv
2026-08-04	search	closure-replacement-51	Crossref REST API	dataflow actors as Kahn processes Scade multicore semantics implementation	query	1365297	100	-	-	C51-06; all 100 logical records title-screened; Colaco, Tretter, Cedersjo, Lee, Stark, and the retained Gold journal semantics repeat; Gold DOI aliases and its conference predecessor are reconciled once and remaining runtime variants add no distinct semantic object; snapshot screening/baseline-2026-08-04/crossref-closure-51-06.tsv
2026-08-04	search	closure-replacement-51	Crossref REST API	fully abstract dataflow model isomorphism Kahn trace semantics	query	4674625	100	-	-	C51-07; all 100 logical records title-screened; Jonsson, Kok, Abramsky, Stark, Arras, Tretter, Cedersjo, and Lee recur without a changed fully abstract, trace, or Kahn semantic object; snapshot screening/baseline-2026-08-04/crossref-closure-51-07.tsv
2026-08-04	search	closure-replacement-51	Crossref REST API	Petri net token flow token trail net language semantics	query	2550334	100	doi:10.3233/fi-2009-134	-	C51-08; all 100 logical records title-screened; Bergenthum et al. add complete token-flow and reduced-token-flow unfolding semantics that suppress redundant process representations; Juhas and Token Trail II repeat, while collective-token comparison, Individual-Token Nets, and Token Trail I remain predecessors or variants within represented Petri-net semantic lineages; snapshot screening/baseline-2026-08-04/crossref-closure-51-08.tsv
2026-08-04	search	closure-replacement-51	Crossref REST API	safety preserving Petri net slicing stutter invariant property	query	1404559	100	-	-	C51-09; all 100 logical records title-screened; Rakow, maximal-minimal slicing, and Time Petri Net slicing repeat; PPPA book records and invariant-preserving or transition-preserving reductions were screened in earlier rounds or remain property-preserving variants inside represented reduction boundaries; snapshot screening/baseline-2026-08-04/crossref-closure-51-09.tsv
2026-08-04	search	closure-replacement-51	Crossref REST API	reconstruct Petri net structure asynchronous token change observations	query	3551149	100	-	-	C51-10; all 100 logical records title-screened; Ruan structure reconstruction repeats, while Li-Hadjicostis firing-sequence reconstruction lies in the already represented Giua-style forward state-estimation and observation lineage rather than supplying the requested caller-input inverse fibers; snapshot screening/baseline-2026-08-04/crossref-closure-51-10.tsv
2026-08-04	search	closure-replacement-51	Crossref REST API	complete categorical faceted dataflow workflow equivalence	query	315751	100	-	-	C51-11; all 100 logical records title-screened; Delpeuch and the schematological dataflow lineage repeat and remaining workflow or categorical records add no closer requested-site observation construction; snapshot screening/baseline-2026-08-04/crossref-closure-51-11.tsv
2026-08-04	search	closure-replacement-51	Crossref REST API	dataflow execution model translation observation preservation guarantee	query	3698199	100	-	-	C51-12; all 100 logical records title-screened; Arras, complete ETG, and represented translation results recur; Sluice and the synchronous-dataflow-to-Petri-net verification mapping remain latency and cross-model analysis variants without caller-input fibers; snapshot screening/baseline-2026-08-04/crossref-closure-51-12.tsv
2026-08-04	search	closure-replacement-51	Crossref REST API	complete sparse requested site observation image caller input inverse fibers	query	18370	100	-	-	C51-13; all 100 logical records title-screened; inverse-imaging, sparse-recovery, statistical, and fiber homonyms yield no requested program observer or complete caller-input inverse fibers; one blank grant is nontechnical; snapshot screening/baseline-2026-08-04/crossref-closure-51-13.tsv
2026-08-04	search	closure-replacement-51	Crossref REST API	exact internal event observation partition typed residual function	query	2176419	100	-	-	C51-14; all 100 logical records title-screened; partition-function, statistical-mechanics, and unrelated event-graph homonyms yield no exact internal-event observation partition or typed residual; one multiline erratum title parses correctly; snapshot screening/baseline-2026-08-04/crossref-closure-51-14.tsv
2026-08-04	search	closure-replacement-51	Crossref REST API	requested selection site outcomes input fibers symbolic residuals	query	1979411	100	-	-	C51-15; all 100 logical records title-screened; site-selection, optical-fiber, symbolic-testing, and statistical-residual records yield no requested-site input fibers; five blank records are versions of one irrelevant supplemental dataset and four multiline supplement titles parse as logical records; snapshot screening/baseline-2026-08-04/crossref-closure-51-15.tsv
2026-08-04	audit	closure-primary-screen-51	Complete primary title screen	closure-primary-screen-round-51	audit	1500	1500	doi:10.3233/fi-2009-134	-	Primary screener parsed and title-screened all 1500 logical occurrences, verified fifteen 100-record snapshots with exact ranks and unique nonblank identifiers, counted 1338 unique identifiers and 1264 unique nonblank titles under aggressive normalization, resolved seven blank nontechnical records and seven multiline logical titles, retained only the complete token-flow unfolding semantic object after conservative lineage reconciliation, found no complete requested-site caller-input-fiber construction, and retired frozen round 52 unexecuted
2026-08-04	audit	closure-independent-audit-51a	Independent adversarial complete title audit	closure-independent-audit-round-51-a	audit	1500	1500	doi:10.3233/fi-2009-134	-	Reviewer independently parsed and screened every logical occurrence, counted 1338 unique identifiers and 1264 unique nonblank normalized titles, resolved all seven blank and seven multiline records, returned ADD only for token-flow and reduced-token-flow unfolding completeness and redundancy guarantees, adjudicated all other Kahn, latency-insensitive, Petri-net, and translation candidates as repeats or represented variants, and found no direct caller-input-fiber construction
2026-08-04	audit	closure-independent-audit-51b	Second independent adversarial complete title audit	closure-independent-audit-round-51-b	audit	1500	1500	doi:10.3233/fi-2009-134	-	Second reviewer independently parsed and screened all 1500 logical occurrences, counted 1338 unique identifiers and 1264 unique nonblank titles under aggressive Unicode alphanumeric normalization, resolved seven blank records and seven multiline logical titles, agreed after conservative adjudication that only the complete redundancy-reducing token-flow unfolding changes the represented semantic guarantee, and found no complete sparse requested-site observation image with exact caller-input inverse fibers and typed residuals
2026-08-04	search	closure-replacement-53	Crossref REST API	token flow unfolding Petri net complete partial order behavior	query	3423156	100	doi:10.3233/fi-2009-148	-	C53-01; all 100 logical records title-screened; modular interface-summary construction of a finite complete prefix adds a compositional completeness boundary, while Bergenthum and Juhas repeat, the faster token-flow conference article is the predecessor of the retained 2009 journal treatment, and Kindler, collective-token, partial-order, diagnosis, control, and application records remain represented or supporting; snapshot screening/baseline-2026-08-04/crossref-closure-53-01.tsv
2026-08-04	search	closure-replacement-53	Crossref REST API	reduced token flow unfolding avoid isomorphic processes	query	1940553	100	-	-	C53-02; all 100 logical records title-screened; retained token-flow unfolding semantics recurs and its faster 2008 conference predecessor is reconciled once; synchronous-dataflow unfolding, causal-geometry, tagged-token, and nontechnical token or isomorphism records add no separate close boundary; one blank grant is nontechnical and three multiline titles parse as logical records; snapshot screening/baseline-2026-08-04/crossref-closure-53-02.tsv
2026-08-04	search	closure-replacement-53	Crossref REST API	complete finite prefix bounded Petri nets token flow	query	1665053	100	doi:10.3233/fi-242196,doi:10.1007/978-3-540-89287-8_12,doi:10.1007/11767589_8	-	C53-03; all 100 logical records title-screened; the fuller 2024 journal article is retained for symbolic complete prefixes over high-level and infinite-marking classes, contextual-net complete prefixes preserve concurrent reads, and safe Time-Petri-net prefixes preserve dense-time symbolic behavior; finite unbounded-net unfoldings, token-history nets, process semantics, observers, and other bounded-net analyses are supporting or remain within represented semantic and state-estimation boundaries; snapshot screening/baseline-2026-08-04/crossref-closure-53-03.tsv
2026-08-04	search	closure-replacement-53	Crossref REST API	prime event structure token flow unfolding canonical prefix	query	3309087	100	-	-	C53-04; all 100 logical records title-screened; Bergenthum repeats; the earlier read-arc unfolding supports the retained contextual-prefix result, while graph-grammar, Muller, diagnosis, control, event-structure, review, and nontechnical unfolding records add no separate reconciled boundary; snapshot screening/baseline-2026-08-04/crossref-closure-53-04.tsv
2026-08-04	search	closure-replacement-53	Crossref REST API	compact Petri net unfolding semantics redundant events	query	691470	100	-	-	C53-05; all 100 logical records title-screened; represented token-flow and token-trail semantics recur; process-versus-unfolding comparison, component calculi, process-algebra net semantics, pomsets, occurrence nets, and application-specific compact representations are supporting semantic variants without a new target-facing boundary; one multiline title parses as a logical record; snapshot screening/baseline-2026-08-04/crossref-closure-53-05.tsv
2026-08-04	search	closure-replacement-53	Crossref REST API	complete sparse requested site observation image caller input inverse fibers	query	18370	100	-	-	C53-06; all 100 logical records title-screened; inverse-imaging, sparse-recovery, signal-processing, and optical-fiber homonyms yield no requested program observer or complete caller-input inverse fibers; one blank grant is nontechnical; snapshot screening/baseline-2026-08-04/crossref-closure-53-06.tsv
2026-08-04	search	closure-replacement-53	Crossref REST API	exact internal event observation partition typed residual function	query	2176419	100	-	-	C53-07; all 100 logical records title-screened; partition-function, statistical-mechanics, physical, and unrelated event-graph records yield no exact internal-event observation partition or typed residual; one multiline erratum title parses correctly; snapshot screening/baseline-2026-08-04/crossref-closure-53-07.tsv
2026-08-04	search	closure-replacement-53	Crossref REST API	requested selection site outcomes input fibers symbolic residuals	query	1979411	100	-	-	C53-08; all 100 logical records title-screened; fault-diagnostic residual equivalence and timed-I/O test selection remain represented observer or testing variants and do not return caller-input fibers; remaining site-selection, symbolic-regression, optical-fiber, and statistical-residual records are homonyms; five blank records are versions of one irrelevant dataset and four multiline supplement titles parse as logical records; snapshot screening/baseline-2026-08-04/crossref-closure-53-08.tsv
2026-08-04	audit	closure-primary-screen-53	Complete primary title screen	closure-primary-screen-round-53	audit	800	800	doi:10.3233/fi-2009-148,doi:10.3233/fi-242196,doi:10.1007/978-3-540-89287-8_12,doi:10.1007/11767589_8	-	Primary screener parsed and title-screened all 800 logical occurrences, verified eight 100-record snapshots with exact ranks and unique nonblank identifiers, counted 743 unique identifiers and 708 unique nonblank titles under aggressive normalization, resolved seven blank nontechnical records and nine multiline logical titles, retained four canonical modular, high-level symbolic, contextual, and timed complete-prefix results after conservative lineage reconciliation, found no complete requested-site caller-input-fiber construction, and retired frozen round 54 unexecuted
2026-08-04	audit	closure-independent-audit-53a	Independent adversarial complete title audit	closure-independent-audit-round-53-a	audit	800	800	doi:10.3233/fi-2009-148,doi:10.3233/fi-242196,doi:10.1007/978-3-540-89287-8_12,doi:10.1007/11767589_8	-	Reviewer independently parsed and screened every logical occurrence, counted 743 unique identifiers and 708 unique nonblank normalized titles, resolved all seven blank and nine multiline records, required ADD for four changed complete-prefix objects or guarantees, reconciled the faster token-flow and conference records to fuller journals, classified other unfolding and observer works as represented or supporting, and found no direct caller-input-fiber construction
2026-08-04	audit	closure-independent-audit-53b	Second independent adversarial complete title audit	closure-independent-audit-round-53-b	audit	800	800	doi:10.3233/fi-2009-148,doi:10.3233/fi-242196,doi:10.1007/978-3-540-89287-8_12,doi:10.1007/11767589_8	-	Second reviewer independently parsed and screened all 800 logical occurrences, counted 743 unique identifiers and 708 unique nonblank titles under aggressive Unicode alphanumeric normalization, resolved seven blank records and nine multiline logical titles, agreed after conservative adjudication on the modular, symbolic high-level, contextual-read, and safe-time prefix additions only, and found no complete sparse requested-site observation image with exact caller-input inverse fibers and typed residuals
2026-08-04	search	closure-replacement-55	Crossref REST API	modular finite complete prefix Petri net interface summaries message passing	query	17450	100	-	-	C55-01; all 100 logical records title-screened; the retained modular journal article and its conference predecessor recur, while component semantics and interface variants add no changed finite-prefix object or target-facing guarantee; snapshot screening/baseline-2026-08-04/crossref-closure-55-01.tsv
2026-08-04	search	closure-replacement-55	Crossref REST API	symbolic unfolding high level Petri net complete finite prefix infinite markings	query	87631	100	-	-	C55-02; all 100 logical records title-screened; the retained high-level journal and conference versions recur, while symbolic reachability and high-level semantic variants add no changed complete-prefix boundary; snapshot screening/baseline-2026-08-04/crossref-closure-55-02.tsv
2026-08-04	search	closure-replacement-55	Crossref REST API	contextual read arc Petri net complete prefix concurrent reads	query	721890	100	-	-	C55-03; all 100 logical records title-screened; the retained contextual-prefix lineage recurs and read-arc variants add no changed object; two blank records are irrelevant supplemental datasets; snapshot screening/baseline-2026-08-04/crossref-closure-55-03.tsv
2026-08-04	search	closure-replacement-55	Crossref REST API	safe Time Petri net symbolic unfolding complete finite prefix	query	2716635	100	doi:10.1007/s10703-013-0188-2,doi:10.1109/access.2022.3165185	-	C55-04; all 100 logical records title-screened; Jard et al. add symbolic stopwatch and parameter constraints with a finite complete prefix restricted to ordinary safe Time Petri Nets, and Adobbati et al. add a finite full prefix adequate for reveals, excludes, and all maximal-run transition footprints in 1-safe free-choice nets; the ATVA paper is reconciled to the expanded Jard journal article and older timed-prefix variants add no separate boundary; snapshot screening/baseline-2026-08-04/crossref-closure-55-04.tsv
2026-08-04	search	closure-replacement-55	Crossref REST API	compositional symbolic unfolding complete prefix Petri net preservation	query	633151	100	-	-	C55-05; all 100 logical records title-screened; Jard and the represented modular, symbolic, and token-flow prefix lineages recur; compositional process semantics, safe-net algorithms, and language encodings add no changed observer object or guarantee; one multiline title parses as one logical record; snapshot screening/baseline-2026-08-04/crossref-closure-55-05.tsv
2026-08-04	search	closure-replacement-55	Crossref REST API	complete sparse requested site observation image caller input inverse fibers	query	18370	100	-	-	C55-06; all 100 logical records title-screened; inverse-imaging, sparse-recovery, signal-processing, and optical-fiber homonyms yield no requested program observer or complete caller-input inverse fibers; one blank grant is nontechnical; snapshot screening/baseline-2026-08-04/crossref-closure-55-06.tsv
2026-08-04	search	closure-replacement-55	Crossref REST API	exact internal event observation partition typed residual function	query	2176419	100	-	-	C55-07; all 100 logical records title-screened; partition-function, statistical-mechanics, physical, and unrelated event records yield no exact internal-event observation partition or typed residual; one multiline erratum title parses correctly; snapshot screening/baseline-2026-08-04/crossref-closure-55-07.tsv
2026-08-04	search	closure-replacement-55	Crossref REST API	requested selection site outcomes input fibers symbolic residuals	query	1979411	100	-	-	C55-08; all 100 logical records title-screened; fault-residual and timed-I/O testing variants do not return caller-input fibers; site-selection, optical-fiber, and statistical homonyms dominate; five blank records are irrelevant supplement versions and four multiline supplements parse as logical records; snapshot screening/baseline-2026-08-04/crossref-closure-55-08.tsv
2026-08-04	audit	closure-primary-screen-55	Complete primary title screen	closure-primary-screen-round-55	audit	800	800	doi:10.1007/s10703-013-0188-2,doi:10.1109/access.2022.3165185	-	Primary screener parsed and title-screened all 800 logical occurrences, verified eight 100-record snapshots with exact ranks and unique nonblank identifiers, counted 699 unique identifiers and 656 unique nonblank titles under aggressive normalization, resolved eight blank nontechnical records and six multiline logical titles, retained only the parametric-stopwatch symbolic unfolding and free-choice maximal-run footprint boundaries after conservative reconciliation, found no complete requested-site caller-input-fiber construction, and retired frozen round 56 unexecuted
2026-08-04	audit	closure-independent-audit-55a	Independent adversarial complete title audit	closure-independent-audit-round-55-a	audit	800	800	doi:10.1007/s10703-013-0188-2,doi:10.1109/access.2022.3165185	-	Reviewer independently parsed and screened every logical occurrence, counted 699 unique identifiers and 656 unique nonblank normalized titles, resolved all eight blank and six multiline records, required ADD only for symbolic stopwatch and parameter constraints and for the exact maximal-run transition-footprint full prefix, reconciled predecessor versions, and found no direct caller-input-fiber construction
2026-08-04	audit	closure-independent-audit-55b	Second independent adversarial complete title audit	closure-independent-audit-round-55-b	audit	800	800	doi:10.1007/s10703-013-0188-2,doi:10.1109/access.2022.3165185	-	Second reviewer independently parsed and screened all 800 logical occurrences, reproduced the 699-identifier and 656-normalized-title counts, resolved the eight blank and six multiline records, agreed on exactly the two changed symbolic and observer boundaries, confirmed that finite-prefix completeness does not extend to general parametric stopwatch nets and that footprints discard order and multiplicity, and found no complete sparse requested-site observation image with exact caller-input inverse fibers and typed residuals
2026-08-04	search	closure-replacement-57	Crossref REST API	symbolic unfolding parametric stopwatch Petri nets parameter valuations	query	433624	100	doi:10.1007/978-3-662-68191-6_3	-	C57-01; all 100 logical records title-screened; the bounded equal-conflict parametric-reveals result changes the observer to multiplicity-sensitive thresholds and adds a smaller query-relative structure; Jard and represented symbolic-prefix lineages recur, while directed unfolding, BNDC checking, parametric state reachability, stopwatch state spaces, and flow unfoldings remain supporting or represented boundaries; snapshot screening/baseline-2026-08-04/crossref-closure-57-01.tsv
2026-08-04	search	closure-replacement-57	Crossref REST API	finite full prefix free choice net transition information flow footprints	query	104630	100	-	-	C57-02; all 100 logical records title-screened; the retained free-choice full prefix recurs and remaining prefix-code, net-equivalence, and information-flow homonyms add no separate boundary; snapshot screening/baseline-2026-08-04/crossref-closure-57-02.tsv
2026-08-04	search	closure-replacement-57	Crossref REST API	reveals excludes transition relations finite prefix maximal step	query	1865182	100	doi:10.1007/978-3-662-53401-4_3	-	C57-03; all 100 logical records title-screened; the canonical reveals/excludes chapter adds negative information and occurrence-count-sensitive repeated-reveals semantics without an algorithm; its 2015 workshop paper is reconciled as preliminary, while prefix-code and unrelated excludes homonyms add nothing; two multiline titles parse as logical records; snapshot screening/baseline-2026-08-04/crossref-closure-57-03.tsv
2026-08-04	search	closure-replacement-57	Crossref REST API	exact maximal run footprint enumeration free choice Petri net	query	1590123	100	-	-	C57-04; all 100 logical records title-screened; free-choice observability, maximal-step state generation, slicing, and path enumeration remain within represented marking-estimation, state-space, and reduction boundaries; no maximal-run caller-input-fiber construction appears; snapshot screening/baseline-2026-08-04/crossref-closure-57-04.tsv
2026-08-04	search	closure-replacement-57	Crossref REST API	compositional symbolic observer finite prefix transition footprints	query	1090257	100	-	-	C57-05; all 100 logical records title-screened; fine-grained and incremental compositional symbolic-execution variants remain in represented summary lineages and observer/control homonyms add no changed object; one multiline title parses as one logical record; snapshot screening/baseline-2026-08-04/crossref-closure-57-05.tsv
2026-08-04	search	closure-replacement-57	Crossref REST API	complete sparse requested site observation image caller input inverse fibers	query	18370	100	-	-	C57-06; all 100 logical records title-screened; the exact identifier set repeats the prior direct-target query, with inverse-imaging, sparse-recovery, signal, and optical-fiber homonyms only; one blank grant is nontechnical; snapshot screening/baseline-2026-08-04/crossref-closure-57-06.tsv
2026-08-04	search	closure-replacement-57	Crossref REST API	exact internal event observation partition typed residual function	query	2176424	100	-	-	C57-07; all 100 logical records title-screened; partition-function, statistical-mechanics, physical, and unrelated event records yield no internal-event input partition or typed residual; one multiline erratum parses correctly; snapshot screening/baseline-2026-08-04/crossref-closure-57-07.tsv
2026-08-04	search	closure-replacement-57	Crossref REST API	requested selection site outcomes input fibers symbolic residuals	query	1979422	100	-	-	C57-08; all 100 logical records title-screened; timed-I/O test selection and fault residual observers do not enumerate caller-input fibers; remaining site-selection, optical-fiber, and statistical records are homonyms; five blank supplement versions and four multiline supplements were resolved; snapshot screening/baseline-2026-08-04/crossref-closure-57-08.tsv
2026-08-04	audit	closure-primary-screen-57	Complete primary title screen	closure-primary-screen-round-57	audit	800	800	doi:10.1007/978-3-662-68191-6_3,doi:10.1007/978-3-662-53401-4_3	-	Primary screener parsed and title-screened all 800 logical occurrences, verified eight 100-record snapshots with exact ranks and unique nonblank identifiers, counted 782 unique identifiers and 721 unique nonblank normalized titles, resolved six blank and eight multiline logical titles, required the count-sensitive parametric-reveals and repeated-reveals semantic additions after conservative reconciliation, and found no complete requested-site caller-input-fiber construction
2026-08-04	audit	closure-independent-audit-57a	Independent adversarial complete title audit	closure-independent-audit-round-57-a	audit	800	800	doi:10.1007/978-3-662-68191-6_3,doi:10.1007/978-3-662-53401-4_3	-	Reviewer independently parsed and screened every logical occurrence, reproduced the 782-identifier and 721-normalized-title counts, resolved all six blank and eight multiline records, decisively required the bounded equal-conflict count-sensitive observer, identified BNDC unfolding as a close supporting property branch, and found no direct target construction; final reconciliation retains the canonical reveals/excludes semantic predecessor rather than the BNDC property checker
2026-08-04	audit	closure-independent-audit-57b	Second independent adversarial complete title audit	closure-independent-audit-round-57-b	audit	800	800	doi:10.1007/978-3-662-68191-6_3,doi:10.1007/978-3-662-53401-4_3	-	Second reviewer independently parsed and screened all 800 occurrences, reproduced the structural and normalization counts, required the bounded equal-conflict parametric observer, identified directed unfolding as a close supporting request branch, and found no complete sparse requested-site observation image; final reconciliation retains the canonical repeated-reveals semantics and follows directed unfolding forward separately
2026-08-04	snowball	round57-bonet-forward	OpenAlex API	10.1007/978-3-540-89287-8_11	forward	41	41	doi:10.1016/j.tcs.2014.07.003,doi:10.4230/lipics.concur.2017.18	-	seed-key:bonet2008directedunfolding; all 41 citing records title- and abstract-screened; retained the generalized preservation-parametric unfolding framework and the goal-driven prefix that preserves all minimal configurations to a requested marking; planning, alignment, application, unbounded-deadlock, lazy-query, and implementation variants add no closer target object; one blank paratext title is irrelevant; snapshot screening/baseline-2026-08-04/openalex-bonet2008-forward.tsv
2026-08-04	audit	round57-bonet-forward-audit	Complete independent forward-neighborhood audit	10.1007/978-3-540-89287-8_11	audit	41	41	doi:10.1016/j.tcs.2014.07.003,doi:10.4230/lipics.concur.2017.18	-	All 41 logical records independently parsed and screened; exact ranks, eight fields, 41 unique identifiers, 40 unique nonblank titles, one irrelevant blank-title paratext record, and no multiline titles verified; canonicalized Goal-Driven from the arXiv-indexed record to the 2017 LIPIcs article; retained only the general preservation framework and exact minimal-goal-configuration prefix after target-focused adjudication
2026-08-04	search	closure-replacement-59	Crossref REST API	parametric reveals bounded equal conflict Petri net multiplicity threshold full prefix	query	10863	100	-	-	C59-01; all 100 logical records title-screened; the retained bounded equal-conflict parametric-reveals result recurs with finite Time-Petri-net prefixes, parametric verification, and whole-net concurrency variants, none of which adds a changed target-facing object or guarantee; snapshot screening/baseline-2026-08-04/crossref-closure-59-01.tsv
2026-08-04	search	closure-replacement-59	Crossref REST API	repeated reveals excludes occurrence counts noninterference Petri net	query	596654	100	-	-	C59-02; all 100 logical records title-screened; the retained reveals/excludes noninterference chapter recurs while anti-occurrence, supervisory-control, process-semantic, and application variants add no requested program-site input-fiber construction; four blank records are two irrelevant supplements and their versions; snapshot screening/baseline-2026-08-04/crossref-closure-59-02.tsv
2026-08-04	search	closure-replacement-59	Crossref REST API	goal driven unfolding minimal configurations requested marking Petri net	query	891402	100	-	-	C59-03; all 100 logical records title-screened; target-marking unfolding, query-driven reduction, dynamic slicing, diagnosability, planning, deadlock replay, and basis-marking variants remain within represented search, reduction, or state-estimation boundaries and do not enumerate all observer fibers; snapshot screening/baseline-2026-08-04/crossref-closure-59-03.tsv
2026-08-04	search	closure-replacement-59	Crossref REST API	user specified preserved information unfolding prefix cutoff well founded relation	query	37817	100	-	-	C59-04; all 100 logical records title-screened; adequate-order theory, logic-program unfolding, partial deduction, and well-founded query evaluation provide supporting correctness or specialization boundaries but no caller-input observation image with residuals; two blank records are versions of one irrelevant supplement; snapshot screening/baseline-2026-08-04/crossref-closure-59-04.tsv
2026-08-04	search	closure-replacement-59	Crossref REST API	query directed Petri net unfolding observer preservation configuration equivalence	query	637664	100	-	-	C59-05; all 100 logical records title-screened; directed unfolding, query-driven Petri-net reduction, observation-structure equivalence, property-preserving refinement, program-model equivalence, and whole-prefix construction are supporting or represented and do not meet the direct target; one quoted multiline title parses as one logical record; snapshot screening/baseline-2026-08-04/crossref-closure-59-05.tsv
2026-08-04	search	closure-replacement-59	Crossref REST API	complete sparse requested site observation image caller input inverse fibers	query	18370	100	-	-	C59-06; all 100 logical records title-screened; inverse-imaging, sparse-recovery, signal-processing, and optical-fiber homonyms yield no requested program observer or exact caller-input fibers; one blank grant is nontechnical; snapshot screening/baseline-2026-08-04/crossref-closure-59-06.tsv
2026-08-04	search	closure-replacement-59	Crossref REST API	exact internal event observation partition typed residual function	query	2176424	100	-	-	C59-07; all 100 logical records title-screened; partition-function, statistical, physical, medical, and event-processing homonyms yield no internal-event input partition or typed residual; one multiline erratum parses correctly; snapshot screening/baseline-2026-08-04/crossref-closure-59-07.tsv
2026-08-04	search	closure-replacement-59	Crossref REST API	requested selection site outcomes input fibers symbolic residuals	query	1979422	100	-	-	C59-08; all 100 logical records title-screened; timed-I/O test selection and fault-residual observers do not enumerate caller-input fibers, while site-selection, optical-fiber, statistical, and symbolic-regression homonyms dominate; five blank supplement versions and four multiline supplements were resolved; snapshot screening/baseline-2026-08-04/crossref-closure-59-08.tsv
2026-08-04	audit	closure-primary-screen-59	Complete primary title screen	closure-primary-screen-round-59	audit	800	800	-	-	Primary screener independently parsed and title-screened all 800 logical occurrences, verified eight 100-record snapshots with exact ranks and unique nonblank identifiers, counted 648 unique identifiers and 610 unique nonblank titles under the frozen aggressive normalization, resolved twelve blank nontechnical records and six multiline logical titles, classified the unfolding, observer, partial-deduction, and query-directed candidates as represented or supporting, and returned no-add with no direct requested-site caller-input-fiber construction
2026-08-04	audit	closure-independent-audit-59a	Independent adversarial complete title audit	closure-independent-audit-round-59-a	audit	800	800	-	-	Reviewer independently parsed and screened every logical occurrence, reproduced the 648-identifier and 610-normalized-title counts, resolved all twelve blank and six multiline records, classified the strongest Petri-net and program-unfolding candidates as supporting or wrong-object results, and returned no-add with no exact caller-input observation image and typed residuals
2026-08-04	audit	closure-independent-audit-59b	Second independent adversarial complete title audit	closure-independent-audit-round-59-b	audit	800	800	-	-	Second reviewer independently screened all 800 occurrences, verified the structural counts and all anomalies, obtained 611 distinct titles under a less destructive documented normalization while agreeing on every adjudication, and returned no-add; reconciliation uses the frozen aggressive normalization count of 610 and finds no plausible direct competitor
2026-08-04	search	closure-replacement-60	arXiv API	parametric reveals bounded equal conflict Petri net multiplicity threshold full prefix	query	0	0	-	-	C60-01; every alphanumeric term was conjuncted over the all field with relevance-descending order and a 100-record limit; original capture reported zero total hits and zero exports; header-only snapshot screening/baseline-2026-08-04/arxiv-closure-60-01.tsv
2026-08-04	search	closure-replacement-60	arXiv API	repeated reveals excludes occurrence counts noninterference Petri net	query	0	0	-	-	C60-02; every alphanumeric term was conjuncted over the all field with relevance-descending order and a 100-record limit; original capture reported zero total hits and zero exports; header-only snapshot screening/baseline-2026-08-04/arxiv-closure-60-02.tsv
2026-08-04	search	closure-replacement-60	arXiv API	goal driven unfolding minimal configurations requested marking Petri net	query	0	0	-	-	C60-03; every alphanumeric term was conjuncted over the all field with relevance-descending order and a 100-record limit; original capture reported zero total hits and zero exports; header-only snapshot screening/baseline-2026-08-04/arxiv-closure-60-03.tsv
2026-08-04	search	closure-replacement-60	arXiv API	user specified preserved information unfolding prefix cutoff well founded relation	query	0	0	-	-	C60-04; every alphanumeric term was conjuncted over the all field with relevance-descending order and a 100-record limit; original capture reported zero total hits and zero exports; header-only snapshot screening/baseline-2026-08-04/arxiv-closure-60-04.tsv
2026-08-04	search	closure-replacement-60	arXiv API	query directed Petri net unfolding observer preservation configuration equivalence	query	0	0	-	-	C60-05; every alphanumeric term was conjuncted over the all field with relevance-descending order and a 100-record limit; original capture reported zero total hits and zero exports; header-only snapshot screening/baseline-2026-08-04/arxiv-closure-60-05.tsv
2026-08-04	search	closure-replacement-60	arXiv API	complete sparse requested site observation image caller input inverse fibers	query	0	0	-	-	C60-06; every alphanumeric term was conjuncted over the all field with relevance-descending order and a 100-record limit; original capture reported zero total hits and zero exports; header-only snapshot screening/baseline-2026-08-04/arxiv-closure-60-06.tsv
2026-08-04	search	closure-replacement-60	arXiv API	exact internal event observation partition typed residual function	query	0	0	-	-	C60-07; every alphanumeric term was conjuncted over the all field with relevance-descending order and a 100-record limit; original capture reported zero total hits and zero exports; header-only snapshot screening/baseline-2026-08-04/arxiv-closure-60-07.tsv
2026-08-04	search	closure-replacement-60	arXiv API	requested selection site outcomes input fibers symbolic residuals	query	0	0	-	-	C60-08; every alphanumeric term was conjuncted over the all field with relevance-descending order and a 100-record limit; original capture reported zero total hits and zero exports; header-only snapshot screening/baseline-2026-08-04/arxiv-closure-60-08.tsv
2026-08-04	audit	closure-primary-screen-60	Complete primary zero-result audit	closure-primary-screen-round-60	audit	0	0	-	-	Primary screener verified all eight expected 50-byte header-only snapshots, the exact eight-field schema, zero logical data records, and ordered all-field conjunctions containing every frozen alphanumeric query term; a read-only replay returned zero hits and exports for all eight queries, so the round is no-add within the explicitly limited source/query scope
2026-08-04	audit	closure-independent-audit-60a	Independent adversarial zero-result audit	closure-independent-audit-round-60-a	audit	0	0	-	-	Reviewer independently verified the complete byte-identical snapshot set, zero data records, query translation, 100-record limit, and relevance-descending order; all eight read-only live replays returned zero hits and exports, establishing no-add only for these highly conjunctive arXiv queries
2026-08-04	audit	closure-independent-audit-60b	Second independent adversarial zero-result audit	closure-independent-audit-round-60-b	audit	0	0	-	-	Second reviewer independently verified all files and source-query construction and reproduced zero hits and zero exports for every frozen query; together with round 59 this satisfies the consecutive audited no-add rule, not a global literature-exhaustiveness or novelty claim
2026-08-05	audit	evidence-promotion-li-minimum	Primary-source re-review	DOI:10.1109/ACC.2009.5160266 and DOI:10.1109/TAC.2012.2203050	audit	2	2	doi:10.1109/acc.2009.5160266	doi:10.1109/tac.2012.2203050	phase:evidence-reconciliation; promoted-key:doi:10.1109/acc.2009.5160266; superseded-key:doi:10.1109/tac.2012.2203050; the full 2009 proceedings primary now controls the detailed definitions, algorithm, and complexity evidence; the 2013 journal record remains lineage metadata under E7
2026-08-04	exploratory	x1	Web scholarly search	formal symbolic execution semantics and input partition		10+				works-added:4; Candidate identities not-recorded; non-replayable row with no exact query, result set, or included keys; supports no closure claim
2026-08-04	exploratory	x2	Web scholarly search	multi-path symbolic execution value summaries variational execution		10+				works-added:6; Candidate identities not-recorded; non-replayable row with no exact query, result set, or included keys; supports no closure claim
2026-08-04	exploratory	x3	Web scholarly search	AllSAT AllSMT disjoint projected partial model enumeration		10+				works-added:3; Candidate identities not-recorded; non-replayable row with no exact query, result set, or included keys; supports no closure claim
2026-08-04	exploratory	x4	Web scholarly search	symbolic simulation mux RTL functional space partitioning		10+				works-added:6; Candidate identities not-recorded; non-replayable row with no exact query, result set, or included keys; supports no closure claim
2026-08-04	exploratory	x5	Backward snowballing	References of MultiSE trace partitioning and dynamic functional-space papers		20+				works-added:5; Candidate identities not-recorded; seeds and directions were aggregated; supports no closure claim
2026-08-04	exploratory	x6	Backward and forward snowballing	term graph choice needed evaluation sharing pull tabbing		15+				works-added:4; Candidate identities not-recorded; query, seeds, and directions were aggregated; supports no closure claim
2026-08-04	exploratory	x7	Forward snowballing	projected AllSMT disjoint partial enumeration important variables		15+				works-added:3; Candidate identities not-recorded; seed identifiers and screened records were not retained; supports no closure claim
2026-08-04	exploratory	x8	Concept search	configuration structures event structures demand dataflow		15+				works-added:4; Candidate identities not-recorded and additions unreconciled; supports no closure claim
2026-08-04	exploratory	x9	Concept search	decision DNNF disjoint partial models polynomial delay		10+				works-added:3; Candidate identities not-recorded and additions unreconciled; supports no closure claim
2026-08-04	exploratory	x10	Adversarial novelty search	compositional conditional computation free selective functor		10+				works-added:2; Candidate identities not-recorded; selective functors was subsequently cataloged and deep-read; row supports no closure claim
2026-08-04	exploratory	x11	Exploratory scholarly web search	regular property symbolic verification event-equivalent path slicing		10+				works-added:1; Result set not-recorded; exposed yu2018symbolic, which was subsequently cataloged and primary-read; supports no closure claim
2026-08-04	exploratory	x12	Exploratory scholarly web search	finite path-set partition property slicing symbolic execution loops		10+				works-added:1; Result set not-recorded; exposed li2025llm, which was subsequently cataloged and primary-read; supports no closure claim
2026-08-09	audit	screening-tree-retirement	record	-	audit	0	0	-	-	screening/ snapshot tree retired from the record under the traceability bar; snapshot paths in earlier rows and source notes resolve only in git history
2026-08-09	audit	code-vocabulary-audit	record	-	audit	0	0	-	-	arvind1985demand recoded from undeclared E7-abstract-no-manuscript to E7-duplicate-version (one-page invited-talk record superseded by Pingali and Arvind Part 1); check.py now enforces the declared code vocabulary
2026-08-09	audit	a-key-migration	record	catalog and log key-scheme migration	audit	-	-			mechanical migration citekey->identifier keys (doi:/arxiv:/t:/legacy:) across catalog and log decided-key cells and seed/promoted/superseded markers; schema now key,status,code,year,title,cluster,priority,relevance,url; 83 deep-read rows demoted to screened per the referenced-nowhere audit; alias merged: screened ranjha2022schedule collapsed onto its E7 conference-version row; superseded-key:doi:10.1109/rtas54340.2022.00018; described in README Shape and protocol
2026-08-09	search	crossref-symbolic-residual	crossref	symbolic execution guarded residual enumeration	query	512	100	-	doi:10.52202/085713-3533	update batch 2026-08-04..09; 100 exported, deduplicated batch-wide to unique new rows; dual-pass screen (sonnet eligibility-first, haiku exclusion-first), opus adjudication, human gate 2026-08-09
2026-08-09	search	arxiv-symbolic-residual	arxiv	(all:symbolic AND all:execution) AND (all:guarded OR all:residual OR (all:path AND all:merging))	query	1	1	arxiv:2608.04513	-	update batch 2026-08-04..09; 1 exported, deduplicated batch-wide to unique new rows; dual-pass screen (sonnet eligibility-first, haiku exclusion-first), opus adjudication, human gate 2026-08-09
2026-08-09	search	crossref-projected-enumeration	crossref	projected model enumeration disjoint partial assignment	query	5081	100	-	doi:10.52202/085713-5229	update batch 2026-08-04..09; 100 exported, deduplicated batch-wide to unique new rows; dual-pass screen (sonnet eligibility-first, haiku exclusion-first), opus adjudication, human gate 2026-08-09
2026-08-09	search	arxiv-projected-enumeration	arxiv	"(all:AllSAT OR all:AllSMT OR all:""projected model"") AND (all:enumeration OR all:partial)"	query	0	0	-	-	update batch 2026-08-04..09; 0 exported, deduplicated batch-wide to unique new rows; dual-pass screen (sonnet eligibility-first, haiku exclusion-first), opus adjudication, human gate 2026-08-09
2026-08-09	search	crossref-demand-observation	crossref	demand driven symbolic evaluation observation	query	5527	100	doi:10.31274/td-20260804-208	-	update batch 2026-08-04..09; 100 exported, deduplicated batch-wide to unique new rows; dual-pass screen (sonnet eligibility-first, haiku exclusion-first), opus adjudication, human gate 2026-08-09
2026-08-09	search	arxiv-demand-observation	arxiv	"(all:demand OR all:needed) AND all:""symbolic evaluation"""	query	0	0	-	-	update batch 2026-08-04..09; 0 exported, deduplicated batch-wide to unique new rows; dual-pass screen (sonnet eligibility-first, haiku exclusion-first), opus adjudication, human gate 2026-08-09
2026-08-09	search	crossref-term-graph-fingerprint	crossref	term graph choice fingerprint sharing	query	1997	100	-	doi:10.33915/etd.11058	update batch 2026-08-04..09; 100 exported, deduplicated batch-wide to unique new rows; dual-pass screen (sonnet eligibility-first, haiku exclusion-first), opus adjudication, human gate 2026-08-09
2026-08-09	search	arxiv-term-graph-fingerprint	arxiv	"all:""term graph"" AND (all:choice OR all:sharing OR all:fingerprint)"	query	0	0	-	-	update batch 2026-08-04..09; 0 exported, deduplicated batch-wide to unique new rows; dual-pass screen (sonnet eligibility-first, haiku exclusion-first), opus adjudication, human gate 2026-08-09
2026-08-09	search	crossref-observer-partition	crossref	observer equivalence input partition symbolic	query	446	100	doi:10.1109/lcsys.2026.3721668	doi:10.52202/085713-1550,doi:10.52202/085713-2431	update batch 2026-08-04..09; 100 exported, deduplicated batch-wide to unique new rows; dual-pass screen (sonnet eligibility-first, haiku exclusion-first), opus adjudication, human gate 2026-08-09
2026-08-09	search	arxiv-observer-partition	arxiv	"(all:observer OR all:observation) AND all:""input partition"""	query	0	0	-	-	update batch 2026-08-04..09; 0 exported, deduplicated batch-wide to unique new rows; dual-pass screen (sonnet eligibility-first, haiku exclusion-first), opus adjudication, human gate 2026-08-09
2026-08-09	search	crossref-neural-regions	crossref	exact neural network region enumeration decision diagram	query	11386	100	doi:10.52202/085713-1489	doi:10.52202/085713-2151,doi:10.52202/085713-5815	update batch 2026-08-04..09; 100 exported, deduplicated batch-wide to unique new rows; dual-pass screen (sonnet eligibility-first, haiku exclusion-first), opus adjudication, human gate 2026-08-09
2026-08-09	search	arxiv-neural-regions	arxiv	"all:""neural network"" AND (all:""region enumeration"" OR all:""linear region"" OR all:""activation region"")"	query	0	0	-	-	update batch 2026-08-04..09; 0 exported, deduplicated batch-wide to unique new rows; dual-pass screen (sonnet eligibility-first, haiku exclusion-first), opus adjudication, human gate 2026-08-09
2026-08-09	search	crossref-parametric-regions	crossref	piecewise affine critical region exact enumeration	query	2442	100	-	-	update batch 2026-08-04..09; 100 exported, deduplicated batch-wide to unique new rows; dual-pass screen (sonnet eligibility-first, haiku exclusion-first), opus adjudication, human gate 2026-08-09
2026-08-09	search	arxiv-parametric-regions	arxiv	"(all:""piecewise affine"" OR all:""critical region"") AND (all:enumeration OR all:partition)"	query	0	0	-	-	update batch 2026-08-04..09; 0 exported, deduplicated batch-wide to unique new rows; dual-pass screen (sonnet eligibility-first, haiku exclusion-first), opus adjudication, human gate 2026-08-09
2026-08-09	search	crossref-symbolic-por	crossref	symbolic partial order reduction observer preservation	query	1900	100	-	-	update batch 2026-08-04..09; 100 exported, deduplicated batch-wide to unique new rows; dual-pass screen (sonnet eligibility-first, haiku exclusion-first), opus adjudication, human gate 2026-08-09
2026-08-09	search	arxiv-symbolic-por	arxiv	"all:""partial order reduction"" AND (all:symbolic OR all:observation OR all:property)"	query	0	0	-	-	update batch 2026-08-04..09; 0 exported, deduplicated batch-wide to unique new rows; dual-pass screen (sonnet eligibility-first, haiku exclusion-first), opus adjudication, human gate 2026-08-09
2026-08-09	search	crossref-directed-unfolding	crossref	goal directed unfolding observation Petri net	query	721	100	-	doi:10.1007/978-3-032-25552-5_2,doi:10.1109/access.2026.3719810,doi:10.1109/codit70676.2026.11630829,doi:10.1007/s10626-026-00447-8	update batch 2026-08-04..09; 100 exported, deduplicated batch-wide to unique new rows; dual-pass screen (sonnet eligibility-first, haiku exclusion-first), opus adjudication, human gate 2026-08-09
2026-08-09	search	arxiv-directed-unfolding	arxiv	"(all:unfolding OR all:""Petri net"") AND (all:directed OR all:goal OR all:observation)"	query	4	4	-	-	update batch 2026-08-04..09; 4 exported, deduplicated batch-wide to unique new rows; dual-pass screen (sonnet eligibility-first, haiku exclusion-first), opus adjudication, human gate 2026-08-09
2026-08-09	search	crossref-dataflow-demand	crossref	dataflow demand semantics requested output	query	491	100	-	doi:10.1109/isca66397.2026.00130,doi:10.1109/isca66397.2026.00129,doi:10.2139/ssrn.7228045,doi:10.1109/isca66397.2026.00018,doi:10.24297/jam.v3i3.7222,doi:10.52202/085713-0792,doi:10.46298/jfp.17800,doi:10.52202/085713-0123,doi:10.23919/edcccps00001.2026.00026	update batch 2026-08-04..09; 100 exported, deduplicated batch-wide to unique new rows; dual-pass screen (sonnet eligibility-first, haiku exclusion-first), opus adjudication, human gate 2026-08-09
2026-08-09	search	arxiv-dataflow-demand	arxiv	"all:dataflow AND (all:demand OR all:""requested output"" OR all:backward)"	query	0	0	-	-	update batch 2026-08-04..09; 0 exported, deduplicated batch-wide to unique new rows; dual-pass screen (sonnet eligibility-first, haiku exclusion-first), opus adjudication, human gate 2026-08-09
2026-08-09	search	crossref-selection-fibers	crossref	selection observation input fiber symbolic residual	query	1748	100	-	-	update batch 2026-08-04..09; 100 exported, deduplicated batch-wide to unique new rows; dual-pass screen (sonnet eligibility-first, haiku exclusion-first), opus adjudication, human gate 2026-08-09
2026-08-09	search	arxiv-selection-fibers	arxiv	"(all:selection OR all:choice) AND (all:observation OR all:""input fiber"" OR all:residual) AND (all:symbolic OR all:dataflow)"	query	3	3	-	-	update batch 2026-08-04..09; 3 exported, deduplicated batch-wide to unique new rows; dual-pass screen (sonnet eligibility-first, haiku exclusion-first), opus adjudication, human gate 2026-08-09
2026-08-09	audit	a-demotion-load-bearing	record	referenced-nowhere deep-read audit	audit	-	-	doi:10.1109/access.2022.3165185,doi:10.1109/iccd.2017.36,doi:10.1007/11691617_10,doi:10.1007/978-3-319-51676-9_1,doi:10.1007/978-3-319-63139-4_6,arxiv:2210.05189,doi:10.1007/978-3-030-53288-8_4,doi:10.1109/synasc.2011.16,doi:10.1007/978-3-031-43619-2_4,doi:10.1007/11560548_25,doi:10.3233/fi-222162,doi:10.1109/ase.2011.6100044,doi:10.1023/b:jota.0000004869.66331.5c,doi:10.1145/3678722.3685535,doi:10.1145/3368089.3409755,doi:10.1007/978-3-642-13675-7_11,doi:10.1109/tse.2025.3555622,doi:10.1016/s1571-0661(04)80547-4,doi:10.32614/rj-2018-080,doi:10.1007/978-3-540-87405-8_7,doi:10.1007/978-3-319-95582-7_35,doi:10.1145/1040305.1040315,doi:10.4230/lipics.sat.2023.9,arxiv:2105.07776,doi:10.1007/s10626-005-5239-4,doi:10.1145/2043556.2043582,doi:10.1145/2786805.2786841,t:demanddrivensearchinfunctionallogicprograms,doi:10.1017/s1471068426100453,t:splinecam,doi:10.1007/s10703-013-0188-2,doi:10.1007/978-3-032-09645-6_10,doi:10.1007/978-3-642-02658-4_31,arxiv:2009.08332,doi:10.1109/date.2004.1268860,doi:10.1145/3763163,doi:10.4230/lipics.fscd.2020.27,t:nn2eqcdt,doi:10.1016/j.jsc.2016.07.012,doi:10.1007/978-3-642-02658-4_41,doi:10.1007/978-3-540-31987-0_2,doi:10.5220/0008362904240433,doi:10.1017/s0956796816000216,doi:10.1145/3408984,doi:10.1016/j.automatica.2011.07.011,doi:10.1145/5001.5003,doi:10.1109/test.2017.8242038,doi:10.1007/bf00116251,doi:10.1109/real.1998.739746,doi:10.1007/978-3-642-41582-1_4,doi:10.1007/978-3-642-02652-2_16,doi:10.1109/acsd.2012.18,doi:10.1016/j.entcs.2006.10.055,doi:10.1007/978-3-319-47846-3_5,doi:10.1145/2635868.2635872,doi:10.24963/kr.2020/91,doi:10.1007/978-3-030-24258-9_25,doi:10.1109/cdc57313.2025.11312749,doi:10.1007/978-3-030-72013-1_15,arxiv:2306.05211,doi:10.1016/j.neunet.2026.109419,doi:10.1145/2384616.2384655,doi:10.1145/2975585,doi:10.1145/3180155.3180251,doi:10.1007/978-3-642-20398-5_29,doi:10.1007/s10009-017-0468-z,doi:10.1007/978-3-642-19811-3_18,doi:10.1016/0743-7315(90)90036-o,doi:10.1145/2774975.2774978,arxiv:2605.06218,doi:10.1007/11901914_35,doi:10.1145/3276487,arxiv:1712.08163,doi:10.1109/dsn.2009.5270315,t:traversingthelocalpolytopesofreluneuralnetworks,doi:10.1080/10170660409509384,arxiv:2003.01226,doi:10.1007/978-3-030-72019-3_23,doi:10.1145/3180155.3180227,doi:10.1007/978-3-030-32304-2_11,doi:10.1145/3704886,doi:10.1145/2610384.2610392,doi:10.1109/icse.2015.80		the 83 keys in included_keys are deep-read rows demoted to screened: each supported no synthesis claim, manuscript citation, or thematic synthesis; three AI-assisted review passes (chunked by cluster) confirmed the route comparison loses nothing; notes retired to git history
2026-08-09	audit	a-read-depth-audit	record	read-depth versus status audit	audit	-	-	doi:10.24963/ijcai.2022/492		adversarial review found this deep-read row rests on an abstract-only note; demoted to screened, its manuscript citation removed, and its evidence finding split into a low-certainty record
