rank	source_id	year	doi	title	venue	type
1	10.1109/tpami.2016.2567399	2017	10.1109/tpami.2016.2567399	Generalized Sparse Learning Of Linear Models Over The Complete Subgraph Feature Set	IEEE Transactions On Pattern Analysis And Machine Intelligence [doi:10.1109/tpami.34 doi:10.1109/tse.32 issn:0098-5589 issn:0162-8828 issn:1939-3520 issn:1939-3539 issn:2160-9292 issn:2326-3881 omid:br/0603903711]	journal article
2	10.1587/transfun.e100.a.1773	2017	10.1587/transfun.e100.a.1773	Frontier-Based Search For Enumerating All Constrained Subgraphs With Compressed Representation	IEICE Transactions On Fundamentals Of Electronics, Communications And Computer Sciences [issn:0916-8508 issn:1745-1337 openalex:S166990724 omid:br/068043560]	journal article
3	10.1007/978-0-387-36721-7_19		10.1007/978-0-387-36721-7_19	A Two Step Hybrid Optimization Procedure For The Design Of Optimal Water Distribution Networks	Models And Algorithms For Global Optimization [doi:10.1007/978-0-387-36721-7 isbn:9780387367200 openalex:W3146797183 omid:br/069071376]	book chapter
4	10.1007/978-3-031-34347-6_31	2023	10.1007/978-3-031-34347-6_31	A Linear Delay Algorithm For Enumeration Of 2-Edge/Vertex-Connected Induced Subgraphs	Lecture Notes In Computer Science [isbn:9783031343469 isbn:9783031343476 omid:br/0631085533]	book chapter
5	10.1145/3675391	2024	10.1145/3675391	SAH-Optimized k-DOP Hierarchies For Ray Tracing	Proceedings Of The ACM On Computer Graphics And Interactive Techniques [issn:2577-6193 openalex:S4210220973 omid:br/061201981158]	journal article
6	10.1587/transinf.2016fcp0015	2017	10.1587/transinf.2016fcp0015	Enumeration, Counting, And Random Generation Of Ladder Lotteries	IEICE Transactions On Information And Systems [issn:0916-8532 issn:1745-1361 openalex:S2486202937 omid:br/068043574]	journal article
7	10.1007/s00373-025-02929-2	2025	10.1007/s00373-025-02929-2	On Flipping Edge Sets In Unique Sink Orientations	Graphs And Combinatorics [issn:0911-0119 issn:1435-5914 openalex:S186126824 omid:br/0617021401]	journal article
8	10.1007/s11425-012-4512-x	2012	10.1007/s11425-012-4512-x	New Semidefinite Programming Relaxations For Box Constrained Quadratic Program	Science China Mathematics [issn:1006-9283 issn:1674-7283 issn:1862-2763 issn:1869-1862 issn:2095-0535 omid:br/065043404]	journal article
9	10.1109/candar.2017.34	2017	10.1109/candar.2017.34	Discovery Of δ-Tolerance Closed Subgraphs On GPGPU	2017 Fifth International Symposium On Computing And Networking (CANDAR) [omid:br/062202333580]	proceedings article
10	10.1007/978-3-540-27810-8_23	2004	10.1007/978-3-540-27810-8_23	New Algorithms For Enumerating All Maximal Cliques	Algorithm Theory - SWAT 2004 [isbn:9783540223399 isbn:9783540278108 omid:br/06602614054]	book chapter
11	10.1142/s0129054123420078	2023	10.1142/s0129054123420078	Family Trees for Enumeration	International Journal of Foundations of Computer Science	journal-article
12	10.2514/1.g008832	2025	10.2514/1.g008832	Fast And Robust Multivariate Estimator Based On Heavy-Tailed Cauchy Uncertainties	Journal Of Guidance, Control, And Dynamics [issn:0731-5090 issn:1533-3884 openalex:S25157213 omid:br/06012904137]	journal article
13	10.1007/978-981-96-1093-8_26	2025	10.1007/978-981-96-1093-8_26	Enumerating Floorplans With Any Set Of Columns	Lecture Notes In Computer Science [isbn:9789819610921 isbn:9789819610938 omid:br/0607284028]	book chapter
14	10.1145/3588931	2023	10.1145/3588931	Maximal Defective Clique Enumeration	Proceedings Of The ACM On Management Of Data [issn:2836-6573 openalex:S4387289859 omid:br/0645087171]	journal article
15	10.1016/j.tcs.2023.114255	2023	10.1016/j.tcs.2023.114255	Quantum Algorithms For Learning Hidden Strings With Applications To Matroid Problems	Theoretical Computer Science [omid:br/06023326797]	journal article
16	10.1142/s0218195903001098	2003	10.1142/s0218195903001098	Simultaneous Edge Flipping In Triangulations	International Journal Of Computational Geometry & Applications [issn:0218-1959 issn:1793-6357 openalex:S25827807 omid:br/06120971106]	journal article
17	10.1016/j.dam.2021.06.004	2021	10.1016/j.dam.2021.06.004	Efficient Enumeration Of Dominating Sets For Sparse Graphs	Discrete Applied Mathematics [issn:0166-218X openalex:S171741597 omid:br/062204127]	journal article
18	10.1016/j.ins.2013.04.035	2013	10.1016/j.ins.2013.04.035	On The Possibilistic Approach To Linear Regression Models Involving Uncertain, Indeterminate Or Interval Data	Information Sciences [issn:0020-0255 openalex:S192650101 omid:br/0617044118]	journal article
19	10.1007/978-3-319-96418-8_23	2018	10.1007/978-3-319-96418-8_23	Universal Gröbner Basis For Parametric Polynomial Ideals	Mathematical Software – ICMS 2018 [doi:10.1007/978-3-319-96418-8 isbn:9783319964171 isbn:9783319964188 openalex:W4299512326 omid:br/0611064428]	book chapter
20	10.1109/tie.2016.2615042	2017	10.1109/tie.2016.2615042	Escort Evolutionary Game Dynamics Approach For Integral Load Management Of Electric Vehicle Fleets	IEEE Transactions On Industrial Electronics [doi:10.1109/tie.41 issn:0278-0046 issn:1557-9948 openalex:S58031724 omid:br/066014021]	journal article
21	10.1587/transinf.e94.d.200	2011	10.1587/transinf.e94.d.200	Generation Of Symmetric And Asymmetric Biconnected Rooted Triangulated Planar Graphs	IEICE Transactions On Information And Systems [issn:0916-8532 issn:1745-1361 openalex:S2486202937 omid:br/068043574]	journal article
22	10.1109/tit.2025.3545564	2025	10.1109/tit.2025.3545564	The Convex Landscape of Neural Networks: Characterizing Global Optima and Stationary Points via Lasso Models	IEEE Transactions on Information Theory	journal-article
23	10.1007/s10618-012-0258-x	2012	10.1007/s10618-012-0258-x	A Survey On Enhanced Subspace Clustering	Data Mining And Knowledge Discovery [issn:1384-5810 issn:1573-756X openalex:S121920818 omid:br/06603299212]	journal article
24	10.1007/978-1-4419-7997-1_54	2013	10.1007/978-1-4419-7997-1_54	Connections Between Continuous And Discrete Extremum Problems, Generalized Systems, andVariational Inequalities∗	Handbook Of Combinatorial Optimization [omid:br/06503364590]	book chapter
25	10.1007/s10898-009-9504-1	2009	10.1007/s10898-009-9504-1	An Improved Lower Bound And Approximation Algorithm For Binary Constrained Quadratic Programming Problem	Journal Of Global Optimization [issn:0925-5001 issn:1573-2916 openalex:S115925768 omid:br/061018460]	journal article
26	10.1007/978-1-4939-2864-4_727	2016	10.1007/978-1-4939-2864-4_727	Geometric Object Enumeration	Encyclopedia Of Algorithms [omid:br/061802298598]	book chapter
27	10.1109/imcom51814.2021.9377349	2021	10.1109/imcom51814.2021.9377349	An Efficient Scheme For The Generation Of Ordered Trees In Constant Amortized Time	2021 15Th International Conference On Ubiquitous Information Management And Communication (IMCOM) [omid:br/06203615428]	proceedings article
28	10.1016/j.ejc.2022.103656	2023	10.1016/j.ejc.2022.103656	A Duality Theorem For The Ic-Resurgence Of Edge Ideals	European Journal Of Combinatorics [issn:0195-6698 issn:1095-9971 openalex:S204851967 omid:br/065011846]	journal article
29	10.1007/978-1-4939-2864-4_729	2016	10.1007/978-1-4939-2864-4_729	Enumeration Of Non-crossing Geometric Graphs	Encyclopedia Of Algorithms [omid:br/061702313889]	book chapter
30	10.1145/3637528.3672066	2024	10.1145/3637528.3672066	A Fast Exact Algorithm To Enumerate Maximal Pseudo-cliques In Large Sparse Graphs	Proceedings Of The 30Th ACM SIGKDD Conference On Knowledge Discovery And Data Mining [omid:br/062404316525]	proceedings article
31	10.1137/040617340	2006	10.1137/040617340	On The Gap Between The Complex Structured Singular Value And Its Convex Upper Bound	SIAM Journal On Control And Optimization [issn:0363-0129 issn:1095-7138 openalex:S897311980 omid:br/0622033827]	journal article
32	10.1007/978-3-319-75172-6_2	2018	10.1007/978-3-319-75172-6_2	Enumeration Of Nonisomorphic Interval Graphs And Nonisomorphic Permutation Graphs	WALCOM: Algorithms And Computation [isbn:9783319751719 isbn:9783319751726 omid:br/06802592123]	book chapter
33	10.1007/s12532-016-0104-z	2016	10.1007/s12532-016-0104-z	Computing Convex Hulls And Counting Integer Points With Polymake	Mathematical Programming Computation [issn:1867-2949 issn:1867-2957 openalex:S173077093 omid:br/064208713]	journal article
34	10.1007/978-3-031-34347-6_28	2023	10.1007/978-3-031-34347-6_28	Reconfiguration And Enumeration Of Optimal Cyclic Ladder Lotteries	Lecture Notes In Computer Science [isbn:9783031343469 isbn:9783031343476 omid:br/0631085533]	book chapter
35	10.1145/378583.378596	2001	10.1145/378583.378596	Enumerating Order Types For Small Sets With Applications	Proceedings Of The Seventeenth Annual Symposium On Computational Geometry - SCG '01 [omid:br/06603805554]	proceedings article
36	10.1007/s41884-025-00166-3	2025	10.1007/s41884-025-00166-3	Maximum Information Divergence From Linear And Toric Models	Information Geometry [issn:2511-2481 issn:2511-249X openalex:S4210203835 omid:br/0607359771]	journal article
37	10.1007/978-3-642-32241-9_30	2012	10.1007/978-3-642-32241-9_30	Constant Time Enumeration Of Bounded-Size Subtrees In Trees And Its Application	Lecture Notes In Computer Science [isbn:9783642322402 isbn:9783642322419 omid:br/061402601425]	book chapter
38	10.1137/120890156	2015	10.1137/120890156	Global CLF Stabilization Of Nonlinear Systems. Part II: An Approximation Approach---Closed CVS	SIAM Journal On Control And Optimization [issn:0363-0129 issn:1095-7138 openalex:S897311980 omid:br/0622033827]	journal article
39	10.1016/j.dam.2007.05.035	2008	10.1016/j.dam.2007.05.035	Algorithms For Media	Discrete Applied Mathematics [issn:0166-218X openalex:S171741597 omid:br/062204127]	journal article
40	10.1177/02783649231170897	2023	10.1177/02783649231170897	Autogenerated Manipulation Primitives	The International Journal Of Robotics Research [issn:0278-3649 issn:1741-3176 openalex:S73484101 omid:br/0626036748]	journal article
41	10.1007/978-3-7643-7400-6_21		10.1007/978-3-7643-7400-6_21	On The Enumeration Of Bipartite Minimum Edge Colorings	Trends In Mathematics [doi:10.1007/978-3-7643-7400-6 isbn:9783764372286 isbn:9783764374006 openalex:W2499579848 omid:br/0625060501]	book chapter
42	10.1016/s0925-7721(02)00111-6	2002	10.1016/s0925-7721(02)00111-6	An Efficient Algorithm For Enumeration Of Triangulations	Computational Geometry [issn:0925-7721 issn:1879-081X openalex:S165542689 omid:br/061018526]	journal article
43	10.1109/icassp.2011.5947193	2011	10.1109/icassp.2011.5947193	Rank-deficient Quadratic-Form Maximization Over M-phase Alphabet: Polynomial-complexity Solvability And Algorithmic Developments	2011 IEEE International Conference On Acoustics, Speech And Signal Processing (ICASSP) [omid:br/062303012312]	proceedings article
44	10.3390/a13050122	2020	10.3390/a13050122	Incremental FPT Delay	Algorithms [issn:1999-4893 openalex:S190629608 omid:br/0615060626]	journal article
45	10.1093/restud/rdaf001	2025	10.1093/restud/rdaf001	Finite Sample Inference For The Maximum Score Estimand	Review Of Economic Studies [issn:0034-6527 issn:1467-937X openalex:S88935262 omid:br/0605191667]	journal article
46	10.1145/1064092.1064108	2005	10.1145/1064092.1064108	Abstract Order Type Extension And New Results On The Rectilinear Crossing Number	Proceedings Of The Twenty-First Annual Symposium On Computational Geometry - SCG '05 [omid:br/061603368230]	proceedings article
47	10.1007/s10898-011-9660-y	2011	10.1007/s10898-011-9660-y	On Zero Duality Gap In Nonconvex Quadratic Programming Problems	Journal Of Global Optimization [issn:0925-5001 issn:1573-2916 openalex:S115925768 omid:br/061018460]	journal article
48	10.1080/01621459.2020.1802284	2020	10.1080/01621459.2020.1802284	Nonparametric Maximum Likelihood Methods For Binary Response Models With Random Coefficients	Journal Of The American Statistical Association [issn:0162-1459 issn:1537-274X openalex:S4394736638 omid:br/0626043072]	journal article
49	10.1587/transinf.2024fcp0001	2025	10.1587/transinf.2024fcp0001	Enumerating Floorplans With Aligned Columns	IEICE Transactions On Information And Systems [issn:0916-8532 issn:1745-1361 openalex:S2486202937 omid:br/068043574]	journal article
50	10.1134/s0361768809020030	2009	10.1134/s0361768809020030	Enumeration Of Finite Monomial Orderings And Combinatorics Of Universal Gröbner Bases	Programming And Computer Software [issn:0361-7688 issn:1608-3261 openalex:S150218641 omid:br/062090310]	journal article
51	10.1007/s10898-012-9872-9	2012	10.1007/s10898-012-9872-9	On Reduction Of Duality Gap In Quadratic Knapsack Problems	Journal Of Global Optimization [issn:0925-5001 issn:1573-2916 openalex:S115925768 omid:br/061018460]	journal article
52	10.1007/978-3-642-27848-8_725-1	2014	10.1007/978-3-642-27848-8_725-1	Clique Enumeration	Encyclopedia Of Algorithms [doi:10.1007/978-3-642-27848-8 isbn:9783642278488 openalex:W2553682957 omid:br/062502632668]	book chapter
53	10.1109/tac.2023.3270219	2024	10.1109/tac.2023.3270219	Stability Analysis And Controller Synthesis Using Single-Hidden-Layer ReLU Neural Networks	IEEE Transactions On Automatic Control [doi:10.1109/tac.9 issn:0018-9286 issn:1558-2523 issn:2334-3303 openalex:S184954342 omid:br/0618038962]	journal article
54	10.1007/978-3-642-04747-3_13	2009	10.1007/978-3-642-04747-3_13	Mining Frequent Bipartite Episode From Event Sequences	Discovery Science [isbn:9783642047466 isbn:9783642047473 omid:br/061603088682]	book chapter
55	10.1137/18m1198995	2020	10.1137/18m1198995	Enumerating Vertices Of Covering Polyhedra With Totally Unimodular Constraint Matrices	SIAM Journal On Discrete Mathematics [issn:0895-4801 issn:1095-7146 openalex:S117679221 omid:br/0624011315]	journal article
56	10.1007/s13721-015-0101-6	2015	10.1007/s13721-015-0101-6	Mining Representative Maximal Dense Cohesive Subnetworks	Network Modeling Analysis In Health Informatics And Bioinformatics [issn:2192-6662 issn:2192-6670 openalex:S4210178532 omid:br/0690963036]	journal article
57	10.1109/tsp.2014.2338077	2014	10.1109/tsp.2014.2338077	"Optimal Algorithms For <Formula Formulatype=""Inline""> <Tex Notation=""TeX"">$L_{1}$</tex></formula>-subspace Signal Processing"	IEEE Transactions On Signal Processing [doi:10.1109/tsp.78 issn:1053-587X issn:1941-0476 openalex:S168680287 omid:br/0616051712]	journal article
58	10.11540/jsiamt.20.1_33	2010	10.11540/jsiamt.20.1_33	2連結平面グラフのSt-Numberingの列挙アルゴリズム(理論)	日本応用数理学会論文誌 [issn:2424-0982 jid:jsiamt omid:br/0604003555]	journal article
59	10.1007/978-3-030-66723-8_29	2021	10.1007/978-3-030-66723-8_29	Efficient Contact Mode Enumeration In 3D	Algorithmic Foundations Of Robotics XIV [doi:10.1007/978-3-030-66723-8 isbn:9783030667221 isbn:9783030667238 openalex:W4248150061 omid:br/0616053855]	book chapter
60	10.1007/978-3-031-75409-8_23	2025	10.1007/978-3-031-75409-8_23	On The Connectivity Of The Flip Graph Of Plane Spanning Paths	Lecture Notes In Computer Science [isbn:9783031754081 isbn:9783031754098 omid:br/0607766024]	book chapter
61	10.1109/candar.2016.0093	2016	10.1109/candar.2016.0093	Experimental Evaluation Of A GPU-based Frequent Subgraph Miner Using Synthetic Databases	2016 Fourth International Symposium On Computing And Networking (CANDAR) [omid:br/06601921497]	proceedings article
62	10.1145/3388440.3412423	2020	10.1145/3388440.3412423	Efficiently Mining Rich Subgraphs From Vertex-Attributed Graphs	Proceedings Of The 11Th ACM International Conference On Bioinformatics, Computational Biology And Health Informatics [omid:br/061203424497]	proceedings article
63	10.1016/j.dam.2008.10.010	2009	10.1016/j.dam.2008.10.010	Enumeration Aspects Of Maximal Cliques And Bicliques	Discrete Applied Mathematics [issn:0166-218X openalex:S171741597 omid:br/062204127]	journal article
64	10.1088/1742-6596/197/1/012012	2009	10.1088/1742-6596/197/1/012012	Dense Module Enumeration In Biological Networks	Journal Of Physics: Conference Series [doi:10.1088/issn.1742-6596 issn:1742-6588 issn:1742-6596 openalex:S4210187594 omid:br/061011806]	journal article
65	10.2197/ipsjtrans.3.1	2010	10.2197/ipsjtrans.3.1	An Efficient Depth-first Search Algorithm For Extracting Frequent Diamond Episodes From Event Sequences	IPSJ Online Transactions [issn:1882-6660 openalex:S4210240479 omid:br/06603061038]	journal article
66	10.1007/s10898-011-9683-4	2011	10.1007/s10898-011-9683-4	On Duality Gap In Binary Quadratic Programming	Journal Of Global Optimization [issn:0925-5001 issn:1573-2916 openalex:S115925768 omid:br/061018460]	journal article
67	10.1145/343477.343629	2000	10.1145/343477.343629	Efficient Generation Of All Regular Non-Dominated Coteries	Proceedings Of The Nineteenth Annual ACM Symposium On Principles Of Distributed Computing - PODC '00 [omid:br/061103396591]	proceedings article
68	10.1007/978-3-030-14085-4_19	2019	10.1007/978-3-030-14085-4_19	Reconstruction Of The Crossing Type Of A Point Set From The Compatible Exchange Graph Of Noncrossing Spanning Trees	Discrete Geometry For Computer Imagery [doi:10.1007/978-3-030-14085-4 isbn:9783030140847 isbn:9783030140854 openalex:W3162330043 omid:br/069065785]	book chapter
69	10.1007/978-3-540-68125-0_32		10.1007/978-3-540-68125-0_32	Ambiguous Frequent Itemset Mining And Polynomial Delay Enumeration	Advances In Knowledge Discovery And Data Mining [doi:10.1007/978-3-540-68125-0 isbn:9783540681243 isbn:9783540681250 openalex:W4299847349 omid:br/0612058675]	book chapter
70	10.1260/1478-0771.13.1.25	2015	10.1260/1478-0771.13.1.25	Enumeration Of Floor Plans Based On A Zero-Suppressed Binary Decision Diagram	International Journal Of Architectural Computing [issn:1478-0771 issn:2048-3988 openalex:S10544101 omid:br/0640306708]	journal article
71	10.1016/s0166-218x(01)00180-9	2002	10.1016/s0166-218x(01)00180-9	Boundary Uniqueness Of Fusenes	Discrete Applied Mathematics [issn:0166-218X openalex:S171741597 omid:br/062204127]	journal article
72	10.1137/070697987	2010	10.1137/070697987	Transforming Triangulations On Nonplanar Surfaces	SIAM Journal On Discrete Mathematics [issn:0895-4801 issn:1095-7146 openalex:S117679221 omid:br/0624011315]	journal article
73	10.1007/978-3-642-27848-8_725-2	2014	10.1007/978-3-642-27848-8_725-2	Clique Enumeration	Encyclopedia Of Algorithms [doi:10.1007/978-3-642-27848-8 isbn:9783642278488 openalex:W2553682957 omid:br/062502632668]	book chapter
74	10.1007/978-3-319-21840-3_37	2015	10.1007/978-3-319-21840-3_37	Polynomial Delay Algorithm For Listing Minimal Edge Dominating Sets In Graphs	Lecture Notes In Computer Science [isbn:9783319218397 isbn:9783319218403 omid:br/062302581385]	book chapter
75	10.1016/j.tcs.2025.115434	2025	10.1016/j.tcs.2025.115434	Reconfiguration And Enumeration Of Optimal Cyclic Ladder Lotteries	Theoretical Computer Science [issn:0304-3975 openalex:S90727058 omid:br/0608527132]	journal article
76	10.1007/11917496_7	2006	10.1007/11917496_7	Listing Chordal Graphs And Interval Graphs	Graph-Theoretic Concepts In Computer Science [doi:10.1007/11917496 isbn:9783540483816 isbn:9783540483823 openalex:W4214643391 omid:br/0611068848]	book chapter
77	10.1007/978-3-030-74568-4_25	2021	10.1007/978-3-030-74568-4_25	On Compression Of Machine-Derived Context Sets For Fusion Of Multi-modal Sensor Data	Handbook Of Dynamic Data Driven Applications Systems [isbn:9783030745677 isbn:9783030745684 omid:br/06102146000]	book chapter
78	10.1007/978-3-642-14888-0_26	2010	10.1007/978-3-642-14888-0_26	Mining Frequent k-Partite Episodes From Event Sequences	New Frontiers In Artificial Intelligence [doi:10.1007/978-3-642-14888-0 isbn:9783642148873 isbn:9783642148880 openalex:W4205194622 omid:br/065058529]	book chapter
79	10.1587/transinf.2024fcp0002	2025	10.1587/transinf.2024fcp0002	Escape From The Room	IEICE Transactions On Information And Systems [issn:0916-8532 issn:1745-1361 openalex:S2486202937 omid:br/068043574]	journal article
80	10.1007/978-3-540-75488-6_6		10.1007/978-3-540-75488-6_6	Time And Space Efficient Discovery Of Maximal Geometric Graphs	Discovery Science [isbn:9783540754879 isbn:9783540754886 omid:br/061403094594]	book chapter
81	10.1007/978-3-030-68211-8_23	2021	10.1007/978-3-030-68211-8_23	Efficient Enumeration Of Non-isomorphic Distance-Hereditary Graphs And Ptolemaic Graphs	WALCOM: Algorithms And Computation [isbn:9783030682101 isbn:9783030682118 omid:br/06901913439]	book chapter
82	10.1145/1023833.1023844	2004	10.1145/1023833.1023844	Scalable Custom Instructions Identification For Instruction-Set Extensible Processors	Proceedings Of The 2004 International Conference On Compilers, Architecture, And Synthesis For Embedded Systems - CASES '04 [omid:br/062403362341]	proceedings article
83	10.1007/978-3-540-78929-1_16	2008	10.1007/978-3-540-78929-1_16	Zonotope/Hyperplane Intersection For Hybrid Systems Reachability Analysis	Hybrid Systems: Computation And Control [doi:10.1007/978-3-540-78929-1 isbn:9783540789284 isbn:9783540789291 openalex:W2477728106 omid:br/0612058826]	book chapter
84	10.1109/isit.2008.4595431	2008	10.1109/isit.2008.4595431	Quadratic Form Maximization Over The Binary Field With Polynomial Complexity	2008 IEEE International Symposium On Information Theory [omid:br/062503220587]	proceedings article
85	10.1007/978-3-031-22105-7_21	2022	10.1007/978-3-031-22105-7_21	Escape From The Room	Lecture Notes In Computer Science [isbn:9783031221040 isbn:9783031221057 omid:br/06350194380]	book chapter
86	10.1016/j.dam.2005.09.006	2006	10.1016/j.dam.2005.09.006	h-Assignments Of Simplicial Complexes And Reverse Search	Discrete Applied Mathematics [issn:0166-218X openalex:S171741597 omid:br/062204127]	journal article
87	10.1109/ipps.1997.580936		10.1109/ipps.1997.580936	Joining Forces In Solving Large-Scale Quadratic Assignment Problems In Parallel	Proceedings 11Th International Parallel Processing Symposium [omid:br/062303416845]	proceedings article
88	10.1007/978-3-030-45190-5_18	2020	10.1007/978-3-030-45190-5_18	Farkas Certificates And Minimal Witnesses For Probabilistic Reachability Constraints	Tools And Algorithms For The Construction And Analysis Of Systems [doi:10.1007/978-3-030-45190-5 isbn:9783030451899 isbn:9783030451905 openalex:W3124330872 omid:br/069065512]	book chapter
89	10.1007/978-3-642-27848-8_722-1	2014	10.1007/978-3-642-27848-8_722-1	Frequent Pattern Mining	Encyclopedia Of Algorithms [doi:10.1007/978-3-642-27848-8 isbn:9783642278488 openalex:W2553682957 omid:br/062502632668]	book chapter
90	10.1007/978-3-642-19222-7_26	2011	10.1007/978-3-642-19222-7_26	On Fast Enumeration Of Pseudo Bicliques	Lecture Notes In Computer Science [isbn:9783642192210 isbn:9783642192227 omid:br/06803295461]	book chapter
91	10.1137/s0895480100371110	2001	10.1137/s0895480100371110	Transformations On Regular Nondominated Coteries And Their Applications	SIAM Journal On Discrete Mathematics [issn:0895-4801 issn:1095-7146 openalex:S117679221 omid:br/0624011315]	journal article
92	10.1016/j.ipl.2023.106425	2024	10.1016/j.ipl.2023.106425	Algorithms With Improved Delay For Enumerating Connected Induced Subgraphs Of A Large Cardinality	Information Processing Letters [issn:0020-0190 issn:1872-6119 openalex:S147953040 omid:br/066022660]	journal article
93	10.1007/978-3-319-53925-6_2	2017	10.1007/978-3-319-53925-6_2	Efficient Enumeration Of Flat-Foldable Single Vertex Crease Patterns	WALCOM: Algorithms And Computation [isbn:9783319539249 isbn:9783319539256 omid:br/06102639944]	book chapter
94	10.1007/978-1-4939-1124-0_11	2014	10.1007/978-1-4939-1124-0_11	Optimal Algorithms For Binary, Sparse, And L 1-Norm Principal Component Analysis	Mathematics Without Boundaries [doi:10.1007/978-1-4939-1124-0 isbn:9781493911233 isbn:9781493911240 openalex:W4246776814 omid:br/061055127]	book chapter
95	10.1007/3-540-44968-x_6	2000	10.1007/3-540-44968-x_6	On Local Transformation Of Polygons With Visibility Properties	Lecture Notes In Computer Science [isbn:9783540449683 isbn:9783540677871 omid:br/061103119104]	book chapter
96	10.1145/2462356.2462392	2013	10.1145/2462356.2462392	A Simple Aggregative Algorithm For Counting Triangulations Of Planar Point Sets And Related Problems	Proceedings Of The 29Th Annual Symposium On Symposuim On Computational Geometry - SoCG '13 [omid:br/06403328024]	proceedings article
97	10.1007/s00454-008-9050-5	2008	10.1007/s00454-008-9050-5	Generating All Vertices Of A Polyhedron Is Hard	Discrete & Computational Geometry [issn:0179-5376 issn:1432-0444 openalex:S103671469 omid:br/0612023295]	journal article
98	10.1007/978-981-95-7127-7_38	2026	10.1007/978-981-95-7127-7_38	Enumeration Of Bases In Matroid With Exponentially Large Ground Set	Lecture Notes In Computer Science [isbn:9789819571260 isbn:9789819571277 omid:br/06015697306]	book chapter
99	10.1109/glocom.2014.7036855	2014	10.1109/glocom.2014.7036855	Communication-constrained P-Center Problem For Event Coverage In Theme Parks	2014 IEEE Global Communications Conference [omid:br/06902563932]	proceedings article
100	10.1016/j.jcss.2025.103637	2025	10.1016/j.jcss.2025.103637	A Linear Delay Algorithm In SD Set System And Its Application To Subgraph Enumeration	Journal Of Computer And System Sciences [issn:0022-0000 issn:1090-2724 openalex:S141020589 omid:br/0626061413]	journal article
101	10.1109/acc.2011.5990908	2011	10.1109/acc.2011.5990908	On The Hyperplanes Arrangements In Mixed-Integer Techniques	Proceedings Of The 2011 American Control Conference [omid:br/06902591069]	proceedings article
102	10.1587/transinf.2021fcp0005	2022	10.1587/transinf.2021fcp0005	A Polynomial Delay Algorithm For Enumerating 2-Edge-Connected Induced Subgraphs	IEICE Transactions On Information And Systems [omid:br/06024749557]	journal article
103	10.1016/j.comgeo.2011.04.001	2011	10.1016/j.comgeo.2011.04.001	Efficient View Point Selection For Silhouettes Of Convex Polyhedra	Computational Geometry [issn:0925-7721 issn:1879-081X openalex:S165542689 omid:br/061018526]	journal article
104	10.1016/j.tcs.2024.114591	2024	10.1016/j.tcs.2024.114591	Efficient Non-Isomorphic Graph Enumeration Algorithms For Several Intersection Graph Classes	Theoretical Computer Science [issn:0304-3975 openalex:S90727058 omid:br/068018067]	journal article
105	10.1007/978-3-642-27848-8_729-1	2014	10.1007/978-3-642-27848-8_729-1	Enumeration Of Non-crossing Geometric Graphs	Encyclopedia Of Algorithms [doi:10.1007/978-3-642-27848-8 isbn:9783642278488 openalex:W2553682957 omid:br/062502632668]	book chapter
106	10.1137/17m1152206	2019	10.1137/17m1152206	Listing Maximal Subgraphs Satisfying Strongly Accessible Properties	SIAM Journal On Discrete Mathematics [issn:0895-4801 issn:1095-7146 openalex:S117679221 omid:br/0624011315]	journal article
107	10.1016/j.dam.2020.05.027	2021	10.1016/j.dam.2020.05.027	Maximal Strongly Connected Cliques In Directed Graphs: Algorithms And Bounds	Discrete Applied Mathematics [issn:0166-218X openalex:S171741597 omid:br/062204127]	journal article
108	10.1016/j.jpdc.2009.01.003	2009	10.1016/j.jpdc.2009.01.003	A Scalable, Parallel Algorithm For Maximal Clique Enumeration	Journal Of Parallel And Distributed Computing [issn:0743-7315 openalex:S157146593 omid:br/0615062330]	journal article
109	10.32657/10220/49772	2019	10.32657/10220/49772	Time-optimal Motion Planning And Control		report
110	10.1007/bfb0045114	1997	10.1007/bfb0045114	Enumerating Triangulations For Products Of Two Simplices And For Arbitrary Configurations Of Points	Lecture Notes In Computer Science [isbn:9783540633570 isbn:9783540695226 omid:br/06203084812]	book chapter
111	10.1007/978-3-540-68125-0_25		10.1007/978-3-540-68125-0_25	Mining Correlated Subgraphs In Graph Databases	Advances In Knowledge Discovery And Data Mining [doi:10.1007/978-3-540-68125-0 isbn:9783540681243 isbn:9783540681250 openalex:W4299847349 omid:br/0612058675]	book chapter
112	10.1016/j.tcs.2010.03.024	2010	10.1016/j.tcs.2010.03.024	On Listing, Sampling, And Counting The Chordal Graphs With Edge Constraints	Theoretical Computer Science [issn:0304-3975 openalex:S90727058 omid:br/068018067]	journal article
113	10.3847/1538-4357/ab3124	2019	10.3847/1538-4357/ab3124	Polycyclic Aromatic Hydrocarbons With Armchair Edges: Potential Emitters In Class B Sources	The Astrophysical Journal [issn:0004-637X issn:1538-4357 openalex:S1980519 omid:br/064040542]	journal article
114	10.1007/978-3-642-24983-9_10	2011	10.1007/978-3-642-24983-9_10	Generation Of Polyiamonds For P6 Tiling By The Reverse Search	Lecture Notes In Computer Science [doi:10.1007/978-3-642-24983-9 isbn:9783642249822 isbn:9783642249839 openalex:W2481764311 omid:br/061061398]	book chapter
115	10.1007/11809678_23	2006	10.1007/11809678_23	Enumerating Non-crossing Minimally Rigid Frameworks	Lecture Notes In Computer Science [isbn:9783540369257 isbn:9783540369264 omid:br/06303557366]	book chapter
116	10.1007/978-3-642-14403-5_32	2010	10.1007/978-3-642-14403-5_32	Parallel Extreme Ray And Pathway Computation	Parallel Processing And Applied Mathematics [isbn:9783642144028 isbn:9783642144035 omid:br/062103016122]	book chapter
117	10.1007/3-540-45253-2_6	2000	10.1007/3-540-45253-2_6	Computing Largest Common Point Sets Under Approximate Congruence	Algorithms - ESA 2000 [doi:10.1007/3-540-45253-2 isbn:9783540410041 isbn:9783540452539 openalex:W2482098460 omid:br/0614054658]	book chapter
118	10.1137/22m1475910	2023	10.1137/22m1475910	The Polyhedral Geometry Of Pivot Rules And Monotone Paths	SIAM Journal On Applied Algebra And Geometry [issn:2470-6566 openalex:S2996807011 omid:br/06601704054]	journal article
119	10.1145/3716863.3718050	2025	10.1145/3716863.3718050	Extracting Forward Invariant Sets From Neural Network-Based Control Barrier Functions	Proceedings Of The 28Th ACM International Conference On Hybrid Systems: Computation And Control [omid:br/0609098998]	proceedings article
120	10.1287/ijoc.1060.0178	2007	10.1287/ijoc.1060.0178	On A Binary-Encoded ILP Coloring Formulation	INFORMS Journal On Computing [issn:1091-9856 issn:1526-5528 openalex:S165318533 omid:br/0624015291]	journal article
121	10.1016/j.ejor.2017.01.046	2017	10.1016/j.ejor.2017.01.046	Cell-and-bound Algorithm For Chance Constrained Programs With Discrete Distributions	European Journal Of Operational Research [issn:0377-2217 openalex:S103321696 omid:br/06704045]	journal article
122	10.1145/1581114.1581118	2009	10.1145/1581114.1581118	Multi-way Set Enumeration In Real-Valued Tensors	Proceedings Of The 2Nd Workshop On Data Mining Using Matrices And Tensors - DMMT '09 [omid:br/062303205442]	proceedings article
123	10.1093/bioinformatics/bty550	2018	10.1093/bioinformatics/bty550	Flux Tope Analysis: Studying The Coordination Of Reaction Directions In Metabolic Networks	Psychiatric Genetics [issn:0955-8829 issn:1473-5873 openalex:S41645954 omid:br/0611071075]	journal article
124	10.1007/s00453-014-9875-7	2014	10.1007/s00453-014-9875-7	An Incremental Polynomial Time Algorithm To Enumerate All Minimal Edge Dominating Sets	Algorithmica [issn:0178-4617 issn:1432-0541 openalex:S89324355 omid:br/065055465]	journal article
125	10.1007/s00453-019-00656-8	2019	10.1007/s00453-019-00656-8	Sublinear-Space And Bounded-Delay Algorithms For Maximal Clique Enumeration In Graphs	Algorithmica [issn:0178-4617 issn:1432-0541 openalex:S89324355 omid:br/065055465]	journal article
126	10.1007/978-4-431-55060-0_5	2014	10.1007/978-4-431-55060-0_5	Gröbner Basis And Its Applications	Mathematics For Industry [isbn:9784431550594 isbn:9784431550600 omid:br/061602662721]	book chapter
127	10.1145/3380936	2020	10.1145/3380936	Shared-memory Parallel Maximal Clique Enumeration From Static And Dynamic Graphs	Journal Of Stem Cell Research And Tissue Engineering [issn:2614-1256 issn:2614-1264 openalex:S4210206170 omid:br/06602589819]	journal article
128	10.1007/978-3-031-51049-6_16	2024	10.1007/978-3-031-51049-6_16	Explicit MPC Solution Using Hasse Diagrams: Construction, Storage And Retrieval	Springer Proceedings In Mathematics & Statistics [isbn:9783031510489 isbn:9783031510496 omid:br/06504833141]	book chapter
129	10.1515/9783110999365-005	2025	10.1515/9783110999365-005	133Graph Rings And Ideals: Wolmer Vasconcelos’ Contributions	Commutative Algebra [isbn:9783110999365 isbn:9783111000091 isbn:9783111000602 omid:br/06010761807]	book chapter
130	10.1587/transfun.e102.a.1002	2019	10.1587/transfun.e102.a.1002	Enumerating Highly-Edge-Connected Spanning Subgraphs	IEICE Transactions On Fundamentals Of Electronics, Communications And Computer Sciences [issn:0916-8508 issn:1745-1337 openalex:S166990724 omid:br/068043560]	journal article
131	10.1137/s0097539794270881	1997	10.1137/s0097539794270881	An Optimal Algorithm For Scanning All Spanning Trees Of Undirected Graphs	SIAM Journal On Computing [issn:0097-5397 issn:1095-7111 openalex:S153560523 omid:br/066065595]	journal article
132	10.1007/978-90-481-9794-1_66	2010	10.1007/978-90-481-9794-1_66	Efficient Algorithms For Discovering Frequent And Maximal Substructures From Large Semistructured Data	Lecture Notes In Electrical Engineering [doi:10.1007/978-90-481-9794-1 isbn:9789048197934 isbn:9789048197941 openalex:W3009086382 omid:br/065058101]	book chapter
133	10.1115/1.1434267	2001	10.1115/1.1434267	Extracting Articulation Models From CAD Models Of Parts With Curved Surfaces	Journal Of Mechanical Design [issn:1050-0472 issn:1528-9001 openalex:S88457320 omid:br/061032695]	journal article
134	10.1007/978-3-032-03639-1_18	2025	10.1007/978-3-032-03639-1_18	Persuading Agents In Opinion Formation Games	Lecture Notes In Computer Science [isbn:9783032036384 isbn:9783032036391 omid:br/0609411156]	book chapter
135	10.1142/s0218195919400016	2019	10.1142/s0218195919400016	On The Number Of p4-Tilings By An n-Omino	International Journal Of Computational Geometry & Applications [issn:0218-1959 issn:1793-6357 openalex:S25827807 omid:br/06120971106]	journal article
136	10.1145/2562059.2562122	2014	10.1145/2562059.2562122	State-feedback Stabilization Of Discrete-Time Piecewise Affine Systems	Proceedings Of The 17Th International Conference On Hybrid Systems: Computation And Control [omid:br/062202888812]	proceedings article
137	10.2140/astat.2024.15.199	2024	10.2140/astat.2024.15.199	Matroid Stratification Of ML Degrees Of Independence Models	Algebraic Statistics [issn:2693-2997 issn:2693-3004 openalex:S4210203154 omid:br/062601970051]	journal article
138	10.1145/3501710.3519533	2022	10.1145/3501710.3519533	Fast BATLLNN: Fast Box Analysis Of Two-Level Lattice Neural Networks	25Th ACM International Conference On Hybrid Systems: Computation And Control [omid:br/061703386026]	proceedings article
139	10.1016/j.tcs.2016.03.007	2016	10.1016/j.tcs.2016.03.007	On The Number Of Anchored Rectangle Packings For A Planar Point Set	Theoretical Computer Science [issn:0304-3975 openalex:S90727058 omid:br/068018067]	journal article
140	10.1016/j.comgeo.2023.102064	2024	10.1016/j.comgeo.2023.102064	Enumerating Combinatorial Resultant Trees	Computational Geometry [issn:0925-7721 openalex:S165542689 omid:br/0605995903]	journal article
141	10.1007/s10898-007-9155-z	2007	10.1007/s10898-007-9155-z	New Bounds On The Unconstrained Quadratic Integer Programming Problem	Journal Of Global Optimization [issn:0925-5001 issn:1573-2916 openalex:S115925768 omid:br/061018460]	journal article
142	10.1093/bioinformatics/btac238	2022	10.1093/bioinformatics/btac238	CALDERA: Finding All Significant De Bruijn Subgraphs For Bacterial GWAS	Bioinformatics [issn:1367-4803 issn:1367-4811 issn:1460-2059 omid:br/0626019667]	journal article
143	10.1587/transinf.e95.d.1947	2012	10.1587/transinf.e95.d.1947	Efficient Graph Sequence Mining Using Reverse Search	IEICE Transactions On Information And Systems [issn:0916-8532 issn:1745-1361 openalex:S2486202937 omid:br/068043574]	journal article
144	10.1016/j.comgeo.2004.02.003	2004	10.1016/j.comgeo.2004.02.003	A Lower Bound On The Number Of Triangulations Of Planar Point Sets	Computational Geometry [issn:0925-7721 issn:1879-081X openalex:S165542689 omid:br/061018526]	journal article
145	10.1080/07408179908969849	1999	10.1080/07408179908969849	The Two-Machine Stochastic Flowshop Problem With Arbitrary Processing Time Distributions	IIE Transactions [issn:0740-817X issn:1545-8830 issn:1573-9724 openalex:S63835026 omid:br/0615028599]	journal article
146	10.1186/s13040-021-00250-1	2021	10.1186/s13040-021-00250-1	RASMA: A Reverse Search Algorithm For Mining Maximal Frequent Subgraphs	BioData Mining [issn:1756-0381 openalex:S84409260 omid:br/062602031940]	journal article
147	10.1016/j.tcs.2008.03.035	2008	10.1016/j.tcs.2008.03.035	Setting Port Numbers For Fast Graph Exploration	Theoretical Computer Science [issn:0304-3975 openalex:S90727058 omid:br/068018067]	journal article
148	10.1007/978-981-97-0566-5_25	2024	10.1007/978-981-97-0566-5_25	Efficient Enumeration Of Drawings And Combinatorial Structures For Maximal Planar Graphs	WALCOM: Algorithms And Computation [isbn:9789819705658 isbn:9789819705665 omid:br/06290387854]	book chapter
149	10.1016/j.tcs.2023.114366	2024	10.1016/j.tcs.2023.114366	Detection Of Common Subtrees With Identical Label Distribution	Theoretical Computer Science [issn:0304-3975 openalex:S90727058 omid:br/068018067]	journal article
150	10.3182/20090603-3-ru-2001.0100	2009	10.3182/20090603-3-ru-2001.0100	A Novel Method For Reachability Determination In Petri Nets	IFAC Proceedings Volumes [issn:1474-6670 openalex:S2898246533 omid:br/062030251]	journal article
151	10.3130/aija.82.1389	2017	10.3130/aija.82.1389	Enumeration Algorithm Of 3D Floorplan Based On Reverse Search Method	Journal Of Architecture And Planning (Transactions Of AIJ) [issn:1340-4210 issn:1881-8161 openalex:S2764385719 omid:br/0624048195]	journal article
152	10.1016/j.ipl.2008.12.017	2009	10.1016/j.ipl.2008.12.017	On The Diameter Of Geometric Path Graphs Of Points In Convex Position	Information Processing Letters [issn:0020-0190 issn:1872-6119 openalex:S147953040 omid:br/066022660]	journal article
153	10.1016/s0020-0190(99)00117-9	1999	10.1016/s0020-0190(99)00117-9	Memory-efficient Enumeration Of Constrained Spanning Trees	Information Processing Letters [issn:0020-0190 issn:1872-6119 openalex:S147953040 omid:br/066022660]	journal article
154	10.1016/j.comgeo.2004.12.010	2007	10.1016/j.comgeo.2004.12.010	A Quadratic Distance Bound On Sliding Between Crossing-Free Spanning Trees	Computational Geometry [issn:0925-7721 issn:1879-081X openalex:S165542689 omid:br/061018526]	journal article
155	10.1007/978-3-642-21204-8_13	2011	10.1007/978-3-642-21204-8_13	Parallel Enumeration Of Lattice Animals	Frontiers In Algorithmics And Algorithmic Aspects In Information And Management [isbn:9783642212031 isbn:9783642212048 omid:br/06403441166]	book chapter
156	10.1016/j.dam.2020.04.036	2021	10.1016/j.dam.2020.04.036	Enumerating Connected Induced Subgraphs: Improved Delay And Experimental Comparison	Discrete Applied Mathematics [issn:0166-218X openalex:S171741597 omid:br/062204127]	journal article
157	10.1007/978-3-642-33786-4_12	2012	10.1007/978-3-642-33786-4_12	The Lazy Flipper: Efficient Depth-Limited Exhaustive Search In Discrete Graphical Models	Computer Vision – ECCV 2012 [doi:10.1007/978-3-642-33786-4 isbn:9783642337857 isbn:9783642337864 openalex:W4246910592 omid:br/0613055143]	book chapter
158	10.1023/a:1022417803474	2003	10.1023/a:1022417803474	An Adaptive Algorithm for Vector Partitioning	Journal of Global Optimization	journal-article
159	10.1016/j.comgeo.2017.06.002	2018	10.1016/j.comgeo.2017.06.002	Connecting A Set Of Circles With Minimum Sum Of Radii	Computational Geometry [issn:0925-7721 issn:1879-081X openalex:S165542689 omid:br/061018526]	journal article
160	10.1142/s0218196712500646	2012	10.1142/s0218196712500646	Computing The Git-Fan	International Journal Of Algebra And Computation [issn:0218-1967 issn:1793-6500 openalex:S23260266 omid:br/067031606]	journal article
161	10.1080/02331934.2010.506535	2011	10.1080/02331934.2010.506535	The Fundamental Theorem Of Linear Programming: Extensions And Applications	Optimization [issn:0233-1934 issn:1029-4945 openalex:S158016561 omid:br/0614057337]	journal article
162	10.1007/978-3-540-77891-2_20		10.1007/978-3-540-77891-2_20	Listing All Plane Graphs	WALCOM: Algorithms And Computation [doi:10.1007/978-3-540-77891-2 isbn:9783540778905 isbn:9783540778912 openalex:W4292920247 omid:br/0616065841]	book chapter
163	10.1109/bigdata47090.2019.9006204	2019	10.1109/bigdata47090.2019.9006204	Towards Interpretable Graph Modeling With Vertex Replacement Grammars	2019 IEEE International Conference On Big Data (Big Data) [omid:br/06802643441]	proceedings article
164	10.1007/s12532-024-00266-8	2025	10.1007/s12532-024-00266-8	On The B-differential Of The Componentwise Minimum Of Two Affine Vector Functions	Mathematical Programming Computation [issn:1867-2949 issn:1867-2957 openalex:S173077093 omid:br/064208713]	journal article
165	10.1137/100802153	2011	10.1137/100802153	On The Reduction Of Duality Gap In Box Constrained Nonconvex Quadratic Program	SIAM Journal On Optimization [issn:1052-6234 issn:1095-7189 openalex:S928796702 omid:br/0615047597]	journal article
166	10.1145/2676552.2676560	2014	10.1145/2676552.2676560	Enumeration Of Complete Set Of Flock Patterns In Trajectories	Proceedings Of The 5Th ACM SIGSPATIAL International Workshop On GeoStreaming [omid:br/061502551484]	proceedings article
167	10.1007/s00453-011-9575-5	2011	10.1007/s00453-011-9575-5	Exact And Parameterized Algorithms For Max Internal Spanning Tree	Algorithmica [issn:0178-4617 issn:1432-0541 openalex:S89324355 omid:br/065055465]	journal article
168	10.1016/j.ipl.2005.09.003	2006	10.1016/j.ipl.2005.09.003	Transforming Spanning Trees And Pseudo-Triangulations	Information Processing Letters [issn:0020-0190 issn:1872-6119 openalex:S147953040 omid:br/066022660]	journal article
169	10.1016/s0166-218x(01)00263-3	2002	10.1016/s0166-218x(01)00263-3	Tabu Search And Finite Convergence	Discrete Applied Mathematics [issn:0166-218X openalex:S171741597 omid:br/062204127]	journal article
170	10.1007/978-3-540-39644-4_39	2003	10.1007/978-3-540-39644-4_39	Discovering Homographs Using N-Partite Graph Clustering	Discovery Science [isbn:9783540202936 isbn:9783540396444 omid:br/062103037897]	book chapter
171	10.1145/1377676.1377733	2008	10.1145/1377676.1377733	Fast Enumeration Algorithms For Non-Crossing Geometric Graphs	Proceedings Of The Twenty-Fourth Annual Symposium On Computational Geometry - SCG '08 [omid:br/06802012366]	proceedings article
172	10.1016/j.comgeo.2021.101770	2021	10.1016/j.comgeo.2021.101770	Faradžev Read-type Enumeration Of Non-Isomorphic CC Systems	Computational Geometry [issn:0925-7721 issn:1879-081X openalex:S165542689 omid:br/061018526]	journal article
173	10.1145/304893.304896	1999	10.1145/304893.304896	The Path Of A Triangulation	Proceedings Of The Fifteenth Annual Symposium On Computational Geometry - SCG '99 [omid:br/062203385570]	proceedings article
174	10.1137/10081722x	2012	10.1137/10081722x	Switching In Mass Action Networks Based On Linear Inequalities	SIAM Journal On Applied Dynamical Systems [issn:1536-0040 openalex:S161160597 omid:br/061603287]	journal article
175	10.1007/978-3-642-27848-8_735-1	2014	10.1007/978-3-642-27848-8_735-1	Permutation Enumeration	Encyclopedia Of Algorithms [doi:10.1007/978-3-642-27848-8 isbn:9783642278488 openalex:W2553682957 omid:br/062502632668]	book chapter
176	10.1073/pnas.1203863110	2013	10.1073/pnas.1203863110	Near-optimal Deterministic Algorithms For Volume Computation Via M-ellipsoids	Proceedings Of The National Academy Of Sciences [omid:br/06021702067]	journal article
177	10.1007/978-3-319-58163-7_4	2017	10.1007/978-3-319-58163-7_4	A Fast Algorithm For Large Common Connected Induced Subgraphs	Algorithms For Computational Biology [isbn:9783319581620 isbn:9783319581637 omid:br/06502769788]	book chapter
178	10.1007/s10898-012-9853-z	2012	10.1007/s10898-012-9853-z	A Polynomial Case Of The Cardinality-Constrained Quadratic Optimization Problem	Journal Of Global Optimization [issn:0925-5001 issn:1573-2916 openalex:S115925768 omid:br/061018460]	journal article
179	10.1016/s0925-7721(01)00032-3	2001	10.1016/s0925-7721(01)00032-3	Extended Convex Hull	Computational Geometry [issn:0925-7721 issn:1879-081X openalex:S165542689 omid:br/061018526]	journal article
180	10.1007/s00453-008-9238-3	2008	10.1007/s00453-008-9238-3	An Efficient Algorithm For Solving Pseudo Clique Enumeration Problem	Algorithmica [issn:0178-4617 issn:1432-0541 openalex:S89324355 omid:br/065055465]	journal article
181	10.1109/icassp49357.2023.10095698	2023	10.1109/icassp49357.2023.10095698	Fast And Exact Enumeration Of Deep Networks Partitions Regions	ICASSP 2023 - 2023 IEEE International Conference On Acoustics, Speech And Signal Processing (ICASSP) [omid:br/06804363940]	proceedings article
182	10.1021/ci970116n	1998	10.1021/ci970116n	Enumeration Of Polyhex Hydrocarbons To H = 21	Journal Of Chemical Information And Computer Sciences [issn:0095-2338 issn:1520-5142 openalex:S171559003 omid:br/06209165]	journal article
183	10.1016/j.dam.2025.05.043	2025	10.1016/j.dam.2025.05.043	Constant Time Enumeration Of Weighted Trees	Discrete Applied Mathematics [issn:0166-218X openalex:S171741597 omid:br/0609791819]	journal article
184	10.1007/978-3-030-68211-8_16	2021	10.1007/978-3-030-68211-8_16	Overall And Delay Complexity Of The CLIQUES And Bron-Kerbosch Algorithms	WALCOM: Algorithms And Computation [isbn:9783030682101 isbn:9783030682118 omid:br/06901913439]	book chapter
185	10.1016/j.jsc.2012.03.008	2013	10.1016/j.jsc.2012.03.008	Computing Tropical Linear Spaces	Journal Of Symbolic Computation [issn:0747-7171 issn:1095-855X openalex:S18904315 omid:br/061901336]	journal article
186	10.1016/j.cam.2008.10.047	2009	10.1016/j.cam.2008.10.047	Generalized Pattern Search Methods For A Class Of Nonsmooth Optimization Problems With Structure	Journal Of Computational And Applied Mathematics [issn:0377-0427 issn:1879-1778 openalex:S165473669 omid:br/06604309]	journal article
187	10.1109/icra.2019.8794081	2019	10.1109/icra.2019.8794081	Critically Fast Pick-And-Place With Suction Cups	2019 International Conference On Robotics And Automation (ICRA) [omid:br/062202275825]	proceedings article
188	10.1007/978-3-319-21398-9_1	2015	10.1007/978-3-319-21398-9_1	Mining Preserving Structures In A Graph Sequence	Lecture Notes In Computer Science [isbn:9783319213972 isbn:9783319213989 omid:br/061102625425]	book chapter
189	10.2139/ssrn.4188109	2022	10.2139/ssrn.4188109	Counterfactual Identification And Latent Space Enumeration In Discrete Outcome Models	SSRN Electronic Journal [issn:1556-5068 openalex:S4210172589 omid:br/061205167]	journal article
190	10.1007/978-3-642-29822-6_16	2012	10.1007/978-3-642-29822-6_16	Mutual Exclusion By Interpolation	Functional And Logic Programming [doi:10.1007/978-3-642-29822-6 isbn:9783642298219 isbn:9783642298226 openalex:W2499161924 omid:br/0613055339]	book chapter
191	10.1142/s0129054122500289	2023	10.1142/s0129054122500289	Transportation Problem Allowing Sending And Bringing Back	International Journal Of Foundations Of Computer Science [issn:0129-0541 issn:1793-6373 openalex:S68047077 omid:br/0614042578]	journal article
192	10.1587/transfun.e101.a.1392	2018	10.1587/transfun.e101.a.1392	Enumerating Floorplans With Columns	IEICE Transactions On Fundamentals Of Electronics, Communications And Computer Sciences [issn:0916-8508 issn:1745-1337 openalex:S166990724 omid:br/068043560]	journal article
193	10.1007/978-3-031-64529-7_33	2024	10.1007/978-3-031-64529-7_33	Regular Flips In Mptopcom	Lecture Notes In Computer Science [isbn:9783031645280 isbn:9783031645297 omid:br/06704806875]	book chapter
194	10.1137/21m1391237	2022	10.1137/21m1391237	Multivariate Estimator For Linear Dynamical Systems With Additive Laplace Measurement And Process Noises	SIAM Journal On Control And Optimization [issn:0363-0129 issn:1095-7138 openalex:S897311980 omid:br/0622033827]	journal article
195	10.1007/978-3-642-40897-7_21	2013	10.1007/978-3-642-40897-7_21	Polynomial Delay And Space Discovery Of Connected And Acyclic Sub-hypergraphs In A Hypergraph	Discovery Science [doi:10.1007/978-3-642-40897-7 isbn:9783642408960 isbn:9783642408977 openalex:W4246668440 omid:br/0612056889]	book chapter
196	10.1016/j.jcta.2005.10.003	2006	10.1016/j.jcta.2005.10.003	On The Number Of Rectangulations Of A Planar Point Set	Journal Of Combinatorial Theory, Series A [issn:0097-3165 openalex:S128556326 omid:br/066065551]	journal article
197	10.1016/s0304-3975(01)00409-1	2002	10.1016/s0304-3975(01)00409-1	On Local Transformation Of Polygons With Visibility Properties	Theoretical Computer Science [issn:0304-3975 openalex:S90727058 omid:br/068018067]	journal article
198	10.1007/978-3-031-15914-5_25	2022	10.1007/978-3-031-15914-5_25	Polynomial-Delay And Polynomial-Space Enumeration Of Large Maximal Matchings	Graph-Theoretic Concepts In Computer Science [isbn:9783031159138 isbn:9783031159145 omid:br/061403416739]	book chapter
199	10.1007/s00454-015-9750-6	2016	10.1007/s00454-015-9750-6	Reconstruction Of The Geometric Structure Of A Set Of Points In The Plane From Its Geometric Tree Graph	Discrete & Computational Geometry [issn:0179-5376 issn:1432-0444 openalex:S103671469 omid:br/0612023295]	journal article
200	10.1007/978-3-642-22300-6_16	2011	10.1007/978-3-642-22300-6_16	Connecting A Set Of Circles With Minimum Sum Of Radii	Lecture Notes In Computer Science [doi:10.1007/978-3-642-22300-6 isbn:9783642222993 isbn:9783642223006 openalex:W3111910297 omid:br/0619065268]	book chapter
201	10.1109/iccitechn.2008.4803047	2008	10.1109/iccitechn.2008.4803047	Efficient Generation Of Combinatorial Families	2008 11Th International Conference On Computer And Information Technology [omid:br/061403197878]	proceedings article
202	10.1186/1748-7188-9-16	2014	10.1186/1748-7188-9-16	Enumerating All Maximal Frequent Subtrees In Collections Of Phylogenetic Trees	Algorithms For Molecular Biology [issn:1748-7188 openalex:S205663195 omid:br/0627060277]	journal article
203	10.1587/transinf.2015fcp0013	2016	10.1587/transinf.2015fcp0013	Uniformly Random Generation Of Floorplans	IEICE Transactions On Information And Systems [issn:0916-8532 issn:1745-1361 openalex:S2486202937 omid:br/068043574]	journal article
204	10.1016/j.tcs.2011.04.017	2011	10.1016/j.tcs.2011.04.017	Amortized Efficiency Of Generating Planar Paths In Convex Position	Theoretical Computer Science [issn:0304-3975 openalex:S90727058 omid:br/068018067]	journal article
205	10.1007/s00454-022-00393-w	2022	10.1007/s00454-022-00393-w	Combinatorial Generation Via Permutation Languages. III. Rectangulations	Discrete & Computational Geometry [issn:0179-5376 issn:1432-0444 openalex:S103671469 omid:br/0612023295]	journal article
206	10.1016/j.ejor.2008.01.045	2009	10.1016/j.ejor.2008.01.045	An Occurrence Of Multiple Projections In DEA-based Measurement Of Technical Efficiency: Theoretical Comparison Among DEA Models From Desirable Properties	European Journal Of Operational Research [issn:0377-2217 openalex:S103321696 omid:br/06704045]	journal article
207	10.1016/j.tcs.2021.05.008	2021	10.1016/j.tcs.2021.05.008	A Constant Amortized Time Enumeration Algorithm For Independent Sets In Graphs With Bounded Clique Number	Theoretical Computer Science [issn:0304-3975 openalex:S90727058 omid:br/068018067]	journal article
208	10.1016/j.dam.2023.09.002	2024	10.1016/j.dam.2023.09.002	Efficient Enumeration Of Non-Isomorphic Distance-Hereditary Graphs And Related Graphs	Discrete Applied Mathematics [issn:0166-218X openalex:S171741597 omid:br/062204127]	journal article
209	10.1007/978-3-030-34029-2_9	2019	10.1007/978-3-030-34029-2_9	Colorful Frontier-Based Search: Implicit Enumeration Of Chordal And Interval Subgraphs	Analysis Of Experimental Algorithms [doi:10.1007/978-3-030-34029-2 isbn:9783030340285 isbn:9783030340292 openalex:W4239964565 omid:br/069065571]	book chapter
210	10.1080/09720529.2020.1766763	2020	10.1080/09720529.2020.1766763	A Research On Related Properties Of Hybrid Benzenoid System	Journal Of Discrete Mathematical Sciences And Cryptography [issn:0972-0529 issn:2169-0065 openalex:S2764892126 omid:br/063013409]	journal article
211	10.1007/978-0-387-89496-6_11	2010	10.1007/978-0-387-89496-6_11	Polynomially Solvable Cases Of Binary Quadratic Programs	Springer Optimization And Its Applications [doi:10.1007/978-0-387-89496-6 isbn:9780387894959 isbn:9780387894966 openalex:W4300901655 omid:br/0611067804]	book chapter
212	10.1016/j.dam.2010.08.028	2011	10.1016/j.dam.2010.08.028	A Polynomial-Time Recursive Algorithm For Some Unconstrained Quadratic Optimization Problems	Discrete Applied Mathematics [issn:0166-218X openalex:S171741597 omid:br/062204127]	journal article
213	10.1007/s10115-021-01570-8	2021	10.1007/s10115-021-01570-8	A Meta-Algorithm For Finding Large K-Plexes	Knowledge And Information Systems [issn:0219-1377 issn:0219-3116 openalex:S81770430 omid:br/0626031068]	journal article
214	10.1007/978-3-540-45078-8_33	2003	10.1007/978-3-540-45078-8_33	The Zigzag Path Of A Pseudo-Triangulation	Lecture Notes In Computer Science [doi:10.1007/b11837 isbn:9783540405450 isbn:9783540450788 openalex:W1574527896 omid:br/0624060520]	book chapter
215	10.1016/j.cor.2024.106880	2025	10.1016/j.cor.2024.106880	Flexible Electricity Market Clearing Zones	Computers & Operations Research [issn:0305-0548 issn:1873-765X openalex:S173256270 omid:br/061502905]	journal article
216	10.1145/2808797.2809291	2015	10.1145/2808797.2809291	Revealing Contact Patterns Among High-School Students Using Maximal Cliques In Link Streams	Proceedings Of The 2015 IEEE/ACM International Conference On Advances In Social Networks Analysis And Mining 2015 [omid:br/06302930003]	proceedings article
217	10.1016/j.ejor.2018.09.030	2019	10.1016/j.ejor.2018.09.030	Computational Approaches For Zero Forcing And Related Problems	European Journal Of Operational Research [issn:0377-2217 openalex:S103321696 omid:br/06704045]	journal article
218	10.1007/978-3-642-18469-7_11	2011	10.1007/978-3-642-18469-7_11	Optimizing Regular Edge Labelings	Graph Drawing [doi:10.1007/978-3-642-18469-7 isbn:9783642184680 isbn:9783642184697 openalex:W4253008388 omid:br/065057994]	book chapter
219	10.1007/978-3-030-25005-8_28	2019	10.1007/978-3-030-25005-8_28	An Efficient Algorithm For Enumerating Chordal Bipartite Induced Subgraphs In Sparse Graphs	Lecture Notes In Computer Science [isbn:9783030250041 isbn:9783030250058 omid:br/061102002297]	book chapter
220	10.1109/twc.2025.3632477	2026	10.1109/twc.2025.3632477	Optimal Configuration Of Reconfigurable Intelligent Surfaces Under Non-Uniform Phase Quantization	IEEE Transactions On Wireless Communications [doi:10.1109/twc.7693 issn:1536-1276 issn:1558-2248 openalex:S63459445 omid:br/065038985]	journal article
221	10.1007/s10766-021-00709-y	2021	10.1007/s10766-021-00709-y	A Parallel Skeleton For Divide-and-conquer Unbalanced And Deep Problems	International Journal Of Computer & Information Sciences [issn:0091-7036 issn:0885-7458 issn:1573-7640 omid:br/068028722]	journal article
222	10.1007/s10898-014-0164-4	2014	10.1007/s10898-014-0164-4	Parametric Lagrangian Dual For The Binary Quadratic Programming Problem	Journal Of Global Optimization [issn:0925-5001 issn:1573-2916 openalex:S115925768 omid:br/061018460]	journal article
223	10.3390/a12090189	2019	10.3390/a12090189	Parameterised Enumeration For Modification Problems	Algorithms [issn:1999-4893 openalex:S190629608 omid:br/0615060626]	journal article
224	10.1145/3437963.3441817	2021	10.1145/3437963.3441817	Joint Subgraph-to-Subgraph Transitions: Generalizing Triadic Closure For Powerful And Interpretable Graph Modeling	Proceedings Of The 14Th ACM International Conference On Web Search And Data Mining [omid:br/062103199222]	proceedings article
225	10.3166/ejc.13.152-170	2007	10.3166/ejc.13.152-170	Multiparametric Linear Programming With Applications To Control	European Journal Of Control [issn:0947-3580 issn:1435-5671 openalex:S21401918 omid:br/062506379]	journal article
226	10.1137/23m1612019	2024	10.1137/23m1612019	Traversing Combinatorial 0/1-Polytopes Via Optimization	SIAM Journal On Computing [issn:0097-5397 issn:1095-7111 openalex:S153560523 omid:br/066065595]	journal article
227	10.1007/978-3-642-23166-7_4	2012	10.1007/978-3-642-23166-7_4	Bayesian Networks With Imprecise Probabilities: Theory And Application To Classification	Intelligent Systems Reference Library [doi:10.1007/978-3-642-23166-7 isbn:9783642231650 isbn:9783642231667 openalex:W4235051474 omid:br/0618059365]	book chapter
228	10.1023/a:1018972901171	1999	10.1023/a:1018972901171	The parallel search bench ZRAM and its applications	Annals of Operations Research	journal-article
229	10.1051/e3sconf/202458401014	2024	10.1051/e3sconf/202458401014	Development Of Effective Algorithms For Calculating Current Distribution Coefficients Of An Electric Power System	E3S Web Of Conferences [issn:2267-1242 openalex:S4210186093 omid:br/0619038040]	journal article
230	10.1007/978-3-031-69070-9_9	2024	10.1007/978-3-031-69070-9_9	Counting The Integer Points Of Parametric Polytopes: A Maple Implementation	Lecture Notes In Computer Science [isbn:9783031690693 isbn:9783031690709 omid:br/061504149296]	book chapter
231	10.1587/transinf.2018fcp0004	2019	10.1587/transinf.2018fcp0004	Efficient Enumeration Of Flat-Foldable Single Vertex Crease Patterns	IEICE Transactions On Information And Systems [issn:0916-8532 issn:1745-1361 openalex:S2486202937 omid:br/068043574]	journal article
232	10.1007/0-306-48109-x_2		10.1007/0-306-48109-x_2	Enumerating Near-Min S-T Cuts	Operations Research/Computer Science Interfaces Series [doi:10.1007/b101869 isbn:140207302X openalex:W638721398 omid:br/0623069044]	book chapter
233	10.1260/026635108785260533	2008	10.1260/026635108785260533	Force Design Of Tensegrity Structures By Enumeration Of Vertices Of Feasible Region	International Journal Of Space Structures [issn:0266-3511 issn:0956-0599 issn:2059-8033 omid:br/062503326209]	journal article
234	10.1007/s10618-014-0360-3	2014	10.1007/s10618-014-0360-3	Detecting Anomaly Collections Using Extreme Feature Ranks	Data Mining And Knowledge Discovery [issn:1384-5810 issn:1573-756X openalex:S121920818 omid:br/06603299212]	journal article
235	10.1007/s10878-015-9953-z	2015	10.1007/s10878-015-9953-z	Code For Polyomino And Computer Search Of Isospectral Polyominoes	Journal Of Combinatorial Optimization [issn:1382-6905 issn:1573-2886 openalex:S107925523 omid:br/0618054730]	journal article
236	10.3182/20110828-6-it-1002.02032	2011	10.3182/20110828-6-it-1002.02032	On The Global CLF Stabilization Of Systems With Polytopic Control Value Sets	IFAC Proceedings Volumes [issn:1474-6670 openalex:S2898246533 omid:br/062030251]	journal article
237	10.1016/0925-7721(95)00049-6	1997	10.1016/0925-7721(95)00049-6	Analysis Of Backtrack Algorithms For Listing All Vertices And All Faces Of A Convex Polyhedron	Computational Geometry [issn:0925-7721 issn:1879-081X openalex:S165542689 omid:br/061018526]	journal article
238	10.1002/chin.200334219	2003	10.1002/chin.200334219	A Survey And New Results On Computer Enumeration Of Polyhex And Fusene Hydrocarbons	Journal Of Chemical Information And Computer Sciences [issn:0095-2338 issn:1520-5142 openalex:S171559003 omid:br/06209165]	journal article
239	10.1587/transfun.e94.a.1965	2011	10.1587/transfun.e94.a.1965	Listing All st-Orientations	IEICE Transactions On Fundamentals Of Electronics, Communications And Computer Sciences [issn:0916-8508 issn:1745-1337 openalex:S166990724 omid:br/068043560]	journal article
240	10.1002/9781118346990.ch10	2012	10.1002/9781118346990.ch10	Density-Based Set Enumeration In Structured Data	Statistical And Machine Learning Approaches For Network Analysis [omid:br/06203400939]	book chapter
241	10.1080/10556788.2019.1692344	2019	10.1080/10556788.2019.1692344	Mts: A Light Framework For Parallelizing Tree Search Codes	Optimization Methods And Software [issn:1026-7670 issn:1029-4937 issn:1055-6788 openalex:S103047102 omid:br/069031421]	journal article
242	10.1080/02331934.2020.1812604	2020	10.1080/02331934.2020.1812604	A Class Of Optimization Problems Motivated By Rank Estimators In Robust Regression	Optimization [issn:0233-1934 issn:1029-4945 openalex:S158016561 omid:br/0614057337]	journal article
243	10.1016/j.ipl.2008.09.005	2008	10.1016/j.ipl.2008.09.005	Planar Tree Transformation: Results And Counterexample	Information Processing Letters [issn:0020-0190 issn:1872-6119 openalex:S147953040 omid:br/066022660]	journal article
244	10.1145/3235026	2019	10.1145/3235026	Enumerating Connected Subgraphs And Computing The Myerson And Shapley Values In Graph-Restricted Games	ACM Transactions On Intelligent Systems And Technology [issn:2157-6904 issn:2157-6912 openalex:S2492086750 omid:br/06301424667]	journal article
245	10.1137/15m1027930	2018	10.1137/15m1027930	A New Algorithm For Enumeration Of Cells Of Hyperplane Arrangements And A Comparison With Avis And Fukuda's Reverse Search	SIAM Journal On Discrete Mathematics [issn:0895-4801 issn:1095-7146 openalex:S117679221 omid:br/0624011315]	journal article
246	10.1016/j.ejor.2010.10.008	2011	10.1016/j.ejor.2010.10.008	A Polynomial-Time-Delay And Polynomial-Space Algorithm For Enumeration Problems In Multi-Criteria Optimization	European Journal Of Operational Research [issn:0377-2217 openalex:S103321696 omid:br/06704045]	journal article
247	10.1016/j.dam.2014.01.012	2014	10.1016/j.dam.2014.01.012	Efficient Algorithms For Dualizing Large-Scale Hypergraphs	Discrete Applied Mathematics [issn:0166-218X openalex:S171741597 omid:br/062204127]	journal article
248	10.1016/s0304-3975(00)00226-7	2001	10.1016/s0304-3975(00)00226-7	Notes On Acyclic Orientations And The Shelling Lemma	Theoretical Computer Science [issn:0304-3975 openalex:S90727058 omid:br/068018067]	journal article
249	10.1007/978-3-642-00202-1_13	2009	10.1007/978-3-642-00202-1_13	Efficient Enumeration Of Ordered Trees With K Leaves (Extended Abstract)	WALCOM: Algorithms And Computation [isbn:9783642002014 isbn:9783642002021 omid:br/062303091097]	book chapter
250	10.1016/j.patcog.2013.09.008	2014	10.1016/j.patcog.2013.09.008	An Efficient Construction And Application Usefulness Of Rectangle Greedy Covers	Pattern Recognition [issn:0031-3203 openalex:S414566 omid:br/062033111]	journal article
251	10.1016/j.ejor.2003.04.011	2005	10.1016/j.ejor.2003.04.011	Solving The Fixed Rank Convex Quadratic Maximization In Binary Variables By A Parallel Zonotope Construction Algorithm	European Journal Of Operational Research [issn:0377-2217 openalex:S103321696 omid:br/06704045]	journal article
252	10.1007/bf01237600	1998	10.1007/bf01237600	Isolating Points By Lines In The Plane	Journal Of Geometry [issn:0047-2468 issn:1420-8997 openalex:S58517994 omid:br/0617035435]	journal article
253	10.1007/978-3-540-77120-3_36		10.1007/978-3-540-77120-3_36	An Efficient Algorithm For Enumerating Pseudo Cliques	Algorithms And Computation [doi:10.1007/978-3-540-77120-3 isbn:9783540771180 isbn:9783540771203 openalex:W3103506605 omid:br/0623067645]	book chapter
254	10.1137/050631008	2006	10.1137/050631008	Counting And Enumerating Pointed Pseudotriangulations With The Greedy Flip Algorithm	SIAM Journal On Computing [issn:0097-5397 issn:1095-7111 openalex:S153560523 omid:br/066065595]	journal article
255	10.1109/cdc.2016.7799388	2016	10.1109/cdc.2016.7799388	Robust Stabilization Of Discrete-Time Piecewise Affine Systems Subject To Bounded Disturbances	2016 IEEE 55Th Conference On Decision And Control (CDC) [omid:br/06502897522]	proceedings article
256	10.1016/j.comgeo.2006.12.004	2008	10.1016/j.comgeo.2006.12.004	On Local Transformations In Plane Geometric Graphs Embedded On Small Grids	Computational Geometry [issn:0925-7721 issn:1879-081X openalex:S165542689 omid:br/061018526]	journal article
257	10.1137/050636036	2006	10.1137/050636036	On The Number Of Crossing‐Free Matchings, Cycles, And Partitions	SIAM Journal On Computing [issn:0097-5397 issn:1095-7111 openalex:S153560523 omid:br/066065595]	journal article
258	10.1007/978-3-031-27051-2_14	2023	10.1007/978-3-031-27051-2_14	Efficient Non-isomorphic Graph Enumeration Algorithms For Subclasses Of Perfect Graphs	WALCOM: Algorithms And Computation [isbn:9783031270505 isbn:9783031270512 omid:br/06804332959]	book chapter
259	10.1007/978-3-319-42432-3_25	2016	10.1007/978-3-319-42432-3_25	An Implementation Of Exact Mixed Volume Computation	Mathematical Software – ICMS 2016 [isbn:9783319424316 isbn:9783319424323 omid:br/06202808576]	book chapter
260	10.1016/j.dam.2020.02.014	2021	10.1016/j.dam.2020.02.014	Enumerating Models Of DNF Faster: Breaking The Dependency On The Formula Size	Discrete Applied Mathematics [issn:0166-218X openalex:S171741597 omid:br/062204127]	journal article
261	10.1007/978-1-62703-107-3_1	2012	10.1007/978-1-62703-107-3_1	Dense Module Enumeration In Biological Networks	Methods In Molecular Biology [issn:1064-3745 issn:1940-6029 openalex:S4210172139 omid:br/0624019564]	book chapter
262	10.1016/j.dam.2019.02.023	2019	10.1016/j.dam.2019.02.023	A Fast Discovery Algorithm For Large Common Connected Induced Subgraphs	Discrete Applied Mathematics [issn:0166-218X openalex:S171741597 omid:br/062204127]	journal article
263	10.1006/jpdc.1998.1434	1998	10.1006/jpdc.1998.1434	Solving Large-Scale QAP Problems In Parallel With The Search Library ZRAM	Journal Of Parallel And Distributed Computing [issn:0743-7315 openalex:S157146593 omid:br/0615062330]	journal article
264	10.1007/978-3-540-24767-8_3	2004	10.1007/978-3-540-24767-8_3	On Local Transformations In Plane Geometric Graphs Embedded On Small Grids	Computational Science And Its Applications – ICCSA 2004 [isbn:9783540220572 isbn:9783540247678 omid:br/062303029411]	book chapter
265	10.1016/j.dam.2024.10.014	2025	10.1016/j.dam.2024.10.014	Efficient Constant-Factor Approximate Enumeration Of Minimal Subsets For Monotone Properties With Weight Constraints	Discrete Applied Mathematics [issn:0166-218X openalex:S171741597 omid:br/062204127]	journal article
266	10.1109/icdmw.2009.10	2009	10.1109/icdmw.2009.10	Efficient Discovery Of Closed Hyperclique Patterns In Multidimensional Structured Databases	2009 IEEE International Conference On Data Mining Workshops [omid:br/062103181943]	proceedings article
267	10.1016/j.tcs.2010.01.002	2010	10.1016/j.tcs.2010.01.002	Efficient Enumeration Of All Ladder Lotteries And Its Application	Theoretical Computer Science [issn:0304-3975 openalex:S90727058 omid:br/068018067]	journal article
268	10.1016/j.comgeo.2025.102184	2025	10.1016/j.comgeo.2025.102184	Flips In Odd Matchings	Computational Geometry [issn:0925-7721 issn:1879-081X openalex:S165542689 omid:br/061018526]	journal article
269	10.1007/978-3-540-70904-6_1	2007	10.1007/978-3-540-70904-6_1	The Number Of Triangulations On Planar Point Sets	Journal On Data Semantics [issn:0302-9743 issn:1611-3349 issn:1861-2032 issn:1861-2040 issn:1861-2059 issn:1861-2067 issn:1864-3035 issn:1867-7754 omid:br/069066063]	book chapter
270	10.23919/ecc57647.2023.10178152	2023	10.23919/ecc57647.2023.10178152	Computing The Explicit MPC Solution Using The Hasse Diagram Of The Lifted Feasible Domain	2023 European Control Conference (ECC) [omid:br/06104468550]	proceedings article
271	10.1007/978-3-540-77120-3_53		10.1007/978-3-540-77120-3_53	A Polynomial-Time-Delay And Polynomial-Space Algorithm For Enumeration Problems In Multi-criteria Optimization	Algorithms And Computation [doi:10.1007/978-3-540-77120-3 isbn:9783540771180 isbn:9783540771203 openalex:W3103506605 omid:br/0623067645]	book chapter
272	10.1007/978-1-4939-2864-4_731	2016	10.1007/978-1-4939-2864-4_731	Reverse Search; Enumeration Algorithms	Encyclopedia Of Algorithms [omid:br/061802486014]	book chapter
273	10.1002/9781118979259.ch12	2018	10.1002/9781118979259.ch12	Literature Study For Section I	Environmental Assessment On Energy And Sustainability By Data Envelopment Analysis [doi:10.1002/9781118979259 isbn:9781118979259 isbn:9781118979341 openalex:W2791591346 omid:br/0619054568]	book chapter
274	10.57717/cgt.v2i1.36	2025	10.57717/cgt.v2i1.36	A Note On The Flip Distance Between Non-crossing Spanning Trees	Computing In Geometry And Topology [omid:br/06029661948]	journal article
275	10.22331/q-2022-04-27-696	2022	10.22331/q-2022-04-27-696	Optimal Synthesis Into Fixed XX Interactions	Quantum [doi:10.22331/q issn:2521-327X openalex:S4210226432 omid:br/06902023209]	journal article
276	10.1016/j.tcs.2019.04.017	2020	10.1016/j.tcs.2019.04.017	Enumeration Of Nonisomorphic Interval Graphs And Nonisomorphic Permutation Graphs	Theoretical Computer Science [issn:0304-3975 openalex:S90727058 omid:br/068018067]	journal article
277	10.1016/j.dam.2023.10.025	2024	10.1016/j.dam.2023.10.025	Efficient Enumeration Of Maximal Split Subgraphs And Induced Sub-Cographs And Related Classes	Discrete Applied Mathematics [issn:0166-218X openalex:S171741597 omid:br/062204127]	journal article
278	10.1007/3-540-48447-7_1	1999	10.1007/3-540-48447-7_1	Optimization Over K-Set Polytopes And Efficient K-Set Enumeration	Lecture Notes In Computer Science [doi:10.1007/3-540-48447-7 isbn:9783540484479 isbn:9783540662792 openalex:W388306393 omid:br/069071264]	book chapter
279	10.1145/1005285.1005320	2004	10.1145/1005285.1005320	Computing Irredundant Irreducible Decompositions Of Large Scale Monomial Ideals	Proceedings Of The 2004 International Symposium On Symbolic And Algebraic Computation - ISSAC '04 [omid:br/062403363542]	proceedings article
280	10.1007/978-3-662-46078-8_17	2015	10.1007/978-3-662-46078-8_17	Fastest, Average And Quantile Schedule	Lecture Notes In Computer Science [isbn:9783662460771 isbn:9783662460788 omid:br/062202617324]	book chapter
281	10.1007/s10107-005-0692-2	2005	10.1007/s10107-005-0692-2	On The Gap Between The Quadratic Integer Programming Problem And Its Semidefinite Relaxation	Mathematical Programming [issn:0025-5610 issn:1436-4646 openalex:S193920097 omid:br/061304134]	journal article
282	10.1007/s10994-010-5215-6	2010	10.1007/s10994-010-5215-6	Efficiently Mining Δ-Tolerance Closed Frequent Subgraphs	Machine Learning [issn:0885-6125 issn:1573-0565 openalex:S62148650 omid:br/0619068610]	journal article
283	10.1007/978-3-642-20847-8_3	2011	10.1007/978-3-642-20847-8_3	LGM: Mining Frequent Subgraphs From Linear Graphs	Advances In Knowledge Discovery And Data Mining [doi:10.1007/978-3-642-20847-8 isbn:9783642208461 isbn:9783642208478 openalex:W4292898873 omid:br/0614054426]	book chapter
284	10.1109/focs57990.2023.00076	2023	10.1109/focs57990.2023.00076	Traversing Combinatorial 0/1-Polytopes Via Optimization	2023 IEEE 64Th Annual Symposium On Foundations Of Computer Science (FOCS) [omid:br/061804205537]	proceedings article
285	10.1007/11536314_1	2005	10.1007/11536314_1	An Output-Polynomial Time Algorithm For Mining Frequent Closed Attribute Trees	Inductive Logic Programming [doi:10.1007/11536314 isbn:9783540281771 isbn:9783540318514 openalex:W2770134670 omid:br/069071255]	book chapter
286	10.1587/transinf.e94.d.211	2011	10.1587/transinf.e94.d.211	Generation Of Symmetric And Asymmetric Biconnected Rooted Outerplanar Graphs	IEICE Transactions On Information And Systems [issn:0916-8532 issn:1745-1361 openalex:S2486202937 omid:br/068043574]	journal article
287	10.1016/j.dam.2023.08.018	2024	10.1016/j.dam.2023.08.018	Enumerating Floorplans With Walls	Discrete Applied Mathematics [issn:0166-218X openalex:S171741597 omid:br/062204127]	journal article
288	10.1109/icict.2007.375332	2007	10.1109/icict.2007.375332	Planar Tree Transformation Through Flips	2007 International Conference On Information And Communication Technology [omid:br/061403248888]	proceedings article
289	10.1016/j.dam.2018.06.038	2019	10.1016/j.dam.2018.06.038	Incremental Delay Enumeration: Space And Time	Discrete Applied Mathematics [issn:0166-218X openalex:S171741597 omid:br/062204127]	journal article
290	10.1016/j.jeconom.2022.04.011	2022	10.1016/j.jeconom.2022.04.011	Partial Identification In Nonseparable Binary Response Models With Endogenous Regressors	Journal Of Econometrics [issn:0304-4076 openalex:S127742747 omid:br/068018499]	journal article
291	10.1016/j.drudis.2012.07.016	2013	10.1016/j.drudis.2012.07.016	Graph Mining: Procedure, Application To Drug Discovery And Recent Advances	Drug Discovery Today [issn:1359-6446 issn:1878-5832 openalex:S152068293 omid:br/064061255]	journal article
292	10.1016/s0166-218x(99)00006-2	1999	10.1016/s0166-218x(99)00006-2	Geometric Tree Graphs Of Points In Convex Position	Discrete Applied Mathematics [issn:0166-218X openalex:S171741597 omid:br/062204127]	journal article
293	10.1007/978-3-319-15579-1_41	2015	10.1007/978-3-319-15579-1_41	Parameterized Enumeration For Modification Problems	Language And Automata Theory And Applications [doi:10.1007/978-3-319-15579-1 isbn:9783319155784 isbn:9783319155791 openalex:W3107135770 omid:br/0612056433]	book chapter
294	10.1007/s10479-010-0690-5	2010	10.1007/s10479-010-0690-5	The Negative Cycles Polyhedron And Hardness Of Checking Some Polyhedral Properties	Annals Of Operations Research [issn:0254-5330 issn:1572-9338 openalex:S57667410 omid:br/067045405]	journal article
295	10.1016/j.jsc.2003.08.007	2004	10.1016/j.jsc.2003.08.007	From The Zonotope Construction To The Minkowski Addition Of Convex Polytopes	Journal Of Symbolic Computation [issn:0747-7171 issn:1095-855X openalex:S18904315 omid:br/061901336]	journal article
296	10.1007/978-3-319-95504-9_25	2018	10.1007/978-3-319-95504-9_25	On Compression Of Machine-Derived Context Sets For Fusion Of Multi-modal Sensor Data	Handbook Of Dynamic Data Driven Applications Systems [doi:10.1007/978-3-319-95504-9 isbn:9783319955032 isbn:9783319955049 openalex:W3157400589 omid:br/0621045464]	book chapter
297	10.1587/transfun.e97.a.1163	2014	10.1587/transfun.e97.a.1163	Efficient Enumeration Of All Ladder Lotteries With <I>K</I> Bars	IEICE Transactions On Fundamentals Of Electronics, Communications And Computer Sciences [issn:0916-8508 issn:1745-1337 openalex:S166990724 omid:br/068043560]	journal article
298	10.1142/s0218195901000560	2001	10.1142/s0218195901000560	Decomposition And Parallelization Techniques For Enumerating The Facets Of Combinatorial Polytopes	International Journal Of Computational Geometry & Applications [issn:0218-1959 issn:1793-6357 openalex:S25827807 omid:br/06120971106]	journal article
299	10.1109/cdc.2006.377799	2006	10.1109/cdc.2006.377799	Reverse Search For Parametric Linear Programming	Proceedings Of The 45Th IEEE Conference On Decision And Control [omid:br/061203233285]	proceedings article
300	10.1016/j.tcs.2022.04.033	2022	10.1016/j.tcs.2022.04.033	Enumeration Of Irredundant Forests	Theoretical Computer Science [issn:0304-3975 openalex:S90727058 omid:br/068018067]	journal article
301	10.1007/bfb0054377	1998	10.1007/bfb0054377	Output-sensitive Cell Enumeration In Hyperplane Arrangements	Algorithm Theory — SWAT'98 [doi:10.1007/bfb0054349 isbn:9783540646822 isbn:9783540691068 openalex:W2495362273 omid:br/0614054874]	book chapter
302	10.1007/978-3-030-59901-0_2	2020	10.1007/978-3-030-59901-0_2	A Polynomial Delay Algorithm For Enumerating 2-Edge-Connected Induced Subgraphs	Frontiers In Algorithmics [isbn:9783030599003 isbn:9783030599010 omid:br/06602347297]	book chapter
303	10.1016/j.cma.2009.12.008	2010	10.1016/j.cma.2009.12.008	Enumeration Of All Wedged Equilibrium Configurations In Contact Problem With Coulomb Friction	Computer Methods In Applied Mechanics And Engineering [issn:0045-7825 issn:1879-2138 openalex:S40006715 omid:br/0617051309]	journal article
304	10.1527/tjsai.26.284	2011	10.1527/tjsai.26.284	Frequent Pattern Mining From A Single Graph With Quantitative Itemsets	Transactions Of The Japanese Society For Artificial Intelligence [issn:1346-0714 issn:1346-8030 openalex:S68749858 omid:br/0625015520]	journal article
305	10.1007/978-3-319-08407-7_8	2014	10.1007/978-3-319-08407-7_8	Mining Frequent Partite Episodes With Partwise Constraints	New Frontiers In Mining Complex Patterns [doi:10.1007/978-3-319-08407-7 isbn:9783319084060 isbn:9783319084077 openalex:W2487414847 omid:br/0612056663]	book chapter
306	10.1007/978-3-642-00202-1_16	2009	10.1007/978-3-642-00202-1_16	Random Generation And Enumeration Of Proper Interval Graphs	WALCOM: Algorithms And Computation [isbn:9783642002014 isbn:9783642002021 omid:br/062303091097]	book chapter
307	10.1587/transinf.2020fcl0002	2021	10.1587/transinf.2020fcl0002	A Note On Enumeration Of 3-Edge-Connected Spanning Subgraphs In Plane Graphs	IEICE Transactions On Information And Systems [issn:0916-8532 issn:1745-1361 openalex:S2486202937 omid:br/068043574]	journal article
308	10.1007/978-3-540-69733-6_45		10.1007/978-3-540-69733-6_45	On Listing, Sampling, And Counting The Chordal Graphs With Edge Constraints	Lecture Notes In Computer Science [doi:10.1007/978-3-540-69733-6 isbn:9783540697329 isbn:9783540697336 openalex:W2467977425 omid:br/068065095]	book chapter
309	10.1007/978-3-319-03780-6_15	2013	10.1007/978-3-319-03780-6_15	An Inductive Construction Of Minimally Rigid Body-Hinge Simple Graphs	Combinatorial Optimization And Applications [isbn:9783319037790 isbn:9783319037806 omid:br/061502671200]	book chapter
310	10.4230/lipics.socg.2021.54	2021	10.4230/lipics.socg.2021.54	Efficient Generation Of Rectangulations Via Permutation Languages	LIPIcs : Leibniz International Proceedings In Informatics [issn:1868-8969 openalex:S4393917817 omid:br/060182]	report
311	10.1016/j.dam.2024.10.016	2025	10.1016/j.dam.2024.10.016	Efficient Enumeration Of Transversal Edge-Partitions	Discrete Applied Mathematics [issn:0166-218X openalex:S171741597 omid:br/062204127]	journal article
312	10.1016/j.ejor.2016.12.040	2017	10.1016/j.ejor.2016.12.040	Identification Of Unidentified Equality Constraints For Integer Programming Problems	European Journal Of Operational Research [issn:0377-2217 openalex:S103321696 omid:br/06704045]	journal article
313	10.1007/s00454-025-00785-8	2025	10.1007/s00454-025-00785-8	Reconfiguration Of Plane Trees In Convex Geometric Graphs	Discrete & Computational Geometry [issn:0179-5376 issn:1432-0444 openalex:S103671469 omid:br/0607337746]	journal article
314	10.1016/s0925-7721(00)00026-2	2001	10.1016/s0925-7721(00)00026-2	Hamilton Cycles In The Path Graph Of A Set Of Points In Convex Position	Computational Geometry [issn:0925-7721 issn:1879-081X openalex:S165542689 omid:br/061018526]	journal article
315	10.1016/j.disc.2005.01.006	2005	10.1016/j.disc.2005.01.006	On Directed-Convex Polyominoes In A Rectangle	Discrete Mathematics [issn:0012-365X issn:1872-681X openalex:S18902827 omid:br/064018703]	journal article
316	10.1109/icit45562.2020.9067274	2020	10.1109/icit45562.2020.9067274	Evolution Representation With Limited Hosting Capacities: A Comparison Between MSD And IEED		proceedings
317	10.1007/s40590-020-00287-y	2020	10.1007/s40590-020-00287-y	The Biplanar Tree Graph	Boletín De La Sociedad Matemática Mexicana [issn:0037-8615 issn:1405-213X issn:2296-4495 openalex:S194854559 omid:br/0637035690]	journal article
318	10.1587/transfun.e101.a.1363	2018	10.1587/transfun.e101.a.1363	Enumerating All Spanning Shortest Path Forests With Distance And Capacity Constraints	IEICE Transactions On Fundamentals Of Electronics, Communications And Computer Sciences [issn:0916-8508 issn:1745-1337 openalex:S166990724 omid:br/068043560]	journal article
319	10.1109/cdc45484.2021.9683375	2021	10.1109/cdc45484.2021.9683375	Bounding The Complexity Of Formally Verifying Neural Networks: A Geometric Approach	2021 60Th IEEE Conference On Decision And Control (CDC) [omid:br/061102309998]	proceedings article
320	10.1007/s00373-024-02808-2	2024	10.1007/s00373-024-02808-2	Pivot Gray Codes For The Spanning Trees Of A Graph Ft. The Fan	Graphs And Combinatorics [issn:0911-0119 issn:1435-5914 openalex:S186126824 omid:br/0617021401]	journal article
321	10.1145/3219819.3220093	2018	10.1145/3219819.3220093	D2K	Proceedings Of The 24Th ACM SIGKDD International Conference On Knowledge Discovery & Data Mining [omid:br/06202717406]	proceedings article
322	10.1145/2582112.2582145	2014	10.1145/2582112.2582145	Counting And Enumerating Crossing-free Geometric Graphs	Proceedings Of The Thirtieth Annual Symposium On Computational Geometry [omid:br/062102884066]	proceedings article
323	10.1142/s0218195902000980	2002	10.1142/s0218195902000980	Enumerating Triangulations In General Dimensions	International Journal Of Computational Geometry & Applications [issn:0218-1959 issn:1793-6357 openalex:S25827807 omid:br/06120971106]	journal article
324	10.1007/978-3-319-03780-6_36	2013	10.1007/978-3-319-03780-6_36	A Portable Parallel Implementation Of The Lrs Vertex Enumeration Code	Combinatorial Optimization And Applications [isbn:9783319037790 isbn:9783319037806 omid:br/061502671200]	book chapter
325	10.1109/icde.2014.6816672	2014	10.1109/icde.2014.6816672	Complete Discovery Of High-Quality Patterns In Large Numerical Tensors	2014 IEEE 30Th International Conference On Data Engineering [omid:br/061502895242]	proceedings article
326	10.1109/tpami.2022.3154319	2022	10.1109/tpami.2022.3154319	Improving Graph Neural Network Expressivity Via Subgraph Isomorphism Counting	IEEE Transactions On Pattern Analysis And Machine Intelligence [doi:10.1109/tpami.34 doi:10.1109/tse.32 issn:0098-5589 issn:0162-8828 issn:1939-3520 issn:1939-3539 issn:2160-9292 issn:2326-3881 omid:br/0603903711]	journal article
327	10.1007/978-3-319-77404-6_60	2018	10.1007/978-3-319-77404-6_60	Transition Operations Over Plane Trees	LATIN 2018: Theoretical Informatics [isbn:9783319774039 isbn:9783319774046 omid:br/061802202375]	book chapter
328	10.1007/978-3-540-75488-6_21		10.1007/978-3-540-75488-6_21	An Efficient Polynomial Delay Algorithm For Pseudo Frequent Itemset Mining	Discovery Science [isbn:9783540754879 isbn:9783540754886 omid:br/061403094594]	book chapter
329	10.1007/978-3-030-39881-1_25	2020	10.1007/978-3-030-39881-1_25	Efficient Enumeration Of Non-isomorphic Ptolemaic Graphs	WALCOM: Algorithms And Computation [isbn:9783030398804 isbn:9783030398811 omid:br/062202012748]	book chapter
330	10.1007/978-3-030-59267-7_5	2020	10.1007/978-3-030-59267-7_5	Floorplans With Walls	Theory And Applications Of Models Of Computation [doi:10.1007/978-3-030-59267-7 isbn:9783030592660 isbn:9783030592677 openalex:W4205764359 omid:br/069065418]	book chapter
331	10.1201/b18224-17	2015	10.1201/b18224-17	Bibliography	Monomial Algebras, Second Edition [isbn:9781482234695 isbn:9781482234701 omid:br/06303054116]	book chapter
332	10.1007/978-3-540-68125-0_2		10.1007/978-3-540-68125-0_2	Efficient Algorithms For Mining Frequent And Closed Patterns From Semi-structured Data	Advances In Knowledge Discovery And Data Mining [doi:10.1007/978-3-540-68125-0 isbn:9783540681243 isbn:9783540681250 openalex:W4299847349 omid:br/0612058675]	book chapter
333	10.1093/restud/rdaf058	2025	10.1093/restud/rdaf058	Counterfactual Identification And Latent Space Enumeration In Discrete Outcome Models	Review Of Economic Studies [issn:0034-6527 issn:1467-937X openalex:S88935262 omid:br/06012641312]	journal article
334	10.1007/978-3-319-21840-3_49	2015	10.1007/978-3-319-21840-3_49	Constant Time Enumeration By Amortization	Lecture Notes In Computer Science [isbn:9783319218397 isbn:9783319218403 omid:br/062302581385]	book chapter
335	10.1016/b978-044482537-7/50003-6	2000	10.1016/b978-044482537-7/50003-6	Arrangements And Their Applications**Work By PA. Was Supported By Army Research Office MURI Grant DAAH04-96-1-0013, By A Sloan Fellowship, By An NYI Award, And By A Grant From The U.S.–Israeli Binational Science Foundation. Work By M.S. Was Supported By NSF Grants CCR-91-22103 And CCR-93-11127, By A Max-Planck Research Award, And By Grants From The U.S.–Israeli Binational Science Foundation, The Israel Science Fund Administered By The Israeli Academy Of Sciences, And The G.I.F., The German–Israeli Foundation For Scientific Research And Development.	Handbook Of Computational Geometry [omid:br/062203255964]	book chapter
336	10.1007/s00453-022-00927-x	2022	10.1007/s00453-022-00927-x	Enumeration Of Support-Closed Subsets In Confluent Systems	Algorithmica [issn:0178-4617 issn:1432-0541 openalex:S89324355 omid:br/065055465]	journal article
337	10.1142/s0129626406002447	2006	10.1142/s0129626406002447	Inherently Parallel Geometric Computations	Parallel Processing Letters [issn:0129-6264 issn:1793-642X openalex:S18360026 omid:br/062401907577]	journal article
338	10.1007/s00453-017-0402-5	2018	10.1007/s00453-017-0402-5	An Improved Upper Bound On Maximal Clique Listing Via Rectangular Fast Matrix Multiplication	Algorithmica [issn:0178-4617 issn:1432-0541 openalex:S89324355 omid:br/065055465]	journal article
339	10.1007/978-1-4939-2864-4_722	2016	10.1007/978-1-4939-2864-4_722	Frequent Pattern Mining	Encyclopedia Of Algorithms [omid:br/061802297914]	book chapter
340	10.46298/dmtcs.6164	2021	10.46298/dmtcs.6164	Efficient Enumeration Of Non-Isomorphic Interval Graphs	Discrete Mathematics & Theoretical Computer Science [omid:br/06028138005]	journal article
341	10.1007/s00453-024-01255-y	2024	10.1007/s00453-024-01255-y	Non-crossing Hamiltonian Paths And Cycles In Output-Polynomial Time	Algorithmica [issn:0178-4617 issn:1432-0541 openalex:S89324355 omid:br/065055465]	journal article
342	10.15807/jorsj.40.329	1997	10.15807/jorsj.40.329	A Polynomial Algorithm For Enumerating All Vertices Of A Base Polyhedron	Journal Of The Operations Research Society Of Japan [issn:0453-4514 issn:2188-8299 openalex:S170775339 omid:br/06210850375]	journal article
343	10.1007/s00454-007-9026-x	2007	10.1007/s00454-007-9026-x	Enumerating Constrained Non-crossing Minimally Rigid Frameworks	Discrete & Computational Geometry [issn:0179-5376 issn:1432-0444 openalex:S103671469 omid:br/0612023295]	journal article
344	10.1007/s00454-009-9164-4	2009	10.1007/s00454-009-9164-4	Fast Enumeration Algorithms For Non-crossing Geometric Graphs	Discrete & Computational Geometry [issn:0179-5376 issn:1432-0444 openalex:S103671469 omid:br/0612023295]	journal article
345	10.1016/j.ifacol.2022.09.042	2022	10.1016/j.ifacol.2022.09.042	On The Link Between Explicit MPC And The Face Lattice Of The Lifted Feasible Domain	IFAC-PapersOnLine [issn:2405-8963 openalex:S2898405271 omid:br/068028904]	journal article
346	10.1007/978-3-030-47929-9_8	2020	10.1007/978-3-030-47929-9_8	A Parametric Programming Approach To Bilevel Merchant Electricity Transmission Investment Problems	Lecture Notes In Energy [doi:10.1007/978-3-030-47929-9 isbn:9783030479282 isbn:9783030479299 openalex:W4250097827 omid:br/0618045558]	book chapter
347	10.1090/tran/8199	2022	10.1090/tran/8199	Combinatorial Generation Via Permutation Languages. I. Fundamentals	Transactions Of The American Mathematical Society [doi:10.1090/tran issn:0002-9947 issn:1088-6850 openalex:S60030702 omid:br/0618013520]	journal article
348	10.1587/transinf.e97.d.421	2014	10.1587/transinf.e97.d.421	Constant Time Enumeration Of Subtrees With Exactly <I>K</I> Nodes In A Tree	IEICE Transactions On Information And Systems [issn:0916-8532 issn:1745-1361 openalex:S2486202937 omid:br/068043574]	journal article
349	10.1145/1597036.1597042	2009	10.1145/1597036.1597042	All Maximal Independent Sets And Dynamic Dominance For Sparse Graphs	ACM Transactions On Algorithms [issn:1549-6325 issn:1549-6333 openalex:S137348503 omid:br/061202028768]	journal article
350	10.1016/j.disc.2009.02.023	2009	10.1016/j.disc.2009.02.023	Counting Polycubes Without The Dimensionality Curse	Discrete Mathematics [issn:0012-365X issn:1872-681X openalex:S18902827 omid:br/064018703]	journal article
351	10.1016/j.comgeo.2004.09.002	2005	10.1016/j.comgeo.2004.09.002	Enumerating Pseudo-Triangulations In The Plane	Computational Geometry [issn:0925-7721 issn:1879-081X openalex:S165542689 omid:br/061018526]	journal article
352	10.1587/transinf.e93.d.1816	2010	10.1587/transinf.e93.d.1816	Random Generation And Enumeration Of Proper Interval Graphs	IEICE Transactions On Information And Systems [issn:0916-8532 issn:1745-1361 openalex:S2486202937 omid:br/068043574]	journal article
353	10.1080/00207160701639364	2009	10.1080/00207160701639364	Generating All Distributions Of Objects To Bins	International Journal Of Computer Mathematics [issn:0020-7160 issn:1029-0265 openalex:S124867444 omid:br/067021434]	journal article
354	10.1007/0-387-25592-3_3		10.1007/0-387-25592-3_3	Data Depth And Maximum Feasible Subsystems	Graph Theory And Combinatorial Optimization [isbn:0387255915 omid:br/061703313746]	book chapter
355	10.1109/globecom52923.2024.10901182	2024	10.1109/globecom52923.2024.10901182	Optimal Configuration Of Reconfigurable Intelligent Surfaces With Non-uniform Phase Quantization	GLOBECOM 2024 - 2024 IEEE Global Communications Conference [omid:br/0605929019]	proceedings article
356	10.1016/s0925-7721(01)00042-6	2002	10.1016/s0925-7721(01)00042-6	Sequences Of Spanning Trees And A Fixed Tree Theorem	Computational Geometry [issn:0925-7721 issn:1879-081X openalex:S165542689 omid:br/061018526]	journal article
357	10.1115/1.4005580	2012	10.1115/1.4005580	Multiobjective Hybrid Optimization–Antioptimization For Force Design Of Tensegrity Structures	Journal Of Applied Mechanics [issn:0021-8936 issn:1528-9036 openalex:S124014869 omid:br/064020664]	journal article
358	10.1016/j.comgeo.2014.12.006	2015	10.1016/j.comgeo.2014.12.006	Counting Triangulations And Other Crossing-Free Structures Approximately	Computational Geometry [issn:0925-7721 issn:1879-081X openalex:S165542689 omid:br/061018526]	journal article
359	10.1007/s00453-017-0289-1	2017	10.1007/s00453-017-0289-1	Output-Polynomial Enumeration On Graphs Of Bounded (Local) Linear MIM-Width	Algorithmica [issn:0178-4617 issn:1432-0541 openalex:S89324355 omid:br/065055465]	journal article
360	10.1007/s00778-019-00540-5	2019	10.1007/s00778-019-00540-5	Incremental Maintenance Of Maximal Cliques In A Dynamic Graph	The VLDB Journal [issn:0949-877X issn:1066-8888 openalex:S78926909 omid:br/061801408427]	journal article
361	10.22331/q-2020-03-26-247	2020	10.22331/q-2020-03-26-247	Two-Qubit Circuit Depth And The Monodromy Polytope	Quantum [doi:10.22331/q issn:2521-327X openalex:S4210226432 omid:br/06902023209]	journal article
362	10.1109/icde65448.2025.00051	2025	10.1109/icde65448.2025.00051	Maximal Clique Enumeration With Hybrid Branching And Early Termination	2025 IEEE 41St International Conference On Data Engineering (ICDE) [omid:br/0609114317]	proceedings article
363	10.1007/978-3-030-30786-8_10	2019	10.1007/978-3-030-30786-8_10	Flip Distances Between Graph Orientations	Graph-Theoretic Concepts In Computer Science [isbn:9783030307851 isbn:9783030307868 omid:br/06802462082]	book chapter
364	10.2139/ssrn.4150167	2022	10.2139/ssrn.4150167	Algorithms With Improved Delay For Enumerating Connected Induced Subgraphs Of A Large Cardinality	SSRN Electronic Journal [issn:1556-5068 openalex:S4210172589 omid:br/061205167]	journal article
365	10.1016/j.automatica.2007.11.027	2008	10.1016/j.automatica.2007.11.027	Optimal Complexity Reduction Of Polyhedral Piecewise Affine Systems	Automatica [issn:0005-1098 openalex:S51360982 omid:br/068064894]	journal article
366	10.1016/j.ijnonlinmec.2008.12.010	2009	10.1016/j.ijnonlinmec.2008.12.010	Imperfection Sensitivity Of Degenerate Hilltop Branching Points	Journal Of The Korean Solar Energy Society [issn:1598-6411 issn:2508-3562 openalex:S4210221726 omid:br/062502044169]	journal article
367	10.1007/3-540-45627-9_16	2001	10.1007/3-540-45627-9_16	How To Employ Reverse Search In Distributed Single Source Shortest Paths	SOFSEM 2001: Theory And Practice Of Informatics [doi:10.1007/3-540-45627-9 isbn:9783540429128 isbn:9783540456278 openalex:W2502614759 omid:br/062061566]	book chapter
368	10.1093/bioinformatics/btp080	2009	10.1093/bioinformatics/btp080	Enumeration Of Condition-Dependent Dense Modules In Protein Interaction Networks	Bioinformatics [issn:1367-4803 issn:1367-4811 issn:1460-2059 omid:br/0626019667]	journal article
369	10.1016/j.dam.2024.10.004	2025	10.1016/j.dam.2024.10.004	Polynomial Delay Hybrid Algorithms To Enumerate Candidate Keys For A Relation	Discrete Applied Mathematics [issn:0166-218X openalex:S171741597 omid:br/062204127]	journal article
370	10.1007/s11222-024-10527-0	2024	10.1007/s11222-024-10527-0	The Polytope Of Optimal Approximate Designs: Extending The Selection Of Informative Experiments	Statistics And Computing [issn:0960-3174 issn:1573-1375 openalex:S5437875 omid:br/0614020627]	journal article
371	10.1109/robot.1999.770037		10.1109/robot.1999.770037	A Simple Characterization Of The Infinitesimal Motions Separating General Polyhedra In Contact	Proceedings 1999 IEEE International Conference On Robotics And Automation (Cat. No.99CH36288C) [omid:br/06503826162]	proceedings article
372	10.1007/s10878-008-9151-3	2008	10.1007/s10878-008-9151-3	Computing Monotone Disjoint Paths On Polytopes	Journal Of Combinatorial Optimization [issn:1382-6905 issn:1573-2886 openalex:S107925523 omid:br/0618054730]	journal article
373	10.1109/tcomm.2014.012414.130439	2014	10.1109/tcomm.2014.012414.130439	Fixed-Rank Rayleigh Quotient Maximization By An MPSK Sequence	IEEE Transactions On Communications [doi:10.1109/tcomm.26 issn:0090-6778 issn:1558-0857 openalex:S196647941 omid:br/0612029994]	journal article
374	10.1186/s12859-019-2837-y	2019	10.1186/s12859-019-2837-y	A Linear Delay Algorithm For Enumerating All Connected Induced Subgraphs	BMC Bioinformatics [issn:1471-2105 openalex:S19032547 omid:br/0621032713]	journal article
375	10.1016/j.comgeo.2008.03.005	2009	10.1016/j.comgeo.2008.03.005	Transforming Spanning Trees: A Lower Bound	Computational Geometry [issn:0925-7721 issn:1879-081X openalex:S165542689 omid:br/061018526]	journal article
376	10.1007/bf01944353	1996	10.1007/bf01944353	Generating Rooted Triangulations Without Repetitions	Algorithmica [issn:0178-4617 issn:1432-0541 openalex:S89324355 omid:br/065055465]	journal article
377	10.1145/3654938	2024	10.1145/3654938	Efficient Maximal Biplex Enumerations With Improved Worst-Case Time Guarantee	Proceedings Of The ACM On Management Of Data [issn:2836-6573 openalex:S4387289859 omid:br/0645087171]	journal article
378	10.1145/3585535	2022	10.1145/3585535	Chains, Koch Chains, And Point Sets With Many Triangulations		journal article
379	10.1016/j.cor.2011.02.020	2011	10.1016/j.cor.2011.02.020	Optimal Solutions For The Balanced Minimum Evolution Problem	Computers & Operations Research [issn:0305-0548 issn:1873-765X openalex:S173256270 omid:br/061502905]	journal article
380	10.1080/10556780701521670	2008	10.1080/10556780701521670	Pattern Search In The Presence Of Degenerate Linear Constraints	Optimization Methods And Software [issn:1026-7670 issn:1029-4937 issn:1055-6788 openalex:S103047102 omid:br/069031421]	journal article
381	10.1587/transfun.2022dmp0007	2023	10.1587/transfun.2022dmp0007	Enumerating Empty And Surrounding Polygons	IEICE Transactions On Fundamentals Of Electronics, Communications And Computer Sciences [issn:0916-8508 issn:1745-1337 openalex:S166990724 omid:br/068043560]	journal article
382	10.1016/j.cor.2006.09.016	2008	10.1016/j.cor.2006.09.016	Methodology For Competitive Strategy Development	Computers & Operations Research [issn:0305-0548 issn:1873-765X openalex:S173256270 omid:br/061502905]	journal article
383	10.1360/ssi-2021-0155	2022	10.1360/ssi-2021-0155	Maximal Clique Enumeration Problem On Graphs: Status And Challenges	SCIENTIA SINICA Informationis [issn:1674-7267 openalex:S4210201508 omid:br/06302443466]	journal article
384	10.1007/s10618-012-0284-8	2012	10.1007/s10618-012-0284-8	Closed And Noise-Tolerant Patterns In N-Ary Relations	Data Mining And Knowledge Discovery [issn:1384-5810 issn:1573-756X openalex:S121920818 omid:br/06603299212]	journal article
385	10.1287/moor.1100.0472	2010	10.1287/moor.1100.0472	Duality Gap Estimation Of Linear Equality Constrained Binary Quadratic Programming	Mathematics Of Operations Research [issn:0364-765X issn:1526-5471 openalex:S55826652 omid:br/0622052266]	journal article
386	10.1016/j.dam.2024.05.030	2024	10.1016/j.dam.2024.05.030	Polynomial-delay Generation Of Functional Digraphs Up To Isomorphism	Discrete Applied Mathematics [issn:0166-218X openalex:S171741597 omid:br/062204127]	journal article
387	10.1109/icdm.2008.38	2008	10.1109/icdm.2008.38	Frequent Subgraph Retrieval In Geometric Graph Databases	2008 Eighth IEEE International Conference On Data Mining [omid:br/062303216973]	proceedings article
388	10.1145/2975167.2985693	2016	10.1145/2975167.2985693	A Multithreaded Algorithm For Mining Maximal Cohesive Dense Modules From Interaction Networks With Gene Profiles	Proceedings Of The 7Th ACM International Conference On Bioinformatics, Computational Biology, And Health Informatics [omid:br/06602883826]	proceedings article
389	10.1016/j.jcss.2024.103548	2024	10.1016/j.jcss.2024.103548	On Computing Large Temporal (Unilateral) Connected Components	Journal Of Computer And System Sciences [issn:0022-0000 issn:1090-2724 openalex:S141020589 omid:br/0626061413]	journal article
390	10.1093/comnet/cnx005	2017	10.1093/comnet/cnx005	Evaluating Balance On Social Networks From Their Simple Cycles	Journal Of Complex Networks [issn:2051-1310 issn:2051-1329 openalex:S2531583244 omid:br/06903051745]	journal article
391	10.1016/j.tcs.2023.113963	2023	10.1016/j.tcs.2023.113963	Polynomial-delay Enumeration Algorithms In Set Systems	Theoretical Computer Science [issn:0304-3975 openalex:S90727058 omid:br/068018067]	journal article
392	10.1007/978-3-319-94776-1_7	2018	10.1007/978-3-319-94776-1_7	More Routes For Evacuation	Lecture Notes In Computer Science [isbn:9783319947754 isbn:9783319947761 omid:br/062102160592]	book chapter
393	10.1109/access.2019.2928309	2019	10.1109/access.2019.2928309	Efficient Throughput Analysis Of Production Lines Based On Modular Queues	Eğitim Ve Yeni Yaklaşımlar Dergisi [issn:2667-5560 openalex:S4210200673 omid:br/06901665362]	journal article
394	10.1007/978-3-540-73545-8_25		10.1007/978-3-540-73545-8_25	Enumerating Constrained Non-crossing Geometric Spanning Trees	Lecture Notes In Computer Science [doi:10.1007/978-3-540-73545-8 isbn:9783540735441 isbn:9783540735458 openalex:W3144493379 omid:br/0622059480]	book chapter
395	10.1007/978-3-032-03028-3_1	2025	10.1007/978-3-032-03028-3_1	A Subjective Pattern Mining Literature Survey	Lecture Notes In Computer Science [isbn:9783032030276 isbn:9783032030283 omid:br/06010315397]	book chapter
396	10.1007/s10898-014-0263-2	2015	10.1007/s10898-014-0263-2	A Polynomial Case Of Convex Integer Quadratic Programming Problems With Box Integer Constraints	Journal Of Global Optimization [issn:0925-5001 issn:1573-2916 openalex:S115925768 omid:br/061018460]	journal article
397	10.1007/s10107-024-02079-y	2024	10.1007/s10107-024-02079-y	A Normal Fan Projection Algorithm For Low-Rank Optimization	Mathematical Programming [issn:0025-5610 issn:1436-4646 openalex:S193920097 omid:br/061304134]	journal article
398	10.1109/icassp.2008.4518425	2008	10.1109/icassp.2008.4518425	Efficient Computation Of The Binary Vector That Maximizes A Rank-Deficient Quadratic Form	2008 IEEE International Conference On Acoustics, Speech And Signal Processing [omid:br/061803237503]	proceedings article
399	10.1007/s10957-008-9384-4	2008	10.1007/s10957-008-9384-4	On Polyhedral Projection And Parametric Programming	Journal Of Optimization Theory And Applications [issn:0022-3239 issn:1573-2878 openalex:S52430896 omid:br/0618033284]	journal article
400	10.1007/3-540-36580-x_18	2003	10.1007/3-540-36580-x_18	Efficient Mode Enumeration Of Compositional Hybrid Systems	Hybrid Systems: Computation And Control [doi:10.1007/3-540-36580-x isbn:9783540009139 isbn:9783540365808 openalex:W2473612013 omid:br/0623068312]	book chapter
401	10.2139/ssrn.4872823	2024	10.2139/ssrn.4872823	A First Efficient Algorithm For Enumerating All The Extreme Points Of A Bisubmodular Polyhedron		web content
402	10.1007/978-3-030-10801-4_22	2019	10.1007/978-3-030-10801-4_22	Enumerating Connected Induced Subgraphs: Improved Delay And Experimental Comparison	SOFSEM 2019: Theory And Practice Of Computer Science [doi:10.1007/978-3-030-10801-4 isbn:9783030108007 isbn:9783030108014 openalex:W2661815926 omid:br/069065816]	book chapter
403	10.1007/978-3-642-13119-6_40	2010	10.1007/978-3-642-13119-6_40	A Step-by-Step Extending Parallelism Approach For Enumeration Of Combinatorial Objects	Algorithms And Architectures For Parallel Processing [doi:10.1007/978-3-642-13119-6 isbn:9783642131189 isbn:9783642131196 openalex:W4301901980 omid:br/064061565]	book chapter
404	10.4230/lipics.mfcs.2020.60	2020	10.4230/lipics.mfcs.2020.60	Efficient Enumerations For Minimal Multicuts And Multiway Cuts	LIPIcs : Leibniz International Proceedings In Informatics [issn:1868-8969 openalex:S4393917817 omid:br/060182]	report
405	10.1016/j.disc.2020.111929	2020	10.1016/j.disc.2020.111929	Transition Operations Over Plane Trees	Discrete Mathematics [issn:0012-365X issn:1872-681X openalex:S18902827 omid:br/064018703]	journal article
406	10.1007/978-3-642-27848-8_731-1	2014	10.1007/978-3-642-27848-8_731-1	Reverse Search; Enumeration Algorithms	Encyclopedia Of Algorithms [doi:10.1007/978-3-642-27848-8 isbn:9783642278488 openalex:W2553682957 omid:br/062502632668]	book chapter
407	10.1016/j.comgeo.2018.02.002	2018	10.1016/j.comgeo.2018.02.002	Reconstruction Of The Path Graph	Computational Geometry [issn:0925-7721 issn:1879-081X openalex:S165542689 omid:br/061018526]	journal article
408	10.1109/robot.2005.1570671		10.1109/robot.2005.1570671	A New Formalism To Characterize Contact States Involving Articulated Polyhedral Objects	Proceedings Of The 2005 IEEE International Conference On Robotics And Automation [omid:br/06403767566]	proceedings article
409	10.1007/978-3-642-34191-5_11	2012	10.1007/978-3-642-34191-5_11	Notes On The Twisted Graph	Computational Geometry [doi:10.1007/978-3-642-34191-5 isbn:9783642341908 isbn:9783642341915 openalex:W4297631409 omid:br/0613055085]	book chapter
410	10.1016/j.automatica.2011.06.017	2011	10.1016/j.automatica.2011.06.017	Reachability Determination In Acyclic Petri Nets By Cell Enumeration Approach	Automatica [issn:0005-1098 openalex:S51360982 omid:br/068064894]	journal article
411	10.1016/j.cor.2025.107140	2025	10.1016/j.cor.2025.107140	A Greedy Hypervolume Polychotomic Scheme For Multiobjective Combinatorial Optimization	Computers & Operations Research [issn:0305-0548 openalex:S173256270 omid:br/0606322678]	journal article
412	10.1016/j.ejor.2011.10.034	2012	10.1016/j.ejor.2011.10.034	Improved Estimation Of Duality Gap In Binary Quadratic Programming Using A Weighted Distance Measure	European Journal Of Operational Research [issn:0377-2217 openalex:S103321696 omid:br/06704045]	journal article
413	10.11540/jsiamt.17.4_363	2007	10.11540/jsiamt.17.4_363	4連結極大平面グラフの列挙(理論)	日本応用数理学会論文誌 [issn:2424-0982 jid:jsiamt omid:br/0604003555]	journal article
414	10.1007/s10878-025-01339-7	2025	10.1007/s10878-025-01339-7	Bivalent Quadratic Optimization With Sum-Of-Square Of Quadratic Penalties	Journal Of Combinatorial Optimization [issn:1382-6905 issn:1573-2886 openalex:S107925523 omid:br/0618054730]	journal article
415	10.1109/cdc.2003.1272949		10.1109/cdc.2003.1272949	CLF-based Nonlinear Control With Polytopic Input Constraints	42Nd IEEE International Conference On Decision And Control (IEEE Cat. No.03CH37475) [omid:br/061203372650]	proceedings article
416	10.1109/tac.2021.3065010	2021	10.1109/tac.2021.3065010	Escort Function Definitions For Feasible Region Flexibility In Applications Of Replicatorlike Dynamics With Constraints	IEEE Transactions On Automatic Control [doi:10.1109/tac.9 issn:0018-9286 issn:1558-2523 issn:2334-3303 openalex:S184954342 omid:br/0618038962]	journal article
417	10.1007/978-0-85729-811-9_14	2011	10.1007/978-0-85729-811-9_14	A Framework For n-Dimensional Visibility Computations	Guide To Geometric Algebra In Practice [doi:10.1007/978-0-85729-811-9 isbn:9780857298102 isbn:9780857298119 openalex:W1879706276 omid:br/0615059144]	book chapter
418	10.1109/tpwrs.2017.2724030	2018	10.1109/tpwrs.2017.2724030	On The Network Topology Dependent Solution Count Of The Algebraic Load Flow Equations	IEEE Transactions On Power Systems [doi:10.1109/tpwrs.59 issn:0885-8950 issn:1558-0679 openalex:S201921491 omid:br/0616040206]	journal article
419	10.1007/978-3-540-45193-8_86	2003	10.1007/978-3-540-45193-8_86	Scene Reconstruction Based On Constraints: Details On The Equation System Decomposition	Principles And Practice Of Constraint Programming – CP 2003 [doi:10.1007/b13743 isbn:9783540202028 isbn:9783540451938 openalex:W2497660909 omid:br/0618060437]	book chapter
420	10.1016/j.ipl.2021.106116	2021	10.1016/j.ipl.2021.106116	Reconstruction Of The Crossing Type Of A Point Set From The Compatible Exchange Graph Of Noncrossing Spanning Trees	Information Processing Letters [issn:0020-0190 issn:1872-6119 openalex:S147953040 omid:br/066022660]	journal article
421	10.1103/physrevlett.134.058204	2025	10.1103/physrevlett.134.058204	Accessing Semiaddressable Self-Assembly With Efficient Structure Enumeration	Physical Review Letters [issn:0031-9007 issn:1079-7114 openalex:S24807848 omid:br/063044243]	journal article
422	10.1016/j.comgeo.2005.07.005	2007	10.1016/j.comgeo.2005.07.005	Abstract Order Type Extension And New Results On The Rectilinear Crossing Number	Computational Geometry [issn:0925-7721 issn:1879-081X openalex:S165542689 omid:br/061018526]	journal article
423	10.1016/j.dam.2009.04.019	2009	10.1016/j.dam.2009.04.019	Enumerating Edge-Constrained Triangulations And Edge-Constrained Non-Crossing Geometric Spanning Trees	Discrete Applied Mathematics [issn:0166-218X openalex:S171741597 omid:br/062204127]	journal article
424	10.1109/cec55065.2022.9870344	2022	10.1109/cec55065.2022.9870344	Learning Obstacle-Avoiding Lattice Paths Using Swarm Heuristics: Exploring The Bijection To Ordered Trees	2022 IEEE Congress On Evolutionary Computation (CEC) [omid:br/061803474875]	proceedings article
425	10.1112/s0025579312000101	2012	10.1112/s0025579312000101	Intermediate Sums On Polyhedra: Computation And Real Ehrhart Theory	Mathematika [issn:0025-5793 issn:2041-7942 openalex:S87963603 omid:br/062505166]	journal article
426	10.2478/v10048-011-0007-0	2011	10.2478/v10048-011-0007-0	On The Possibilistic Approach To Linear Regression With Rounded Or Interval-Censored Data	Measurement Science Review [issn:1335-8871 openalex:S92536015 omid:br/06401645118]	journal article
427	10.1007/978-3-319-67428-5_13	2017	10.1007/978-3-319-67428-5_13	Listing Maximal Independent Sets With Minimal Space And Bounded Delay	String Processing And Information Retrieval [isbn:9783319674278 isbn:9783319674285 omid:br/06902243306]	book chapter
428	10.1016/j.ejor.2015.02.019	2015	10.1016/j.ejor.2015.02.019	A Branch-Price-And-Cut Algorithm For The Minimum Evolution Problem	European Journal Of Operational Research [issn:0377-2217 openalex:S103321696 omid:br/06704045]	journal article
429	10.1109/grc.2011.6122653	2011	10.1109/grc.2011.6122653	Efficient Construction And Usefulness Of Hyper-Rectangle Greedy Covers	2011 IEEE International Conference On Granular Computing [omid:br/062502986579]	proceedings article
430	10.1007/s10589-015-9739-3	2015	10.1007/s10589-015-9739-3	An Improved Test Set Approach To Nonlinear Integer Problems With Applications To Engineering Design	Computational Optimization And Applications [issn:0926-6003 issn:1573-2894 openalex:S39243548 omid:br/061064176]	journal article
431	10.57717/cgt.v5i3.93	2026	10.57717/cgt.v5i3.93	A Linear Time Algorithm For Finding Minimum Flip Sequences Between Plane Spanning Paths In Convex Point Sets		preprint
432	10.61091/jcmcc128-07	2025	10.61091/jcmcc128-07	Cut Vertex And Unicyclic Graphs With The Maximum Number Of Connected Induced Subgraphs	Journal Of Combinatorial Mathematics And Combinatorial Computing [omid:br/06029838002]	journal article
433	10.1007/978-3-319-71150-8_3	2017	10.1007/978-3-319-71150-8_3	Floorplans With Columns	Combinatorial Optimization And Applications [doi:10.1007/978-3-319-71150-8 isbn:9783319711492 isbn:9783319711508 openalex:W4297851030 omid:br/0611064603]	book chapter
434	10.1007/s42973-024-00165-6	2024	10.1007/s42973-024-00165-6	Bandit Algorithms For Policy Learning: Methods, Implementation, And Welfare-Performance	The Japanese Economic Review [issn:1352-4739 issn:1468-5876 openalex:S41930762 omid:br/061703134978]	journal article
435	10.1007/978-3-642-38527-8_19	2013	10.1007/978-3-642-38527-8_19	Telling Stories Fast	Experimental Algorithms [doi:10.1007/978-3-642-38527-8 isbn:9783642385261 isbn:9783642385278 openalex:W2596701433 omid:br/0613054953]	book chapter
436	10.1109/icdmw.2008.25	2008	10.1109/icdmw.2008.25	Mining Correlated Pairs Of Patterns In Multidimensional Structured Databases	2008 IEEE International Conference On Data Mining Workshops [omid:br/062303219285]	proceedings article
437	10.1137/20m1375048	2022	10.1137/20m1375048	Proximity Search For Maximal Subgraph Enumeration	SIAM Journal On Computing [issn:0097-5397 issn:1095-7111 openalex:S153560523 omid:br/066065595]	journal article
438	10.1080/00207170903159285	2010	10.1080/00207170903159285	Efficient Mode Enumeration Of Compositional Hybrid Systems	International Journal Of Control [issn:0020-7179 issn:1366-5820 openalex:S88061139 omid:br/0614038183]	journal article
439	10.1006/jagm.1997.0898	1998	10.1006/jagm.1997.0898	Isomorph-Free Exhaustive Generation	Journal Of Algorithms [issn:0196-6774 openalex:S110520077 omid:br/0623058189]	journal article
440	10.1007/s00454-015-9672-3	2015	10.1007/s00454-015-9672-3	Counting Triangulations And Other Crossing-Free Structures Via Onion Layers	Discrete & Computational Geometry [issn:0179-5376 issn:1432-0444 openalex:S103671469 omid:br/0612023295]	journal article
441	10.1145/3696410.3714730	2025	10.1145/3696410.3714730	Counting Cohesive Subgraphs With Hereditary Properties	Proceedings Of The ACM On Web Conference 2025 [omid:br/0609207044]	proceedings article
442	10.1016/j.jcss.2008.04.003	2008	10.1016/j.jcss.2008.04.003	Generating All Maximal Induced Subgraphs For Hereditary And Connected-Hereditary Graph Properties	Journal Of Computer And System Sciences [issn:0022-0000 issn:1090-2724 openalex:S141020589 omid:br/0626061413]	journal article
443	10.1016/j.comgeo.2008.04.001	2009	10.1016/j.comgeo.2008.04.001	Flips In Planar Graphs	Computational Geometry [issn:0925-7721 issn:1879-081X openalex:S165542689 omid:br/061018526]	journal article
444	10.1016/j.ic.2025.105282	2025	10.1016/j.ic.2025.105282	Polynomial-delay Enumeration Of Large Maximal Common Independent Sets In Two Matroids And Beyond	Information And Computation [issn:0890-5401 issn:1090-2651 openalex:S59933527 omid:br/063032682]	journal article
445	10.1016/j.arcontrol.2025.100992	2025	10.1016/j.arcontrol.2025.100992	Polyhedral Control Design: Theory And Methods	Annual Reviews In Control [issn:1367-5788 openalex:S54761077 omid:br/0650574020]	journal article
446	10.1007/s00158-008-0258-z	2008	10.1007/s00158-008-0258-z	Enumeration Of Optimal Pin-Jointed Bistable Compliant Mechanisms With Non-Crossing Members	Structural And Multidisciplinary Optimization [issn:0934-4373 issn:1615-147X issn:1615-1488 omid:br/061041537]	journal article
447	10.1080/01605682.2019.1590132	2019	10.1080/01605682.2019.1590132	A Parametric Programming Approach To Bilevel Optimisation With Lower-Level Variables In The Upper Level	Journal Of The Operational Research Society [issn:0160-5682 issn:1476-9360 openalex:S169988927 omid:br/0612042650]	journal article
448	10.1142/s0129054102001102	2002	10.1142/s0129054102001102	On Flips In Polyhedral Surfaces	International Journal Of Foundations Of Computer Science [issn:0129-0541 issn:1793-6373 openalex:S68047077 omid:br/0614042578]	journal article
449	10.1007/s12532-017-0129-y	2017	10.1007/s12532-017-0129-y	Mplrs: A Scalable Parallel Vertex/Facet Enumeration Code	Mathematical Programming Computation [issn:1867-2949 issn:1867-2957 openalex:S173077093 omid:br/064208713]	journal article
450	10.1016/j.riai.2011.06.005	2011	10.1016/j.riai.2011.06.005	Solución Explícita Al Control Predictivo De Sistemas Lineales Sujetos A Restricciones No Convexas	Revista Iberoamericana De Automática E Informática Industrial [issn:1697-7912 issn:1697-7920 openalex:S187116759 omid:br/06501237671]	journal article
451	10.1007/978-3-642-01307-2_18	2009	10.1007/978-3-642-01307-2_18	A Polynomial-Delay Polynomial-Space Algorithm For Extracting Frequent Diamond Episodes From Event Sequences	Advances In Knowledge Discovery And Data Mining [doi:10.1007/978-3-642-01307-2 isbn:9783642013065 isbn:9783642013072 openalex:W2590806298 omid:br/067063742]	book chapter
452	10.1016/j.cag.2012.04.008	2012	10.1016/j.cag.2012.04.008	Analytic Ambient Occlusion Using Exact From-Polygon Visibility	Computers & Graphics [issn:0097-8493 openalex:S94821547 omid:br/0624036012]	journal article
453	10.1016/j.tcs.2021.11.005	2022	10.1016/j.tcs.2021.11.005	On The Overall And Delay Complexity Of The CLIQUES And Bron-Kerbosch Algorithms	Theoretical Computer Science [issn:0304-3975 openalex:S90727058 omid:br/068018067]	journal article
454	10.1007/978-1-4939-2864-4_735	2016	10.1007/978-1-4939-2864-4_735	Permutation Enumeration	Encyclopedia Of Algorithms [omid:br/061702313852]	book chapter
455	10.1109/icdmw.2011.55	2011	10.1109/icdmw.2011.55	Correlation And Contrast Link Formation Patterns In A Time Evolving Graph	2011 IEEE 11Th International Conference On Data Mining Workshops [omid:br/061103010416]	proceedings article
456	10.1016/j.tcs.2011.01.017	2012	10.1016/j.tcs.2011.01.017	Efficient Enumeration Of Ordered Trees With K Leaves	Theoretical Computer Science [issn:0304-3975 openalex:S90727058 omid:br/068018067]	journal article
457	10.1145/3097983.3098031	2017	10.1145/3097983.3098031	Fast Enumeration Of Large k-Plexes	Proceedings Of The 23Rd ACM SIGKDD International Conference On Knowledge Discovery And Data Mining [omid:br/062302368782]	proceedings article
458	10.1109/jproc.2021.3065238	2021	10.1109/jproc.2021.3065238	Tropical Geometry And Machine Learning	Proceedings Of The IEEE [doi:10.1109/proc.5 issn:0018-9219 issn:1558-2256 openalex:S68686220 omid:br/0621012439]	journal article
459	10.1007/3-540-44411-4_2	2000	10.1007/3-540-44411-4_2	Exhaustive Search, Combinatorial Optimization And Enumeration: Exploring The Potential Of Raw Computing Power	SOFSEM 2000: Theory And Practice Of Informatics [doi:10.1007/3-540-44411-4 isbn:9783540413486 isbn:9783540444114 openalex:W4301344506 omid:br/0614054782]	book chapter
460	10.1142/s0129054120500069	2020	10.1142/s0129054120500069	Improved Hardness Of Maximum Common Subgraph Problems On Labeled Graphs Of Bounded Treewidth And Bounded Degree	International Journal Of Foundations Of Computer Science [issn:0129-0541 issn:1793-6373 openalex:S68047077 omid:br/0614042578]	journal article
461	10.1007/s10957-012-0022-9	2012	10.1007/s10957-012-0022-9	Enhancements On The Hyperplanes Arrangements In Mixed-Integer Programming Techniques	Journal Of Optimization Theory And Applications [issn:0022-3239 issn:1573-2878 openalex:S52430896 omid:br/0618033284]	journal article
462	10.1016/j.tcs.2022.04.048	2022	10.1016/j.tcs.2022.04.048	Constant Amortized Time Enumeration Of Eulerian Trails	Theoretical Computer Science [issn:0304-3975 openalex:S90727058 omid:br/068018067]	journal article
463	10.1016/s0925-7721(00)00029-8	2001	10.1016/s0925-7721(00)00029-8	Enumerating The K Best Plane Spanning Trees	Computational Geometry [issn:0925-7721 issn:1879-081X openalex:S165542689 omid:br/061018526]	journal article
464	10.1007/978-3-540-78197-4_29	2008	10.1007/978-3-540-78197-4_29	Mining Maximal Flexible Patterns In A Sequence	New Frontiers In Artificial Intelligence [doi:10.1007/978-3-540-78197-4 isbn:9783540781967 isbn:9783540781974 openalex:W4301321053 omid:br/0612061642]	book chapter
465	10.1016/j.amc.2013.08.089	2013	10.1016/j.amc.2013.08.089	Efficient Computation Of Trees With Minimal Atom-Bond Connectivity Index	Applied Mathematics And Computation [issn:0096-3003 openalex:S50372074 omid:br/065061670]	journal article
466	10.2197/ipsjjip.32.894	2024	10.2197/ipsjjip.32.894	Comparison Of Algorithms And Implementations For Enumerating Support-closed Connected Induced Subgraphs	Journal Of Information Processing [issn:1882-6652 openalex:S4210239267 omid:br/06503070685]	journal article
467	10.1109/tit.2010.2048450	2010	10.1109/tit.2010.2048450	Efficient Computation Of The Binary Vector That Maximizes A Rank-Deficient Quadratic Form	IEEE Transactions On Information Theory [doi:10.1109/tit.18 issn:0018-9448 issn:1557-9654 openalex:S4502562 omid:br/064032953]	journal article
468	10.1287/ijoc.2024.0798	2025	10.1287/ijoc.2024.0798	The Parallel Epsilon Algorithm For Triobjective Integer Optimization Problems	INFORMS Journal On Computing [issn:1091-9856 issn:1526-5528 omid:br/06016375065]	journal article
469	10.1007/978-3-030-04651-4_3	2018	10.1007/978-3-030-04651-4_3	An Efficient Algorithm For Enumerating Induced Subgraphs With Bounded Degeneracy	Combinatorial Optimization And Applications [doi:10.1007/978-3-030-04651-4 isbn:9783030046507 isbn:9783030046514 openalex:W4301254409 omid:br/069065847]	book chapter
470	10.1007/978-3-319-96418-8_31	2018	10.1007/978-3-319-96418-8_31	New Counts For The Number Of Triangulations Of Cyclic Polytopes	Mathematical Software – ICMS 2018 [doi:10.1007/978-3-319-96418-8 isbn:9783319964171 isbn:9783319964188 openalex:W4299512326 omid:br/0611064428]	book chapter
471	10.1007/978-3-540-25960-2_21	2004	10.1007/978-3-540-25960-2_21	More On A Binary-Encoded Coloring Formulation	Integer Programming And Combinatorial Optimization [doi:10.1007/b97946 isbn:9783540221135 isbn:9783540259602 openalex:W2484779063 omid:br/065058408]	book chapter
472	10.2514/6.2005-6282	2005	10.2514/6.2005-6282	An Input-to-State Stabilizing Control Lyapunov Function For Autonomous Guidance And Control	AIAA Guidance, Navigation, And Control Conference And Exhibit [omid:br/062502953295]	proceedings article
473	10.1007/s10994-010-5210-y	2010	10.1007/s10994-010-5210-y	Multi-way Set Enumeration In Weight Tensors	Machine Learning [issn:0885-6125 issn:1573-0565 openalex:S62148650 omid:br/0619068610]	journal article
474	10.1007/978-3-642-19391-0_3	2011	10.1007/978-3-642-19391-0_3	Counting Plane Graphs With Exponential Speed-Up	Lecture Notes In Computer Science [doi:10.1007/978-3-642-19391-0 isbn:9783642193903 isbn:9783642193910 openalex:W2503695081 omid:br/064061875]	book chapter
475	10.1016/j.entcs.2019.08.057	2019	10.1016/j.entcs.2019.08.057	FPT Algorithms To Enumerate And Count Acyclic And Totally Cyclic Orientations	Electronic Notes In Theoretical Computer Science [issn:1571-0661 openalex:S50368787 omid:br/069041036]	journal article
476	10.1016/j.tcs.2015.12.007	2016	10.1016/j.tcs.2015.12.007	Mining Preserving Structures In A Graph Sequence	Theoretical Computer Science [issn:0304-3975 openalex:S90727058 omid:br/068018067]	journal article
477	10.1109/cdc45484.2021.9682987	2021	10.1109/cdc45484.2021.9682987	Distributed Computation Of A Robust Estimator Based On Cauchy Noises	2021 60Th IEEE Conference On Decision And Control (CDC) [omid:br/062202288868]	proceedings article
478	10.1007/s11227-021-04259-5	2022	10.1007/s11227-021-04259-5	A Highly Optimized Skeleton For Unbalanced And Deep Divide-And-Conquer Algorithms On Multi-Core Clusters	The Journal Of Supercomputing [issn:0920-8542 issn:1573-0484 openalex:S32326811 omid:br/06507659]	journal article
479	10.1007/978-3-642-27848-8_726-1	2015	10.1007/978-3-642-27848-8_726-1	Tree Enumeration	Encyclopedia Of Algorithms [doi:10.1007/978-3-642-27848-8 isbn:9783642278488 openalex:W2553682957 omid:br/062502632668]	book chapter
480	10.1088/0031-8949/86/02/025006	2012	10.1088/0031-8949/86/02/025006	Scale-free Tree Graphs Are More Symmetrical	Physica Scripta [issn:0031-8949 issn:1402-4896 openalex:S59012888 omid:br/062041755]	journal article
481	10.1145/3689633	2024	10.1145/3689633	Combinatorial Generation Via Permutation Languages. IV. Elimination Trees	ACM Transactions On Algorithms [issn:1549-6325 issn:1549-6333 openalex:S137348503 omid:br/061202028768]	journal article
482	10.1007/978-3-030-61792-9_18	2020	10.1007/978-3-030-61792-9_18	Flips In Higher Order Delaunay Triangulations	LATIN 2020: Theoretical Informatics [isbn:9783030617912 isbn:9783030617929 omid:br/062401861293]	book chapter
483	10.1016/j.dam.2014.12.010	2016	10.1016/j.dam.2014.12.010	Enumerating Minimal Dominating Sets In Chordal Bipartite Graphs	Discrete Applied Mathematics [issn:0166-218X openalex:S171741597 omid:br/062204127]	journal article
484	10.1007/978-3-540-39644-4_6	2003	10.1007/978-3-540-39644-4_6	Discovering Frequent Substructures In Large Unordered Trees	Discovery Science [isbn:9783540202936 isbn:9783540396444 omid:br/062103037897]	book chapter
485	10.1137/050645828	2008	10.1137/050645828	Branch-and-Cut For The Maximum Feasible Subsystem Problem	SIAM Journal On Optimization [issn:1052-6234 issn:1095-7189 openalex:S928796702 omid:br/0615047597]	journal article
486	10.1093/bib/bbz094	2019	10.1093/bib/bbz094	Towards Scaling Elementary Flux Mode Computation	Briefings In Bioinformatics [issn:1467-5463 issn:1477-4054 openalex:S91767247 omid:br/0622022274]	journal article
487	10.1016/j.dam.2020.03.034	2021	10.1016/j.dam.2020.03.034	Algorithmic Enumeration Of Surrounding Polygons	Discrete Applied Mathematics [issn:0166-218X openalex:S171741597 omid:br/062204127]	journal article
488	10.1007/11946441_9	2006	10.1007/11946441_9	Forest Search: A Paradigm For Faster Exploration Of Scale-Free Networks	Parallel And Distributed Processing And Applications [doi:10.1007/11946441 isbn:9783540680673 isbn:9783540680703 openalex:W3150791890 omid:br/068065232]	book chapter
489	10.1016/j.jsc.2009.05.002	2009	10.1016/j.jsc.2009.05.002	Reverse Search For Monomial Ideals	Journal Of Symbolic Computation [issn:0747-7171 issn:1095-855X openalex:S18904315 omid:br/061901336]	journal article
490	10.1016/s0020-0190(00)00011-9	2000	10.1016/s0020-0190(00)00011-9	Estimating The Number Of Vertices Of A Polyhedron	Information Processing Letters [issn:0020-0190 issn:1872-6119 openalex:S147953040 omid:br/066022660]	journal article
491	10.1016/s0925-7721(01)00031-1	2001	10.1016/s0925-7721(01)00031-1	Enumerating Triangulation Paths	Computational Geometry [issn:0925-7721 issn:1879-081X openalex:S165542689 omid:br/061018526]	journal article
492	10.1109/bibm.2015.7359920	2015	10.1109/bibm.2015.7359920	Mining Maximal Subnetworks From Interaction Network With Node Attributes	2015 IEEE International Conference On Bioinformatics And Biomedicine (BIBM) [omid:br/06702906764]	proceedings article
493	10.1007/978-3-642-23719-5_24	2011	10.1007/978-3-642-23719-5_24	Output-Sensitive Listing Of Bounded-Size Trees In Undirected Graphs	Algorithms – ESA 2011 [doi:10.1007/978-3-642-23719-5 isbn:9783642237188 isbn:9783642237195 openalex:W2483265813 omid:br/0618059520]	book chapter
494	10.1137/1.9781611978322.77	2025	10.1137/1.9781611978322.77	Flipping Non-Crossing Spanning Trees	Proceedings Of The 2025 Annual ACM-SIAM Symposium On Discrete Algorithms (SODA) [omid:br/06023450676]	book
495	10.1007/s00453-020-00751-1	2020	10.1007/s00453-020-00751-1	Flip Distances Between Graph Orientations	Algorithmica [issn:0178-4617 issn:1432-0541 openalex:S89324355 omid:br/065055465]	journal article
496	10.1145/3514221.3517847	2022	10.1145/3514221.3517847	Efficient Algorithms For Maximal k-Biplex Enumeration	Proceedings Of The 2022 International Conference On Management Of Data [omid:br/061902544726]	proceedings article
497	10.1527/tjsai.23.514	2008	10.1527/tjsai.23.514	Discovery Of Mutually Correlated Subgraphs In Graph Databases	Transactions Of The Japanese Society For Artificial Intelligence [issn:1346-0714 issn:1346-8030 openalex:S68749858 omid:br/0625015520]	journal article
498	10.1007/s11083-013-9289-1	2013	10.1007/s11083-013-9289-1	Antimatroids And Balanced Pairs	Order [issn:0167-8094 issn:1572-9273 openalex:S121371512 omid:br/06302581]	journal article
499	10.1007/s00453-019-00552-1	2019	10.1007/s00453-019-00552-1	A General Purpose Algorithm For Counting Simple Cycles And Simple Paths Of Any Length	Algorithmica [issn:0178-4617 issn:1432-0541 openalex:S89324355 omid:br/065055465]	journal article
500	10.1023/a:1021231927255	2002	10.1023/a:1021231927255	Enumerating Order Types for Small Point Sets with Applications	Order	journal-article
501	10.1007/978-3-642-39206-1_41	2013	10.1007/978-3-642-39206-1_41	An Incremental Polynomial Time Algorithm To Enumerate All Minimal Edge Dominating Sets	Automata, Languages, And Programming [isbn:9783642392054 isbn:9783642392061 omid:br/06603105665]	book chapter
502	10.1145/3313276.3316402	2019	10.1145/3313276.3316402	New Polynomial Delay Bounds For Maximal Subgraph Enumeration By Proximity Search	Proceedings Of The 51St Annual ACM SIGACT Symposium On Theory Of Computing [omid:br/06402681861]	proceedings article
503	10.1145/3173127.3173138	2017	10.1145/3173127.3173138	Computational Geometry Column 66	ACM SIGACT News [issn:0163-5700 openalex:S4210206003 omid:br/06220909787]	journal article
504	10.1002/ecjb.20209	2005	10.1002/ecjb.20209	AnO(1) Time Algorithm For Generating Fibonacci Strings	FEMS Microbiology Ecology [issn:0168-6496 issn:1574-6941 openalex:S171282171 omid:br/0612056036]	journal article
505	10.1016/j.disc.2018.11.024	2019	10.1016/j.disc.2018.11.024	Efficient Counting Of Degree Sequences	Discrete Mathematics [issn:0012-365X issn:1872-681X openalex:S18902827 omid:br/064018703]	journal article
506	10.1007/978-3-642-27848-8_727-1	2015	10.1007/978-3-642-27848-8_727-1	Geometric Object Enumeration	Encyclopedia Of Algorithms [doi:10.1007/978-3-642-27848-8 isbn:9783642278488 openalex:W2553682957 omid:br/062502632668]	book chapter
507	10.1016/j.ipl.2007.05.009	2007	10.1016/j.ipl.2007.05.009	On Planar Path Transformation	Information Processing Letters [issn:0020-0190 issn:1872-6119 openalex:S147953040 omid:br/066022660]	journal article
508	10.1109/hipc.2018.00016	2018	10.1109/hipc.2018.00016	Shared-Memory Parallel Maximal Clique Enumeration	2018 IEEE 25Th International Conference On High Performance Computing (HiPC) [omid:br/06902330795]	proceedings article
509	10.1016/j.dam.2020.05.034	2021	10.1016/j.dam.2020.05.034	Efficiently Enumerating Minimal Triangulations	Discrete Applied Mathematics [issn:0166-218X openalex:S171741597 omid:br/062204127]	journal article
510	10.1007/978-3-319-19647-3_27	2015	10.1007/978-3-319-19647-3_27	Enumeration, Counting, And Random Generation Of Ladder Lotteries	Frontiers In Algorithmics [isbn:9783319196466 isbn:9783319196473 omid:br/06703019123]	book chapter
511	10.1016/j.comgeo.2021.101809	2022	10.1016/j.comgeo.2021.101809	A Linear Optimization Oracle For Zonotope Computation	Computational Geometry [issn:0925-7721 issn:1879-081X openalex:S165542689 omid:br/061018526]	journal article
512	10.1007/s00373-007-0709-0	2007	10.1007/s00373-007-0709-0	Enumerating Non-crossing Minimally Rigid Frameworks	Graphs And Combinatorics [issn:0911-0119 issn:1435-5914 openalex:S186126824 omid:br/0617021401]	journal article
513	10.1007/978-1-4939-2864-4_726	2016	10.1007/978-1-4939-2864-4_726	Tree Enumeration	Encyclopedia Of Algorithms [omid:br/061702314009]	book chapter
514	10.1142/s0129054123420054	2023	10.1142/s0129054123420054	Minimizing Maximum Unmet Demand By Transportations Between Adjacent Nodes Characterized By Supplies And Demands	International Journal Of Foundations Of Computer Science [issn:0129-0541 issn:1793-6373 openalex:S68047077 omid:br/0614042578]	journal article
515	10.1016/j.jmp.2016.09.002	2017	10.1016/j.jmp.2016.09.002	A Representation Of Antimatroids By Horn Rules And Its Application To Educational Systems	Journal Of Mathematical Psychology [issn:0022-2496 openalex:S126294776 omid:br/061704765]	journal article
516	10.1109/icassp.2008.4518201	2008	10.1109/icassp.2008.4518201	Polynomial-complexity Maximum-Likelihood Block Noncoherent MPSK Detection	2008 IEEE International Conference On Acoustics, Speech And Signal Processing [omid:br/061703250751]	proceedings article
517	10.1109/cdc45484.2021.9683256	2021	10.1109/cdc45484.2021.9683256	Observations On The Complexity Of The Explicit MPC	2021 60Th IEEE Conference On Decision And Control (CDC) [omid:br/061102310108]	proceedings article
518	10.1007/978-1-4939-2864-4_725	2016	10.1007/978-1-4939-2864-4_725	Clique Enumeration	Encyclopedia Of Algorithms [omid:br/061802298529]	book chapter
519	10.1016/j.cor.2017.12.006	2018	10.1016/j.cor.2017.12.006	Efficiently Enumerating All Maximal Cliques With Bit-Parallelism	Computers & Operations Research [issn:0305-0548 issn:1873-765X openalex:S173256270 omid:br/061502905]	journal article
520	10.1016/j.dam.2017.08.002	2018	10.1016/j.dam.2017.08.002	Efficient Enumeration Of Graph Orientations With Sources	Discrete Applied Mathematics [issn:0166-218X openalex:S171741597 omid:br/062204127]	journal article
521	10.1007/978-3-319-94776-1_28	2018	10.1007/978-3-319-94776-1_28	Finding Maximal Common Subgraphs Via Time-Space Efficient Reverse Search	Lecture Notes In Computer Science [isbn:9783319947754 isbn:9783319947761 omid:br/062102160592]	book chapter
522	10.1007/978-3-319-26995-5_2	2015	10.1007/978-3-319-26995-5_2	Non-convex Region Description By Hyperplane Arrangements	SpringerBriefs In Electrical And Computer Engineering [doi:10.1007/978-3-319-26995-5 isbn:9783319269931 isbn:9783319269955 openalex:W2491751791 omid:br/0614047768]	book chapter
